<?xml version="1.0"?>
<ASAP_Annotations>
	<Annotations>
		<Annotation Name="Annotation 0" Type="Polygon" PartOfGroup="metastases" Color="#F4FA58">
			<Coordinates>
				<Coordinate Order="0" X="84768.9" Y="49561" />
				<Coordinate Order="1" X="84837.6" Y="49582.2" />
				<Coordinate Order="2" X="84909.9" Y="49573.4" />
				<Coordinate Order="3" X="84982.2" Y="49589.3" />
				<Coordinate Order="4" X="85070.3" Y="49594.5" />
				<Coordinate Order="5" X="85147.9" Y="49608.6" />
				<Coordinate Order="6" X="85216.7" Y="49628" />
				<Coordinate Order="7" X="85296" Y="49645.7" />
				<Coordinate Order="8" X="85361.2" Y="49675.6" />
				<Coordinate Order="9" X="85442.3" Y="49691.5" />
				<Coordinate Order="10" X="85507.5" Y="49725" />
				<Coordinate Order="11" X="85576.3" Y="49755" />
				<Coordinate Order="12" X="85638" Y="49802.6" />
				<Coordinate Order="13" X="85708.5" Y="49804.3" />
				<Coordinate Order="14" X="85734.9" Y="49802.6" />
				<Coordinate Order="15" X="85770.2" Y="49867.8" />
				<Coordinate Order="16" X="85785.7" Y="49887.6" />
				<Coordinate Order="17" X="85809.1" Y="49956.1" />
				<Coordinate Order="18" X="85785.7" Y="50024.7" />
				<Coordinate Order="19" X="85729.8" Y="50071.6" />
				<Coordinate Order="20" X="85753.2" Y="50154.5" />
				<Coordinate Order="21" X="85711.7" Y="50187" />
				<Coordinate Order="22" X="85783.9" Y="50203.2" />
				<Coordinate Order="23" X="85818.1" Y="50197.8" />
				<Coordinate Order="24" X="85841.6" Y="50271.7" />
				<Coordinate Order="25" X="85911.9" Y="50331.3" />
				<Coordinate Order="26" X="85957" Y="50318.6" />
				<Coordinate Order="27" X="85980.5" Y="50387.2" />
				<Coordinate Order="28" X="85982.3" Y="50459.3" />
				<Coordinate Order="29" X="85973.2" Y="50506.2" />
				<Coordinate Order="30" X="85957" Y="50576.5" />
				<Coordinate Order="31" X="85939" Y="50646.9" />
				<Coordinate Order="32" X="85899.3" Y="50710" />
				<Coordinate Order="33" X="85871" Y="50733.7" />
				<Coordinate Order="34" X="85834" Y="50754.8" />
				<Coordinate Order="35" X="85791.6" Y="50763.3" />
				<Coordinate Order="36" X="85788.5" Y="50721" />
				<Coordinate Order="37" X="85781" Y="50678.7" />
				<Coordinate Order="38" X="85800.1" Y="50640.6" />
				<Coordinate Order="39" X="85784.2" Y="50641.6" />
				<Coordinate Order="40" X="85745.1" Y="50660.7" />
				<Coordinate Order="41" X="85713.3" Y="50690.3" />
				<Coordinate Order="42" X="85677.4" Y="50714.6" />
				<Coordinate Order="43" X="85660.4" Y="50750.6" />
				<Coordinate Order="44" X="85623.4" Y="50741.1" />
				<Coordinate Order="45" X="85612.8" Y="50783.4" />
				<Coordinate Order="46" X="85590.6" Y="50822.6" />
				<Coordinate Order="47" X="85555.7" Y="50846.9" />
				<Coordinate Order="48" X="85513.4" Y="50844.8" />
				<Coordinate Order="49" X="85470" Y="50843.7" />
				<Coordinate Order="50" X="85428.7" Y="50834.2" />
				<Coordinate Order="51" X="85385.3" Y="50827.8" />
				<Coordinate Order="52" X="85343" Y="50825.7" />
				<Coordinate Order="53" X="85303.8" Y="50808.8" />
				<Coordinate Order="54" X="85265.8" Y="50789.8" />
				<Coordinate Order="55" X="85233" Y="50761.2" />
				<Coordinate Order="56" X="85198" Y="50735.8" />
				<Coordinate Order="57" X="85173.7" Y="50700.9" />
				<Coordinate Order="58" X="85156.8" Y="50661.7" />
				<Coordinate Order="59" X="85119.7" Y="50640.6" />
				<Coordinate Order="60" X="85100.7" Y="50602.5" />
				<Coordinate Order="61" X="85062.6" Y="50582.4" />
				<Coordinate Order="62" X="85035.1" Y="50548.5" />
				<Coordinate Order="63" X="85024.5" Y="50507.2" />
				<Coordinate Order="64" X="85021.3" Y="50493.5" />
				<Coordinate Order="65" X="84998.1" Y="50461.7" />
				<Coordinate Order="66" X="84976.9" Y="50424.7" />
				<Coordinate Order="67" X="84947.3" Y="50388.7" />
				<Coordinate Order="68" X="84915.5" Y="50359.1" />
				<Coordinate Order="69" X="84883.8" Y="50329.5" />
				<Coordinate Order="70" X="84857.3" Y="50295.6" />
				<Coordinate Order="71" X="84834" Y="50259.6" />
				<Coordinate Order="72" X="84813.9" Y="50221.6" />
				<Coordinate Order="73" X="84786.4" Y="50188.8" />
				<Coordinate Order="74" X="84753.6" Y="50160.2" />
				<Coordinate Order="75" X="84717.7" Y="50136.9" />
				<Coordinate Order="76" X="84684.9" Y="50109.4" />
				<Coordinate Order="77" X="84658.4" Y="50075.5" />
				<Coordinate Order="78" X="84637.2" Y="50037.4" />
				<Coordinate Order="79" X="84605.3" Y="50022.9" />
				<Coordinate Order="80" X="84572.7" Y="49984.3" />
				<Coordinate Order="81" X="84540.1" Y="49942" />
				<Coordinate Order="82" X="84502.6" Y="49908.2" />
				<Coordinate Order="83" X="84459.2" Y="49885.2" />
				<Coordinate Order="84" X="84429" Y="49846.6" />
				<Coordinate Order="85" X="84408.4" Y="49801.9" />
				<Coordinate Order="86" X="84384.3" Y="49756" />
				<Coordinate Order="87" X="84369.8" Y="49704.1" />
				<Coordinate Order="88" X="84369.8" Y="49654.6" />
				<Coordinate Order="89" X="84401.2" Y="49617.1" />
				<Coordinate Order="90" X="84442.3" Y="49587" />
				<Coordinate Order="91" X="84485.7" Y="49564" />
				<Coordinate Order="92" X="84530.4" Y="49542.3" />
				<Coordinate Order="93" X="84572.7" Y="49516.9" />
				<Coordinate Order="94" X="84619.8" Y="49535" />
				<Coordinate Order="95" X="84668.1" Y="49536.2" />
				<Coordinate Order="96" X="84714" Y="49551.9" />
			</Coordinates>
		</Annotation>
		<Annotation Name="Annotation 1" Type="Polygon" PartOfGroup="metastases" Color="#F4FA58">
			<Coordinates>
				<Coordinate Order="0" X="85500.4" Y="51174.8" />
				<Coordinate Order="1" X="85475.7" Y="51131.5" />
				<Coordinate Order="2" X="85470.7" Y="51080.9" />
				<Coordinate Order="3" X="85485.6" Y="51031.5" />
				<Coordinate Order="4" X="85510.3" Y="50988.3" />
				<Coordinate Order="5" X="85542.4" Y="50950" />
				<Coordinate Order="6" X="85595.5" Y="50938.9" />
				<Coordinate Order="7" X="85635" Y="50972.2" />
				<Coordinate Order="8" X="85659.7" Y="51015.5" />
				<Coordinate Order="9" X="85686.8" Y="51058.7" />
				<Coordinate Order="10" X="85695.5" Y="51109.3" />
				<Coordinate Order="11" X="85710.3" Y="51157.5" />
				<Coordinate Order="12" X="85698" Y="51205.6" />
				<Coordinate Order="13" X="85675.7" Y="51253.8" />
				<Coordinate Order="14" X="85652.3" Y="51300.7" />
				<Coordinate Order="15" X="85677" Y="51343.9" />
				<Coordinate Order="16" X="85722.7" Y="51363.7" />
				<Coordinate Order="17" X="85728.8" Y="51413.1" />
				<Coordinate Order="18" X="85715.2" Y="51430.4" />
				<Coordinate Order="19" X="85665.9" Y="51435.3" />
				<Coordinate Order="20" X="85618.9" Y="51419.3" />
				<Coordinate Order="21" X="85575.7" Y="51394.6" />
				<Coordinate Order="22" X="85551" Y="51351.3" />
				<Coordinate Order="23" X="85536.2" Y="51303.2" />
				<Coordinate Order="24" X="85521.4" Y="51255" />
				<Coordinate Order="25" X="85497.9" Y="51210.6" />
			</Coordinates>
		</Annotation>
		<Annotation Name="Annotation 2" Type="Polygon" PartOfGroup="metastases" Color="#F4FA58">
			<Coordinates>
				<Coordinate Order="0" X="86007.9" Y="50236.5" />
				<Coordinate Order="1" X="86032.5" Y="50220.2" />
				<Coordinate Order="2" X="86078.2" Y="50226.6" />
				<Coordinate Order="3" X="86094.7" Y="50248.1" />
				<Coordinate Order="4" X="86117.5" Y="50278.6" />
				<Coordinate Order="5" X="86118.8" Y="50298.9" />
				<Coordinate Order="6" X="86080.7" Y="50303.9" />
				<Coordinate Order="7" X="86059.2" Y="50284.9" />
				<Coordinate Order="8" X="86038.9" Y="50277.3" />
				<Coordinate Order="9" X="86011" Y="50271" />
			</Coordinates>
		</Annotation>
	</Annotations>
	<AnnotationGroups>
		<Group Name="metastases" PartOfGroup="None" Color="#ff0000">
			<Attributes />
		</Group>
	</AnnotationGroups>
</ASAP_Annotations>
