<?xml version="1.0"?>
<ASAP_Annotations>
	<Annotations>
		<Annotation Name="Annotation 0" Type="Polygon" PartOfGroup="metastases" Color="#F4FA58">
			<Coordinates>
				<Coordinate Order="0" X="49301.4" Y="22743.4" />
				<Coordinate Order="1" X="49333.9" Y="22692.9" />
				<Coordinate Order="2" X="49374.8" Y="22649.1" />
				<Coordinate Order="3" X="49412.8" Y="22603.8" />
				<Coordinate Order="4" X="49446.3" Y="22551.3" />
				<Coordinate Order="5" X="49485.8" Y="22507.5" />
				<Coordinate Order="6" X="49532.5" Y="22466.6" />
				<Coordinate Order="7" X="49570.5" Y="22421.3" />
				<Coordinate Order="8" X="49628.9" Y="22425.7" />
				<Coordinate Order="9" X="49652.2" Y="22475.3" />
				<Coordinate Order="10" X="49624.5" Y="22504.5" />
				<Coordinate Order="11" X="49636.2" Y="22503.1" />
				<Coordinate Order="12" X="49694.6" Y="22497.2" />
				<Coordinate Order="13" X="49712.1" Y="22503.1" />
				<Coordinate Order="14" X="49736.9" Y="22489.9" />
				<Coordinate Order="15" X="49744.2" Y="22430.1" />
				<Coordinate Order="16" X="49761.7" Y="22422.8" />
				<Coordinate Order="17" X="49796.8" Y="22399.4" />
				<Coordinate Order="18" X="49793.8" Y="22341" />
				<Coordinate Order="19" X="49827.4" Y="22291.4" />
				<Coordinate Order="20" X="49842" Y="22234.4" />
				<Coordinate Order="21" X="49884.4" Y="22193.5" />
				<Coordinate Order="22" X="49938.4" Y="22170.2" />
				<Coordinate Order="23" X="49996.8" Y="22164.3" />
				<Coordinate Order="24" X="50023.1" Y="22111.8" />
				<Coordinate Order="25" X="50071.3" Y="22075.3" />
				<Coordinate Order="26" X="50128.2" Y="22060.7" />
				<Coordinate Order="27" X="50169.1" Y="22016.9" />
				<Coordinate Order="28" X="50226" Y="22002.3" />
				<Coordinate Order="29" X="50278.6" Y="22028.6" />
				<Coordinate Order="30" X="50315.2" Y="22022.4" />
				<Coordinate Order="31" X="50329.2" Y="22039.3" />
				<Coordinate Order="32" X="50379.7" Y="22065.9" />
				<Coordinate Order="33" X="50402.1" Y="22068.7" />
				<Coordinate Order="34" X="50406.3" Y="22040.7" />
				<Coordinate Order="35" X="50426" Y="22023.8" />
				<Coordinate Order="36" X="50480.7" Y="22037.9" />
				<Coordinate Order="37" X="50514.3" Y="21991.6" />
				<Coordinate Order="38" X="50555" Y="21952.3" />
				<Coordinate Order="39" X="50606.9" Y="21976.2" />
				<Coordinate Order="40" X="50611.1" Y="21987.4" />
				<Coordinate Order="41" X="50637.7" Y="22037.9" />
				<Coordinate Order="42" X="50664.4" Y="22088.4" />
				<Coordinate Order="43" X="50689.6" Y="22138.8" />
				<Coordinate Order="44" X="50740.1" Y="22165.5" />
				<Coordinate Order="45" X="50744.3" Y="22168.3" />
				<Coordinate Order="46" X="50758.4" Y="22119.2" />
				<Coordinate Order="47" X="50790.6" Y="22072.9" />
				<Coordinate Order="48" X="50848.1" Y="22072.9" />
				<Coordinate Order="49" X="50873.4" Y="22099.6" />
				<Coordinate Order="50" X="50905.6" Y="22145.9" />
				<Coordinate Order="51" X="50912.6" Y="22202" />
				<Coordinate Order="52" X="50932.3" Y="22228.6" />
				<Coordinate Order="53" X="50967.3" Y="22224.4" />
				<Coordinate Order="54" X="50994" Y="22206.2" />
				<Coordinate Order="55" X="51031.8" Y="22214.6" />
				<Coordinate Order="56" X="51050.1" Y="22227.2" />
				<Coordinate Order="57" X="51062.7" Y="22199.2" />
				<Coordinate Order="58" X="51051.5" Y="22159.9" />
				<Coordinate Order="59" X="51017.8" Y="22113.6" />
				<Coordinate Order="60" X="50972.9" Y="22077.1" />
				<Coordinate Order="61" X="50937.9" Y="22029.5" />
				<Coordinate Order="62" X="50925.2" Y="21973.4" />
				<Coordinate Order="63" X="50963.1" Y="21931.3" />
				<Coordinate Order="64" X="50986.9" Y="21878" />
				<Coordinate Order="65" X="50999.6" Y="21869.6" />
				<Coordinate Order="66" X="51057.1" Y="21865.4" />
				<Coordinate Order="67" X="51113.2" Y="21869.6" />
				<Coordinate Order="68" X="51167.9" Y="21886.4" />
				<Coordinate Order="69" X="51214.1" Y="21921.5" />
				<Coordinate Order="70" X="51253.4" Y="21963.5" />
				<Coordinate Order="71" X="51285.7" Y="22011.2" />
				<Coordinate Order="72" X="51326.3" Y="22050.5" />
				<Coordinate Order="73" X="51329.1" Y="22087" />
				<Coordinate Order="74" X="51367.3" Y="22105.9" />
				<Coordinate Order="75" X="51408.3" Y="22151.5" />
				<Coordinate Order="76" X="51435.6" Y="22206.2" />
				<Coordinate Order="77" X="51488.8" Y="22241.1" />
				<Coordinate Order="78" X="51548.1" Y="22256.3" />
				<Coordinate Order="79" X="51599.7" Y="22289.7" />
				<Coordinate Order="80" X="51630.1" Y="22342.9" />
				<Coordinate Order="81" X="51648.3" Y="22402.2" />
				<Coordinate Order="82" X="51686.3" Y="22450.8" />
				<Coordinate Order="83" X="51710.6" Y="22507" />
				<Coordinate Order="84" X="51748.6" Y="22538.9" />
				<Coordinate Order="85" X="51754.7" Y="22478.1" />
				<Coordinate Order="86" X="51751.6" Y="22417.4" />
				<Coordinate Order="87" X="51722.8" Y="22388.5" />
				<Coordinate Order="88" X="51771.4" Y="22350.5" />
				<Coordinate Order="89" X="51829.1" Y="22374.8" />
				<Coordinate Order="90" X="51877.7" Y="22415.8" />
				<Coordinate Order="91" X="51920.3" Y="22461.4" />
				<Coordinate Order="92" X="51938.5" Y="22522.2" />
				<Coordinate Order="93" X="51921.8" Y="22581.4" />
				<Coordinate Order="94" X="51921.8" Y="22643.7" />
				<Coordinate Order="95" X="51947.6" Y="22699.9" />
				<Coordinate Order="96" X="51964.5" Y="22734.2" />
				<Coordinate Order="97" X="52008.4" Y="22778.1" />
				<Coordinate Order="98" X="52011.4" Y="22731.3" />
				<Coordinate Order="99" X="52059.6" Y="22691.8" />
				<Coordinate Order="100" X="52116.7" Y="22672.8" />
				<Coordinate Order="101" X="52110.8" Y="22627.4" />
				<Coordinate Order="102" X="52105" Y="22568.9" />
				<Coordinate Order="103" X="52112.3" Y="22563.1" />
				<Coordinate Order="104" X="52160.6" Y="22601.1" />
				<Coordinate Order="105" X="52176.6" Y="22647.9" />
				<Coordinate Order="106" X="52233.7" Y="22621.6" />
				<Coordinate Order="107" X="52292.2" Y="22617.2" />
				<Coordinate Order="108" X="52331.7" Y="22664" />
				<Coordinate Order="109" X="52366.8" Y="22716.7" />
				<Coordinate Order="110" X="52401.9" Y="22764.9" />
				<Coordinate Order="111" X="52428.2" Y="22817.6" />
				<Coordinate Order="112" X="52407.8" Y="22845.4" />
				<Coordinate Order="113" X="52431.2" Y="22857.1" />
				<Coordinate Order="114" X="52469.2" Y="22808.8" />
				<Coordinate Order="115" X="52517.5" Y="22848.3" />
				<Coordinate Order="116" X="52551.1" Y="22898" />
				<Coordinate Order="117" X="52574.5" Y="22955.1" />
				<Coordinate Order="118" X="52588.6" Y="23005.4" />
				<Coordinate Order="119" X="52608.7" Y="23059.9" />
				<Coordinate Order="120" X="52585.8" Y="23113" />
				<Coordinate Order="121" X="52591.5" Y="23120.2" />
				<Coordinate Order="122" X="52638.9" Y="23156" />
				<Coordinate Order="123" X="52696.3" Y="23196.2" />
				<Coordinate Order="124" X="52716.3" Y="23246.4" />
				<Coordinate Order="125" X="52689.1" Y="23268" />
				<Coordinate Order="126" X="52680.5" Y="23285.2" />
				<Coordinate Order="127" X="52700.6" Y="23341.2" />
				<Coordinate Order="128" X="52750.8" Y="23371.3" />
				<Coordinate Order="129" X="52793.8" Y="23412.9" />
				<Coordinate Order="130" X="52801" Y="23470.3" />
				<Coordinate Order="131" X="52858.4" Y="23447.3" />
				<Coordinate Order="132" X="52912.9" Y="23471.7" />
				<Coordinate Order="133" X="52958.9" Y="23491.8" />
				<Coordinate Order="134" X="53011.9" Y="23463.1" />
				<Coordinate Order="135" X="53036.3" Y="23410" />
				<Coordinate Order="136" X="53090.9" Y="23385.6" />
				<Coordinate Order="137" X="53148.3" Y="23398.6" />
				<Coordinate Order="138" X="53207.1" Y="23410" />
				<Coordinate Order="139" X="53260.2" Y="23385.6" />
				<Coordinate Order="140" X="53310.4" Y="23371.3" />
				<Coordinate Order="141" X="53369.3" Y="23362.7" />
				<Coordinate Order="142" X="53415.2" Y="23326.8" />
				<Coordinate Order="143" X="53466.8" Y="23295.2" />
				<Coordinate Order="144" X="53541.4" Y="23279.5" />
				<Coordinate Order="145" X="53548.6" Y="23309.6" />
				<Coordinate Order="146" X="53545.8" Y="23339.7" />
				<Coordinate Order="147" X="53603.2" Y="23319.6" />
				<Coordinate Order="148" X="53611.8" Y="23334" />
				<Coordinate Order="149" X="53604.6" Y="23397.1" />
				<Coordinate Order="150" X="53574.5" Y="23447.3" />
				<Coordinate Order="151" X="53535.7" Y="23490.4" />
				<Coordinate Order="152" X="53499.8" Y="23536.3" />
				<Coordinate Order="153" X="53491.2" Y="23543.5" />
				<Coordinate Order="154" X="53514.2" Y="23596.6" />
				<Coordinate Order="155" X="53499.8" Y="23635.3" />
				<Coordinate Order="156" X="53441" Y="23648.2" />
				<Coordinate Order="157" X="53429.5" Y="23662.6" />
				<Coordinate Order="158" X="53431" Y="23678.4" />
				<Coordinate Order="159" X="53408" Y="23732.9" />
				<Coordinate Order="160" X="53465.4" Y="23751.6" />
				<Coordinate Order="161" X="53521.4" Y="23734.3" />
				<Coordinate Order="162" X="53600.3" Y="23728.6" />
				<Coordinate Order="163" X="53607.5" Y="23742.9" />
				<Coordinate Order="164" X="53597.4" Y="23800.3" />
				<Coordinate Order="165" X="53606" Y="23857.7" />
				<Coordinate Order="166" X="53588.8" Y="23913.7" />
				<Coordinate Order="167" X="53623.2" Y="23961.1" />
				<Coordinate Order="168" X="53664.9" Y="24002.7" />
				<Coordinate Order="169" X="53699.3" Y="24027.1" />
				<Coordinate Order="170" X="53687.8" Y="24061.5" />
				<Coordinate Order="171" X="53663.4" Y="24070.1" />
				<Coordinate Order="172" X="53646.2" Y="24098.8" />
				<Coordinate Order="173" X="53682.1" Y="24144.7" />
				<Coordinate Order="174" X="53666.3" Y="24200.7" />
				<Coordinate Order="175" X="53671.3" Y="24222.1" />
				<Coordinate Order="176" X="53664.4" Y="24277.5" />
				<Coordinate Order="177" X="53627" Y="24319" />
				<Coordinate Order="178" X="53603.4" Y="24371.6" />
				<Coordinate Order="179" X="53628.4" Y="24424.2" />
				<Coordinate Order="180" X="53647.7" Y="24476.8" />
				<Coordinate Order="181" X="53679.6" Y="24523.9" />
				<Coordinate Order="182" X="53685.1" Y="24579.3" />
				<Coordinate Order="183" X="53675.4" Y="24634.6" />
				<Coordinate Order="184" X="53712.8" Y="24684.5" />
				<Coordinate Order="185" X="53765.4" Y="24702.5" />
				<Coordinate Order="186" X="53766.8" Y="24723.2" />
				<Coordinate Order="187" X="53735" Y="24768.9" />
				<Coordinate Order="188" X="53686.5" Y="24796.6" />
				<Coordinate Order="189" X="53631.1" Y="24803.5" />
				<Coordinate Order="190" X="53574.4" Y="24796.6" />
				<Coordinate Order="191" X="53524.5" Y="24821.5" />
				<Coordinate Order="192" X="53487.2" Y="24863" />
				<Coordinate Order="193" X="53505.2" Y="24915.6" />
				<Coordinate Order="194" X="53491.3" Y="24954.4" />
				<Coordinate Order="195" X="53519" Y="25002.9" />
				<Coordinate Order="196" X="53509.3" Y="25058.2" />
				<Coordinate Order="197" X="53510.7" Y="25062.4" />
				<Coordinate Order="198" X="53564.7" Y="25076.2" />
				<Coordinate Order="199" X="53589.6" Y="25126.1" />
				<Coordinate Order="200" X="53588.2" Y="25177.3" />
				<Coordinate Order="201" X="53592.4" Y="25232.6" />
				<Coordinate Order="202" X="53560.5" Y="25278.3" />
				<Coordinate Order="203" X="53507.9" Y="25301.9" />
				<Coordinate Order="204" X="53478.9" Y="25301.9" />
				<Coordinate Order="205" X="53458.1" Y="25321.2" />
				<Coordinate Order="206" X="53416.6" Y="25358.6" />
				<Coordinate Order="207" X="53379.2" Y="25361.4" />
				<Coordinate Order="208" X="53323.8" Y="25355.8" />
				<Coordinate Order="209" X="53267.1" Y="25358.6" />
				<Coordinate Order="210" X="53211.7" Y="25353.1" />
				<Coordinate Order="211" X="53208.9" Y="25353.1" />
				<Coordinate Order="212" X="53228.3" Y="25382.1" />
				<Coordinate Order="213" X="53229.7" Y="25422.3" />
				<Coordinate Order="214" X="53210.3" Y="25447.2" />
				<Coordinate Order="215" X="53193.7" Y="25501.2" />
				<Coordinate Order="216" X="53168.8" Y="25551" />
				<Coordinate Order="217" X="53117.6" Y="25577.3" />
				<Coordinate Order="218" X="53059.4" Y="25564.9" />
				<Coordinate Order="219" X="53001.3" Y="25567.6" />
				<Coordinate Order="220" X="52955.6" Y="25600.9" />
				<Coordinate Order="221" X="52915.5" Y="25641" />
				<Coordinate Order="222" X="52865.6" Y="25671.5" />
				<Coordinate Order="223" X="52808.9" Y="25677" />
				<Coordinate Order="224" X="52752.1" Y="25677" />
				<Coordinate Order="225" X="52696.7" Y="25686.7" />
				<Coordinate Order="226" X="52640" Y="25692.2" />
				<Coordinate Order="227" X="52626.7" Y="25714.6" />
				<Coordinate Order="228" X="52656" Y="25759.8" />
				<Coordinate Order="229" X="52674.6" Y="25786.4" />
				<Coordinate Order="230" X="52654.7" Y="25838.3" />
				<Coordinate Order="231" X="52637.4" Y="25888.9" />
				<Coordinate Order="232" X="52636" Y="25926.2" />
				<Coordinate Order="233" X="52614.7" Y="25942.1" />
				<Coordinate Order="234" X="52638.7" Y="25990" />
				<Coordinate Order="235" X="52675.9" Y="26048.6" />
				<Coordinate Order="236" X="52640" Y="26059.2" />
				<Coordinate Order="237" X="52585.5" Y="26064.5" />
				<Coordinate Order="238" X="52570.8" Y="26061.9" />
				<Coordinate Order="239" X="52592.1" Y="26111.1" />
				<Coordinate Order="240" X="52560.2" Y="26155" />
				<Coordinate Order="241" X="52507" Y="26159" />
				<Coordinate Order="242" X="52456.4" Y="26141.7" />
				<Coordinate Order="243" X="52416.5" Y="26177.6" />
				<Coordinate Order="244" X="52360.6" Y="26173.6" />
				<Coordinate Order="245" X="52322" Y="26135.1" />
				<Coordinate Order="246" X="52335.3" Y="26083.2" />
				<Coordinate Order="247" X="52364.6" Y="26037.9" />
				<Coordinate Order="248" X="52385.9" Y="26018" />
				<Coordinate Order="249" X="52344.6" Y="25982" />
				<Coordinate Order="250" X="52334.5" Y="26018" />
				<Coordinate Order="251" X="52282.9" Y="26020.5" />
				<Coordinate Order="252" X="52236.3" Y="26004.5" />
				<Coordinate Order="253" X="52216.6" Y="26050" />
				<Coordinate Order="254" X="52187.1" Y="26090.5" />
				<Coordinate Order="255" X="52138" Y="26084.4" />
				<Coordinate Order="256" X="52086.4" Y="26085.6" />
				<Coordinate Order="257" X="52111" Y="26128.6" />
				<Coordinate Order="258" X="52158.9" Y="26143.3" />
				<Coordinate Order="259" X="52203.1" Y="26167.9" />
				<Coordinate Order="260" X="52200.6" Y="26217" />
				<Coordinate Order="261" X="52165" Y="26251.4" />
				<Coordinate Order="262" X="52124.5" Y="26279.6" />
				<Coordinate Order="263" X="52088.9" Y="26245.2" />
				<Coordinate Order="264" X="52085.2" Y="26235.4" />
				<Coordinate Order="265" X="52065.6" Y="26280.9" />
				<Coordinate Order="266" X="52034.9" Y="26320.2" />
				<Coordinate Order="267" X="51985.7" Y="26330" />
				<Coordinate Order="268" X="51936.6" Y="26339.8" />
				<Coordinate Order="269" X="51899.8" Y="26306.7" />
				<Coordinate Order="270" X="51865.4" Y="26271" />
				<Coordinate Order="271" X="51819.9" Y="26250.2" />
				<Coordinate Order="272" X="51774.5" Y="26269.8" />
				<Coordinate Order="273" X="51751.2" Y="26315.2" />
				<Coordinate Order="274" X="51767.1" Y="26361.9" />
				<Coordinate Order="275" X="51762.2" Y="26411" />
				<Coordinate Order="276" X="51734" Y="26431.9" />
				<Coordinate Order="277" X="51684.8" Y="26433.2" />
				<Coordinate Order="278" X="51633.3" Y="26433.2" />
				<Coordinate Order="279" X="51589" Y="26411" />
				<Coordinate Order="280" X="51539.9" Y="26406.1" />
				<Coordinate Order="281" X="51490.8" Y="26416" />
				<Coordinate Order="282" X="51441.7" Y="26412.3" />
				<Coordinate Order="283" X="51392.5" Y="26417.2" />
				<Coordinate Order="284" X="51343.4" Y="26425.8" />
				<Coordinate Order="285" X="51290.6" Y="26425.8" />
				<Coordinate Order="286" X="51242.7" Y="26412.3" />
				<Coordinate Order="287" X="51193.6" Y="26395.1" />
				<Coordinate Order="288" X="51151.8" Y="26368.1" />
				<Coordinate Order="289" X="51106.4" Y="26390.2" />
				<Coordinate Order="290" X="51068.3" Y="26422.1" />
				<Coordinate Order="291" X="51016.7" Y="26412.3" />
				<Coordinate Order="292" X="50970.1" Y="26395.1" />
				<Coordinate Order="293" X="50936.9" Y="26355.8" />
				<Coordinate Order="294" X="50892.7" Y="26328.8" />
				<Coordinate Order="295" X="50848.5" Y="26305.4" />
				<Coordinate Order="296" X="50800.6" Y="26288.2" />
				<Coordinate Order="297" X="50751.4" Y="26266.1" />
				<Coordinate Order="298" X="50712.3" Y="26225.9" />
				<Coordinate Order="299" X="50691" Y="26182.2" />
				<Coordinate Order="300" X="50650.8" Y="26156.2" />
				<Coordinate Order="301" X="50603.6" Y="26151.5" />
				<Coordinate Order="302" X="50557.6" Y="26177.5" />
				<Coordinate Order="303" X="50510.3" Y="26164.5" />
				<Coordinate Order="304" X="50469" Y="26142.1" />
				<Coordinate Order="305" X="50425.3" Y="26118.4" />
				<Coordinate Order="306" X="50382.8" Y="26096" />
				<Coordinate Order="307" X="50339.1" Y="26072.4" />
				<Coordinate Order="308" X="50296.6" Y="26048.8" />
				<Coordinate Order="309" X="50254" Y="26027.5" />
				<Coordinate Order="310" X="50234" Y="26019.2" />
				<Coordinate Order="311" X="50193.8" Y="26047.6" />
				<Coordinate Order="312" X="50146.6" Y="26032.2" />
				<Coordinate Order="313" X="50125.3" Y="25988.5" />
				<Coordinate Order="314" X="50136.4" Y="25955.7" />
				<Coordinate Order="315" X="50136.4" Y="25904.8" />
				<Coordinate Order="316" X="50164.9" Y="25862.5" />
				<Coordinate Order="317" X="50166.2" Y="25812.8" />
				<Coordinate Order="318" X="50142.6" Y="25768.1" />
				<Coordinate Order="319" X="50092.9" Y="25755.7" />
				<Coordinate Order="320" X="50045.7" Y="25778.1" />
				<Coordinate Order="321" X="49996" Y="25763.2" />
				<Coordinate Order="322" X="49953.8" Y="25733.3" />
				<Coordinate Order="323" X="49922.7" Y="25692.4" />
				<Coordinate Order="324" X="49886.7" Y="25657.6" />
				<Coordinate Order="325" X="49835.8" Y="25658.8" />
				<Coordinate Order="326" X="49806" Y="25615.3" />
				<Coordinate Order="327" X="49794.8" Y="25565.7" />
				<Coordinate Order="328" X="49753.8" Y="25533.4" />
				<Coordinate Order="329" X="49691.1" Y="25510.8" />
				<Coordinate Order="330" X="49661" Y="25472.3" />
				<Coordinate Order="331" X="49662.2" Y="25451.9" />
				<Coordinate Order="332" X="49610.6" Y="25431.5" />
				<Coordinate Order="333" X="49567.4" Y="25417.1" />
				<Coordinate Order="334" X="49553" Y="25370.3" />
				<Coordinate Order="335" X="49532.6" Y="25325.8" />
				<Coordinate Order="336" X="49519.4" Y="25279" />
				<Coordinate Order="337" X="49525.4" Y="25231" />
				<Coordinate Order="338" X="49503.7" Y="25203.4" />
				<Coordinate Order="339" X="49490.5" Y="25155.3" />
				<Coordinate Order="340" X="49496.5" Y="25107.3" />
				<Coordinate Order="341" X="49490.5" Y="25059.3" />
				<Coordinate Order="342" X="49452.1" Y="25025.7" />
				<Coordinate Order="343" X="49412.5" Y="24998" />
				<Coordinate Order="344" X="49392.1" Y="24953.6" />
				<Coordinate Order="345" X="49382.5" Y="24910.4" />
				<Coordinate Order="346" X="49365.7" Y="24863.5" />
				<Coordinate Order="347" X="49324.8" Y="24837.1" />
				<Coordinate Order="348" X="49285.2" Y="24808.3" />
				<Coordinate Order="349" X="49256.4" Y="24767.5" />
				<Coordinate Order="350" X="49275.2" Y="24729.6" />
				<Coordinate Order="351" X="49312.2" Y="24715.7" />
				<Coordinate Order="352" X="49290.3" Y="24674.1" />
				<Coordinate Order="353" X="49256.7" Y="24641.7" />
				<Coordinate Order="354" X="49233.6" Y="24598.8" />
				<Coordinate Order="355" X="49224.3" Y="24552.6" />
				<Coordinate Order="356" X="49254.4" Y="24515.5" />
				<Coordinate Order="357" X="49283.3" Y="24504" />
				<Coordinate Order="358" X="49285.6" Y="24457.7" />
				<Coordinate Order="359" X="49259" Y="24418.3" />
				<Coordinate Order="360" X="49246.3" Y="24373.2" />
				<Coordinate Order="361" X="49264.8" Y="24330.4" />
				<Coordinate Order="362" X="49235.9" Y="24293.4" />
				<Coordinate Order="363" X="49200" Y="24262.1" />
				<Coordinate Order="364" X="49171.1" Y="24225.1" />
				<Coordinate Order="365" X="49150.3" Y="24182.3" />
				<Coordinate Order="366" X="49130.6" Y="24139.5" />
				<Coordinate Order="367" X="49137.5" Y="24084" />
				<Coordinate Order="368" X="49144.5" Y="24051.6" />
				<Coordinate Order="369" X="49122.5" Y="24059.7" />
				<Coordinate Order="370" X="49095.9" Y="24021.5" />
				<Coordinate Order="371" X="49075.1" Y="23977.5" />
				<Coordinate Order="372" X="49054.2" Y="23935.9" />
				<Coordinate Order="373" X="49039.2" Y="23889.6" />
				<Coordinate Order="374" X="49048.4" Y="23843.3" />
				<Coordinate Order="375" X="49092.4" Y="23828.3" />
				<Coordinate Order="376" X="49135.2" Y="23846.8" />
				<Coordinate Order="377" X="49179.2" Y="23861.8" />
				<Coordinate Order="378" X="49204.6" Y="23821.3" />
				<Coordinate Order="379" X="49226.6" Y="23786.6" />
				<Coordinate Order="380" X="49239.4" Y="23741.5" />
				<Coordinate Order="381" X="49219.7" Y="23697.5" />
				<Coordinate Order="382" X="49252.1" Y="23664" />
				<Coordinate Order="383" X="49250.9" Y="23658.2" />
				<Coordinate Order="384" X="49213.9" Y="23623.5" />
				<Coordinate Order="385" X="49172.2" Y="23598" />
				<Coordinate Order="386" X="49134.1" Y="23571.4" />
				<Coordinate Order="387" X="49131.7" Y="23525.1" />
				<Coordinate Order="388" X="49158.4" Y="23486.9" />
				<Coordinate Order="389" X="49173.4" Y="23441.8" />
				<Coordinate Order="390" X="49219.7" Y="23447.6" />
				<Coordinate Order="391" X="49220.8" Y="23422.1" />
				<Coordinate Order="392" X="49230.1" Y="23375.8" />
				<Coordinate Order="393" X="49245.1" Y="23331.9" />
				<Coordinate Order="394" X="49261.3" Y="23287.9" />
				<Coordinate Order="395" X="49226.6" Y="23253.2" />
				<Coordinate Order="396" X="49198.9" Y="23216.2" />
				<Coordinate Order="397" X="49152.6" Y="23208.1" />
				<Coordinate Order="398" X="49147.9" Y="23161.8" />
				<Coordinate Order="399" X="49121.3" Y="23123.6" />
				<Coordinate Order="400" X="49105.1" Y="23077.3" />
				<Coordinate Order="401" X="49142.2" Y="23048.4" />
				<Coordinate Order="402" X="49169.9" Y="23034.5" />
				<Coordinate Order="403" X="49204.6" Y="23002.1" />
				<Coordinate Order="404" X="49223.2" Y="22991.7" />
				<Coordinate Order="405" X="49196" Y="22982.9" />
				<Coordinate Order="406" X="49193.1" Y="22955.8" />
				<Coordinate Order="407" X="49195.4" Y="22950.1" />
				<Coordinate Order="408" X="49216.1" Y="22940.9" />
				<Coordinate Order="409" X="49230.1" Y="22917.7" />
				<Coordinate Order="410" X="49250.9" Y="22873.7" />
				<Coordinate Order="411" X="49253.2" Y="22832" />
				<Coordinate Order="412" X="49254.4" Y="22813.5" />
				<Coordinate Order="413" X="49277.5" Y="22770.7" />
			</Coordinates>
		</Annotation>
		<Annotation Name="Annotation 1" Type="Polygon" PartOfGroup="metastases" Color="#F4FA58">
			<Coordinates>
				<Coordinate Order="0" X="45682" Y="15927.8" />
				<Coordinate Order="1" X="45734.2" Y="15961.6" />
				<Coordinate Order="2" X="45789.4" Y="16003" />
				<Coordinate Order="3" X="45847.7" Y="16035.2" />
				<Coordinate Order="4" X="45909" Y="16030.6" />
				<Coordinate Order="5" X="45970.4" Y="16016.8" />
				<Coordinate Order="6" X="46004.1" Y="15981.5" />
				<Coordinate Order="7" X="46041" Y="15929.3" />
				<Coordinate Order="8" X="46051.7" Y="15868" />
				<Coordinate Order="9" X="46056.3" Y="15805.1" />
				<Coordinate Order="10" X="46033.3" Y="15746.8" />
				<Coordinate Order="11" X="46001.1" Y="15693.1" />
				<Coordinate Order="12" X="45948.9" Y="15656.3" />
				<Coordinate Order="13" X="45902.9" Y="15614.9" />
				<Coordinate Order="14" X="45847.7" Y="15587.3" />
				<Coordinate Order="15" X="45786.3" Y="15593.4" />
				<Coordinate Order="16" X="45728" Y="15568.9" />
				<Coordinate Order="17" X="45674.4" Y="15536.7" />
				<Coordinate Order="18" X="45616.1" Y="15512.1" />
				<Coordinate Order="19" X="45556.3" Y="15495.3" />
				<Coordinate Order="20" X="45498" Y="15515.2" />
				<Coordinate Order="21" X="45458.1" Y="15562.8" />
				<Coordinate Order="22" X="45438.1" Y="15621" />
				<Coordinate Order="23" X="45444.3" Y="15682.4" />
				<Coordinate Order="24" X="45473.4" Y="15743.8" />
				<Coordinate Order="25" X="45510.2" Y="15794.4" />
				<Coordinate Order="26" X="45567" Y="15828.1" />
				<Coordinate Order="27" X="45617.6" Y="15868" />
				<Coordinate Order="28" X="45659" Y="15914" />
			</Coordinates>
		</Annotation>
		<Annotation Name="Annotation 2" Type="Polygon" PartOfGroup="metastases" Color="#F4FA58">
			<Coordinates>
				<Coordinate Order="0" X="45471.9" Y="16061.3" />
				<Coordinate Order="1" X="45531.7" Y="16045.9" />
				<Coordinate Order="2" X="45593.1" Y="16055.1" />
				<Coordinate Order="3" X="45654.4" Y="16067.4" />
				<Coordinate Order="4" X="45712.7" Y="16088.9" />
				<Coordinate Order="5" X="45763.3" Y="16124.2" />
				<Coordinate Order="6" X="45820.1" Y="16154.8" />
				<Coordinate Order="7" X="45869.2" Y="16193.2" />
				<Coordinate Order="8" X="45892.2" Y="16253" />
				<Coordinate Order="9" X="45867.6" Y="16311.3" />
				<Coordinate Order="10" X="45852.3" Y="16372.6" />
				<Coordinate Order="11" X="45861.5" Y="16437.1" />
				<Coordinate Order="12" X="45832.4" Y="16495.4" />
				<Coordinate Order="13" X="45787.9" Y="16538.3" />
				<Coordinate Order="14" X="45738.8" Y="16579.7" />
				<Coordinate Order="15" X="45674.4" Y="16587.4" />
				<Coordinate Order="16" X="45613" Y="16582.8" />
				<Coordinate Order="17" X="45551.7" Y="16558.2" />
				<Coordinate Order="18" X="45488.8" Y="16546" />
				<Coordinate Order="19" X="45432" Y="16518.4" />
				<Coordinate Order="20" X="45384.5" Y="16478.5" />
				<Coordinate Order="21" X="45338.4" Y="16437.1" />
				<Coordinate Order="22" X="45294" Y="16394.1" />
				<Coordinate Order="23" X="45261.7" Y="16335.8" />
				<Coordinate Order="24" X="45247.9" Y="16274.5" />
				<Coordinate Order="25" X="45246.4" Y="16211.6" />
				<Coordinate Order="26" X="45280.2" Y="16159.4" />
				<Coordinate Order="27" X="45335.4" Y="16125.7" />
				<Coordinate Order="28" X="45392.1" Y="16101.1" />
				<Coordinate Order="29" X="45447.3" Y="16068.9" />
			</Coordinates>
		</Annotation>
	</Annotations>
	<AnnotationGroups>
		<Group Name="metastases" PartOfGroup="None" Color="#ff0000">
			<Attributes />
		</Group>
	</AnnotationGroups>
</ASAP_Annotations>
