<?xml version="1.0"?>
<ASAP_Annotations>
	<Annotations>
		<Annotation Name="Annotation 0" Type="Polygon" PartOfGroup="metastases" Color="#F4FA58">
			<Coordinates>
				<Coordinate Order="0" X="17426.4" Y="51276.3" />
				<Coordinate Order="1" X="17329.7" Y="51235.8" />
				<Coordinate Order="2" X="17255.5" Y="51184.1" />
				<Coordinate Order="3" X="17163.3" Y="51136.9" />
				<Coordinate Order="4" X="17071.1" Y="51145.8" />
				<Coordinate Order="5" X="17071.1" Y="51251.5" />
				<Coordinate Order="6" X="17136.3" Y="51323.5" />
				<Coordinate Order="7" X="17208.3" Y="51386.5" />
				<Coordinate Order="8" X="17289.2" Y="51456.2" />
				<Coordinate Order="9" X="17383.7" Y="51492.2" />
				<Coordinate Order="10" X="17478.1" Y="51530.4" />
				<Coordinate Order="11" X="17570.4" Y="51539.4" />
				<Coordinate Order="12" X="17617.6" Y="51460.7" />
				<Coordinate Order="13" X="17599.6" Y="51370.7" />
			</Coordinates>
		</Annotation>
		<Annotation Name="Annotation 1" Type="Polygon" PartOfGroup="metastases" Color="#F4FA58">
			<Coordinates>
				<Coordinate Order="0" X="19367.2" Y="48525.9" />
				<Coordinate Order="1" X="19290.7" Y="48445" />
				<Coordinate Order="2" X="19216.5" Y="48379.7" />
				<Coordinate Order="3" X="19128.8" Y="48352.8" />
				<Coordinate Order="4" X="19018.6" Y="48346" />
				<Coordinate Order="5" X="18912.9" Y="48364" />
				<Coordinate Order="6" X="18802.7" Y="48382" />
				<Coordinate Order="7" X="18701.5" Y="48384.2" />
				<Coordinate Order="8" X="18589.1" Y="48393.2" />
				<Coordinate Order="9" X="18467.6" Y="48418" />
				<Coordinate Order="10" X="18377.7" Y="48445" />
				<Coordinate Order="11" X="18272" Y="48487.7" />
				<Coordinate Order="12" X="18177.5" Y="48546.2" />
				<Coordinate Order="13" X="18201.6" Y="48708.2" />
				<Coordinate Order="14" X="18245" Y="48764.9" />
				<Coordinate Order="15" X="18318.8" Y="48794" />
				<Coordinate Order="16" X="18407.2" Y="48801.7" />
				<Coordinate Order="17" X="18488.2" Y="48777.1" />
				<Coordinate Order="18" X="18501.9" Y="48937.6" />
				<Coordinate Order="19" X="18555" Y="49005" />
				<Coordinate Order="20" X="18612.7" Y="49043.5" />
				<Coordinate Order="21" X="18682.7" Y="49076.7" />
				<Coordinate Order="22" X="18774.6" Y="49088.5" />
				<Coordinate Order="23" X="18864.6" Y="49093" />
				<Coordinate Order="24" X="18962.1" Y="49087.7" />
				<Coordinate Order="25" X="19030.2" Y="49067.5" />
				<Coordinate Order="26" X="19154.4" Y="49101.8" />
				<Coordinate Order="27" X="19238.7" Y="49175.2" />
				<Coordinate Order="28" X="19281.7" Y="49276.4" />
				<Coordinate Order="29" X="19338.2" Y="49346.8" />
				<Coordinate Order="30" X="19375.1" Y="49281.4" />
				<Coordinate Order="31" X="19381.3" Y="49151.5" />
				<Coordinate Order="32" X="19372.8" Y="49031.5" />
				<Coordinate Order="33" X="19427.4" Y="49177.7" />
				<Coordinate Order="34" X="19527.6" Y="49175" />
				<Coordinate Order="35" X="19552.5" Y="49084.8" />
				<Coordinate Order="36" X="19674.7" Y="49109" />
				<Coordinate Order="37" X="19766.1" Y="49175.4" />
				<Coordinate Order="38" X="19884.7" Y="49184" />
				<Coordinate Order="39" X="19939.3" Y="49121.1" />
				<Coordinate Order="40" X="19972.3" Y="49062" />
				<Coordinate Order="41" X="19968.9" Y="49003.1" />
				<Coordinate Order="42" X="19942.9" Y="48917.2" />
				<Coordinate Order="43" X="19837.2" Y="48899.2" />
				<Coordinate Order="44" X="19740.5" Y="48903.7" />
				<Coordinate Order="45" X="19625.8" Y="48849.8" />
				<Coordinate Order="46" X="19560.6" Y="48782.3" />
				<Coordinate Order="47" X="19484.1" Y="48732.8" />
				<Coordinate Order="48" X="19398.7" Y="48692.3" />
				<Coordinate Order="49" X="19349.2" Y="48602.4" />
			</Coordinates>
		</Annotation>
		<Annotation Name="Annotation 2" Type="Polygon" PartOfGroup="metastases" Color="#F4FA58">
			<Coordinates>
				<Coordinate Order="0" X="69199.7" Y="52074.6" />
				<Coordinate Order="1" X="69098.5" Y="52036.4" />
				<Coordinate Order="2" X="68992.8" Y="52045.4" />
				<Coordinate Order="3" X="68884.9" Y="52088.1" />
				<Coordinate Order="4" X="68785.9" Y="52117.4" />
				<Coordinate Order="5" X="68673.5" Y="52146.6" />
				<Coordinate Order="6" X="68603.8" Y="52225.3" />
				<Coordinate Order="7" X="68534" Y="52304" />
				<Coordinate Order="8" X="68457.6" Y="52385" />
				<Coordinate Order="9" X="68410.4" Y="52497.4" />
				<Coordinate Order="10" X="68441.8" Y="52598.6" />
				<Coordinate Order="11" X="68529.5" Y="52636.8" />
				<Coordinate Order="12" X="68630.7" Y="52621.1" />
				<Coordinate Order="13" X="68761.2" Y="52571.6" />
				<Coordinate Order="14" X="68860.1" Y="52519.9" />
				<Coordinate Order="15" X="68943.3" Y="52474.9" />
				<Coordinate Order="16" X="69024.3" Y="52434.4" />
				<Coordinate Order="17" X="69103" Y="52371.5" />
				<Coordinate Order="18" X="69161.5" Y="52295" />
			</Coordinates>
		</Annotation>
		<Annotation Name="Annotation 3" Type="None" PartOfGroup="None" Color="#000000">
			<Coordinates>
				<Coordinate Order="0" X="18180.3" Y="48701.3" />
				<Coordinate Order="1" X="19975" Y="49112.4" />
			</Coordinates>
		</Annotation>
		<Annotation Name="Annotation 4" Type="Polygon" PartOfGroup="metastases" Color="#F4FA58">
			<Coordinates>
				<Coordinate Order="0" X="20989.9" Y="37866.7" />
				<Coordinate Order="1" X="20895.1" Y="37932.7" />
				<Coordinate Order="2" X="20889.4" Y="38047.5" />
				<Coordinate Order="3" X="20972.6" Y="38130.8" />
				<Coordinate Order="4" X="21096.1" Y="38150.9" />
				<Coordinate Order="5" X="21176.4" Y="38067.6" />
				<Coordinate Order="6" X="21153.5" Y="37952.8" />
				<Coordinate Order="7" X="21058.7" Y="37881.1" />
			</Coordinates>
		</Annotation>
		<Annotation Name="Annotation 5" Type="Polygon" PartOfGroup="metastases" Color="#F4FA58">
			<Coordinates>
				<Coordinate Order="0" X="21117.7" Y="37291.5" />
				<Coordinate Order="1" X="21054" Y="37357.5" />
				<Coordinate Order="2" X="21074.4" Y="37446.2" />
				<Coordinate Order="3" X="21160.9" Y="37414.4" />
				<Coordinate Order="4" X="21204.1" Y="37332.5" />
				<Coordinate Order="5" X="21158.6" Y="37273.3" />
			</Coordinates>
		</Annotation>
		<Annotation Name="Annotation 6" Type="Polygon" PartOfGroup="metastases" Color="#F4FA58">
			<Coordinates>
				<Coordinate Order="0" X="21677.4" Y="36260.9" />
				<Coordinate Order="1" X="21625" Y="36290.5" />
				<Coordinate Order="2" X="21609.1" Y="36379.2" />
				<Coordinate Order="3" X="21672.8" Y="36372.4" />
				<Coordinate Order="4" X="21706.9" Y="36329.1" />
				<Coordinate Order="5" X="21709.2" Y="36279.1" />
			</Coordinates>
		</Annotation>
		<Annotation Name="Annotation 7" Type="Polygon" PartOfGroup="metastases" Color="#F4FA58">
			<Coordinates>
				<Coordinate Order="0" X="60966.1" Y="88021.6" />
				<Coordinate Order="1" X="60887.9" Y="88108.5" />
				<Coordinate Order="2" X="60772" Y="88137.5" />
				<Coordinate Order="3" X="60690.8" Y="88221.5" />
				<Coordinate Order="4" X="60722.7" Y="88334.5" />
				<Coordinate Order="5" X="60748.8" Y="88450.4" />
				<Coordinate Order="6" X="60725.6" Y="88566.3" />
				<Coordinate Order="7" X="60659" Y="88667.7" />
				<Coordinate Order="8" X="60673.5" Y="88783.6" />
				<Coordinate Order="9" X="60664.8" Y="88902.4" />
				<Coordinate Order="10" X="60632.9" Y="89015.4" />
				<Coordinate Order="11" X="60627.1" Y="89131.3" />
				<Coordinate Order="12" X="60621.3" Y="89247.1" />
				<Coordinate Order="13" X="60687.9" Y="89342.8" />
				<Coordinate Order="14" X="60792.3" Y="89394.9" />
				<Coordinate Order="15" X="60911" Y="89400.7" />
				<Coordinate Order="16" X="61026.9" Y="89415.2" />
				<Coordinate Order="17" X="61131.2" Y="89363" />
				<Coordinate Order="18" X="61125.4" Y="89441.3" />
				<Coordinate Order="19" X="61192.1" Y="89496.3" />
				<Coordinate Order="20" X="61244.2" Y="89438.4" />
				<Coordinate Order="21" X="61380.4" Y="89418.1" />
				<Coordinate Order="22" X="61487.6" Y="89371.7" />
				<Coordinate Order="23" X="61444.2" Y="89261.6" />
				<Coordinate Order="24" X="61403.6" Y="89151.5" />
				<Coordinate Order="25" X="61241.3" Y="89113.9" />
				<Coordinate Order="26" X="61218.2" Y="89018.3" />
				<Coordinate Order="27" X="61296.4" Y="89044.3" />
				<Coordinate Order="28" X="61380.4" Y="89012.5" />
				<Coordinate Order="29" X="61478.9" Y="89041.4" />
				<Coordinate Order="30" X="61510.8" Y="88928.4" />
				<Coordinate Order="31" X="61444.2" Y="88832.8" />
				<Coordinate Order="32" X="61377.5" Y="88864.7" />
				<Coordinate Order="33" X="61305.1" Y="88832.8" />
				<Coordinate Order="34" X="61276.1" Y="88714" />
				<Coordinate Order="35" X="61261.6" Y="88598.1" />
				<Coordinate Order="36" X="61276.1" Y="88482.3" />
				<Coordinate Order="37" X="61279" Y="88366.4" />
				<Coordinate Order="38" X="61221.1" Y="88264.9" />
				<Coordinate Order="39" X="61180.5" Y="88154.8" />
				<Coordinate Order="40" X="61113.9" Y="88059.2" />
				<Coordinate Order="41" X="61064.6" Y="88044.8" />
			</Coordinates>
		</Annotation>
		<Annotation Name="Annotation 8" Type="Polygon" PartOfGroup="metastases" Color="#F4FA58">
			<Coordinates>
				<Coordinate Order="0" X="60647.4" Y="87960.7" />
				<Coordinate Order="1" X="60546" Y="87899.9" />
				<Coordinate Order="2" X="60467.7" Y="87917.3" />
				<Coordinate Order="3" X="60456.2" Y="87986.8" />
				<Coordinate Order="4" X="60430.1" Y="88102.7" />
				<Coordinate Order="5" X="60508.3" Y="88186.7" />
				<Coordinate Order="6" X="60511.2" Y="88033.2" />
				<Coordinate Order="7" X="60563.4" Y="87986.8" />
				<Coordinate Order="8" X="60690.8" Y="88047.6" />
				<Coordinate Order="9" X="60740.1" Y="88027.4" />
			</Coordinates>
		</Annotation>
	</Annotations>
	<AnnotationGroups>
		<Group Name="metastases" PartOfGroup="None" Color="#ff0000">
			<Attributes />
		</Group>
	</AnnotationGroups>
</ASAP_Annotations>
