<?xml version="1.0"?>
<ASAP_Annotations>
	<Annotations>
		<Annotation Name="Annotation 3" Type="Polygon" PartOfGroup="metastases" Color="#F4FA58">
			<Coordinates>
				<Coordinate Order="0" X="64591.7" Y="111871" />
				<Coordinate Order="1" X="64624" Y="111953" />
				<Coordinate Order="2" X="64639.1" Y="112039" />
				<Coordinate Order="3" X="64628.3" Y="112125" />
				<Coordinate Order="4" X="64606.8" Y="112209" />
				<Coordinate Order="5" X="64578.8" Y="112291" />
				<Coordinate Order="6" X="64559.5" Y="112375" />
				<Coordinate Order="7" X="64553" Y="112463" />
				<Coordinate Order="8" X="64550.9" Y="112551" />
				<Coordinate Order="9" X="64555.2" Y="112637" />
				<Coordinate Order="10" X="64589.6" Y="112719" />
				<Coordinate Order="11" X="64658.4" Y="112773" />
				<Coordinate Order="12" X="64744.4" Y="112766" />
				<Coordinate Order="13" X="64830.5" Y="112768" />
				<Coordinate Order="14" X="64916.5" Y="112749" />
				<Coordinate Order="15" X="64991.8" Y="112706" />
				<Coordinate Order="16" X="65056.3" Y="112646" />
				<Coordinate Order="17" X="65107.9" Y="112575" />
				<Coordinate Order="18" X="65131.6" Y="112487" />
				<Coordinate Order="19" X="65161.7" Y="112405" />
				<Coordinate Order="20" X="65209" Y="112327" />
				<Coordinate Order="21" X="65269.3" Y="112265" />
				<Coordinate Order="22" X="65338.1" Y="112211" />
				<Coordinate Order="23" X="65398.3" Y="112145" />
				<Coordinate Order="24" X="65441.3" Y="112067" />
				<Coordinate Order="25" X="65469.3" Y="111985" />
				<Coordinate Order="26" X="65473.6" Y="111899" />
				<Coordinate Order="27" X="65449.9" Y="111815" />
				<Coordinate Order="28" X="65424.1" Y="111732" />
				<Coordinate Order="29" X="65391.8" Y="111650" />
				<Coordinate Order="30" X="65357.4" Y="111568" />
				<Coordinate Order="31" X="65308" Y="111497" />
				<Coordinate Order="32" X="65252" Y="111430" />
				<Coordinate Order="33" X="65191.8" Y="111362" />
				<Coordinate Order="34" X="65120.8" Y="111310" />
				<Coordinate Order="35" X="65039.1" Y="111271" />
				<Coordinate Order="36" X="64963.8" Y="111228" />
				<Coordinate Order="37" X="64882.1" Y="111200" />
				<Coordinate Order="38" X="64791.8" Y="111190" />
				<Coordinate Order="39" X="64703.6" Y="111187" />
				<Coordinate Order="40" X="64615.4" Y="111187" />
				<Coordinate Order="41" X="64538" Y="111226" />
				<Coordinate Order="42" X="64460.5" Y="111265" />
				<Coordinate Order="43" X="64413.2" Y="111338" />
				<Coordinate Order="44" X="64385.3" Y="111424" />
				<Coordinate Order="45" X="64368" Y="111510" />
				<Coordinate Order="46" X="64389.6" Y="111594" />
				<Coordinate Order="47" X="64432.6" Y="111669" />
				<Coordinate Order="48" X="64479.9" Y="111742" />
			</Coordinates>
		</Annotation>
		<Annotation Name="Annotation 4" Type="Polygon" PartOfGroup="metastases" Color="#F4FA58">
			<Coordinates>
				<Coordinate Order="0" X="63963.9" Y="114389" />
				<Coordinate Order="1" X="63899.6" Y="114482" />
				<Coordinate Order="2" X="63824.1" Y="114566" />
				<Coordinate Order="3" X="63754.1" Y="114658" />
				<Coordinate Order="4" X="63684.2" Y="114747" />
				<Coordinate Order="5" X="63673" Y="114862" />
				<Coordinate Order="6" X="63709.4" Y="114971" />
				<Coordinate Order="7" X="63770.9" Y="115069" />
				<Coordinate Order="8" X="63843.6" Y="115156" />
				<Coordinate Order="9" X="63924.3" Y="115179" />
				<Coordinate Order="10" X="64027.5" Y="115192" />
				<Coordinate Order="11" X="64128.2" Y="115189" />
				<Coordinate Order="12" X="64226.3" Y="115166" />
				<Coordinate Order="13" X="64324.5" Y="115136" />
				<Coordinate Order="14" X="64415.1" Y="115091" />
				<Coordinate Order="15" X="64500.7" Y="115033" />
				<Coordinate Order="16" X="64576.3" Y="114960" />
				<Coordinate Order="17" X="64626.6" Y="114869" />
				<Coordinate Order="18" X="64644.2" Y="114769" />
				<Coordinate Order="19" X="64603.9" Y="114676" />
				<Coordinate Order="20" X="64505.8" Y="114648" />
				<Coordinate Order="21" X="64420.2" Y="114587" />
				<Coordinate Order="22" X="64354.7" Y="114509" />
				<Coordinate Order="23" X="64304.4" Y="114421" />
				<Coordinate Order="24" X="64226.3" Y="114353" />
				<Coordinate Order="25" X="64130.7" Y="114318" />
				<Coordinate Order="26" X="64030" Y="114348" />
			</Coordinates>
		</Annotation>
		<Annotation Name="Annotation 5" Type="Polygon" PartOfGroup="metastases" Color="#F4FA58">
			<Coordinates>
				<Coordinate Order="0" X="64529.5" Y="116620" />
				<Coordinate Order="1" X="64608" Y="116563" />
				<Coordinate Order="2" X="64698.3" Y="116532" />
				<Coordinate Order="3" X="64710.2" Y="116437" />
				<Coordinate Order="4" X="64627" Y="116389" />
				<Coordinate Order="5" X="64527.1" Y="116389" />
				<Coordinate Order="6" X="64439.2" Y="116351" />
				<Coordinate Order="7" X="64424.9" Y="116256" />
				<Coordinate Order="8" X="64424.9" Y="116158" />
				<Coordinate Order="9" X="64484.3" Y="116082" />
				<Coordinate Order="10" X="64555.7" Y="116013" />
				<Coordinate Order="11" X="64638.9" Y="115966" />
				<Coordinate Order="12" X="64703.1" Y="116037" />
				<Coordinate Order="13" X="64715" Y="116132" />
				<Coordinate Order="14" X="64731.6" Y="116227" />
				<Coordinate Order="15" X="64724.5" Y="116322" />
				<Coordinate Order="16" X="64786.3" Y="116401" />
				<Coordinate Order="17" X="64874.3" Y="116363" />
				<Coordinate Order="18" X="64967" Y="116334" />
				<Coordinate Order="19" X="65057.3" Y="116372" />
				<Coordinate Order="20" X="65150.1" Y="116398" />
				<Coordinate Order="21" X="65247.5" Y="116398" />
				<Coordinate Order="22" X="65340.3" Y="116432" />
				<Coordinate Order="23" X="65433" Y="116410" />
				<Coordinate Order="24" X="65528.1" Y="116401" />
				<Coordinate Order="25" X="65618.4" Y="116363" />
				<Coordinate Order="26" X="65696.9" Y="116308" />
				<Coordinate Order="27" X="65780.1" Y="116258" />
				<Coordinate Order="28" X="65801.5" Y="116165" />
				<Coordinate Order="29" X="65746.8" Y="116082" />
				<Coordinate Order="30" X="65651.7" Y="116094" />
				<Coordinate Order="31" X="65561.4" Y="116047" />
				<Coordinate Order="32" X="65513.8" Y="115959" />
				<Coordinate Order="33" X="65521" Y="115861" />
				<Coordinate Order="34" X="65540" Y="115764" />
				<Coordinate Order="35" X="65616.1" Y="115695" />
				<Coordinate Order="36" X="65711.2" Y="115669" />
				<Coordinate Order="37" X="65813.4" Y="115666" />
				<Coordinate Order="38" X="65910.9" Y="115664" />
				<Coordinate Order="39" X="66010.7" Y="115661" />
				<Coordinate Order="40" X="66110.6" Y="115671" />
				<Coordinate Order="41" X="66205.7" Y="115692" />
				<Coordinate Order="42" X="66288.9" Y="115752" />
				<Coordinate Order="43" X="66367.4" Y="115811" />
				<Coordinate Order="44" X="66388.8" Y="115906" />
				<Coordinate Order="45" X="66398.3" Y="116004" />
				<Coordinate Order="46" X="66376.9" Y="116097" />
				<Coordinate Order="47" X="66319.8" Y="116175" />
				<Coordinate Order="48" X="66248.5" Y="116244" />
				<Coordinate Order="49" X="66186.7" Y="116318" />
				<Coordinate Order="50" X="66154.2" Y="116388" />
				<Coordinate Order="51" X="66062.7" Y="116422" />
				<Coordinate Order="52" X="65982.6" Y="116470" />
				<Coordinate Order="53" X="65895.7" Y="116520" />
				<Coordinate Order="54" X="65815.6" Y="116571" />
				<Coordinate Order="55" X="65747" Y="116632" />
				<Coordinate Order="56" X="65660" Y="116662" />
				<Coordinate Order="57" X="65563.9" Y="116685" />
				<Coordinate Order="58" X="65474.7" Y="116708" />
				<Coordinate Order="59" X="65376.3" Y="116708" />
				<Coordinate Order="60" X="65282.5" Y="116708" />
				<Coordinate Order="61" X="65191" Y="116722" />
				<Coordinate Order="62" X="65225.3" Y="116811" />
				<Coordinate Order="63" X="65316.8" Y="116818" />
				<Coordinate Order="64" X="65412.9" Y="116822" />
				<Coordinate Order="65" X="65509" Y="116813" />
				<Coordinate Order="66" X="65602.8" Y="116804" />
				<Coordinate Order="67" X="65666.9" Y="116873" />
				<Coordinate Order="68" X="65756.1" Y="116895" />
				<Coordinate Order="69" X="65847.6" Y="116877" />
				<Coordinate Order="70" X="65900.2" Y="116953" />
				<Coordinate Order="71" X="65907.1" Y="116861" />
				<Coordinate Order="72" X="65991.8" Y="116822" />
				<Coordinate Order="73" X="66021.5" Y="116909" />
				<Coordinate Order="74" X="66060.4" Y="116994" />
				<Coordinate Order="75" X="66151.9" Y="117012" />
				<Coordinate Order="76" X="66213.7" Y="117083" />
				<Coordinate Order="77" X="66286.9" Y="117140" />
				<Coordinate Order="78" X="66378.4" Y="117152" />
				<Coordinate Order="79" X="66437.9" Y="117081" />
				<Coordinate Order="80" X="66460.8" Y="116989" />
				<Coordinate Order="81" X="66479.1" Y="116893" />
				<Coordinate Order="82" X="66511.1" Y="116802" />
				<Coordinate Order="83" X="66545.4" Y="116715" />
				<Coordinate Order="84" X="66632.3" Y="116676" />
				<Coordinate Order="85" X="66726.1" Y="116676" />
				<Coordinate Order="86" X="66762.7" Y="116728" />
				<Coordinate Order="87" X="66787.9" Y="116822" />
				<Coordinate Order="88" X="66790.2" Y="116914" />
				<Coordinate Order="89" X="66831.4" Y="116998" />
				<Coordinate Order="90" X="66879.4" Y="117078" />
				<Coordinate Order="91" X="66922.9" Y="117163" />
				<Coordinate Order="92" X="66938.9" Y="117255" />
				<Coordinate Order="93" X="66879.4" Y="117326" />
				<Coordinate Order="94" X="66865.7" Y="117419" />
				<Coordinate Order="95" X="66890.9" Y="117511" />
				<Coordinate Order="96" X="66977.8" Y="117474" />
				<Coordinate Order="97" X="67041.9" Y="117406" />
				<Coordinate Order="98" X="67135.6" Y="117394" />
				<Coordinate Order="99" X="67186" Y="117472" />
				<Coordinate Order="100" X="67279.8" Y="117481" />
				<Coordinate Order="101" X="67341.6" Y="117412" />
				<Coordinate Order="102" X="67433.1" Y="117417" />
				<Coordinate Order="103" X="67524.6" Y="117424" />
				<Coordinate Order="104" X="67545.2" Y="117335" />
				<Coordinate Order="105" X="67597.8" Y="117257" />
				<Coordinate Order="106" X="67689.3" Y="117271" />
				<Coordinate Order="107" X="67776.2" Y="117229" />
				<Coordinate Order="108" X="67838" Y="117156" />
				<Coordinate Order="109" X="67924.9" Y="117126" />
				<Coordinate Order="110" X="68011.9" Y="117163" />
				<Coordinate Order="111" X="68087.4" Y="117216" />
				<Coordinate Order="112" X="68108" Y="117305" />
				<Coordinate Order="113" X="68183.5" Y="117364" />
				<Coordinate Order="114" X="68277.3" Y="117348" />
				<Coordinate Order="115" X="68373.4" Y="117321" />
				<Coordinate Order="116" X="68435.1" Y="117252" />
				<Coordinate Order="117" X="68524.4" Y="117232" />
				<Coordinate Order="118" X="68614.2" Y="117296" />
				<Coordinate Order="119" X="68670.3" Y="117352" />
				<Coordinate Order="120" X="68743.7" Y="117377" />
				<Coordinate Order="121" X="68822.9" Y="117379" />
				<Coordinate Order="122" X="68898.3" Y="117402" />
				<Coordinate Order="123" X="68933.1" Y="117460" />
				<Coordinate Order="124" X="68931.1" Y="117537" />
				<Coordinate Order="125" X="68865.4" Y="117585" />
				<Coordinate Order="126" X="68803.6" Y="117636" />
				<Coordinate Order="127" X="68745.6" Y="117690" />
				<Coordinate Order="128" X="68701.2" Y="117754" />
				<Coordinate Order="129" X="68753.4" Y="117813" />
				<Coordinate Order="130" X="68765" Y="117891" />
				<Coordinate Order="131" X="68710.9" Y="117947" />
				<Coordinate Order="132" X="68637.4" Y="117976" />
				<Coordinate Order="133" X="68569.8" Y="118014" />
				<Coordinate Order="134" X="68620" Y="118076" />
				<Coordinate Order="135" X="68616.2" Y="118154" />
				<Coordinate Order="136" X="68556.3" Y="118206" />
				<Coordinate Order="137" X="68482.8" Y="118233" />
				<Coordinate Order="138" X="68550.5" Y="118271" />
				<Coordinate Order="139" X="68577.5" Y="118345" />
				<Coordinate Order="140" X="68629.7" Y="118403" />
				<Coordinate Order="141" X="68689.6" Y="118453" />
				<Coordinate Order="142" X="68766.9" Y="118469" />
				<Coordinate Order="143" X="68851.9" Y="118465" />
				<Coordinate Order="144" X="68933.1" Y="118459" />
				<Coordinate Order="145" X="69010.4" Y="118457" />
				<Coordinate Order="146" X="69085.7" Y="118436" />
				<Coordinate Order="147" X="69145.6" Y="118382" />
				<Coordinate Order="148" X="69224.9" Y="118362" />
				<Coordinate Order="149" X="69300.2" Y="118343" />
				<Coordinate Order="150" X="69379.5" Y="118341" />
				<Coordinate Order="151" X="69454.8" Y="118374" />
				<Coordinate Order="152" X="69516.7" Y="118422" />
				<Coordinate Order="153" X="69568.8" Y="118482" />
				<Coordinate Order="154" X="69603.6" Y="118554" />
				<Coordinate Order="155" X="69619.1" Y="118633" />
				<Coordinate Order="156" X="69570.8" Y="118695" />
				<Coordinate Order="157" X="69487.7" Y="118712" />
				<Coordinate Order="158" X="69402.7" Y="118714" />
				<Coordinate Order="159" X="69325.4" Y="118706" />
				<Coordinate Order="160" X="69250" Y="118689" />
				<Coordinate Order="161" X="69188.2" Y="118641" />
				<Coordinate Order="162" X="69112.8" Y="118598" />
				<Coordinate Order="163" X="69037.4" Y="118577" />
				<Coordinate Order="164" X="68958.2" Y="118556" />
				<Coordinate Order="165" X="68877" Y="118550" />
				<Coordinate Order="166" X="68795.9" Y="118548" />
				<Coordinate Order="167" X="68716.6" Y="118561" />
				<Coordinate Order="168" X="68641.3" Y="118579" />
				<Coordinate Order="169" X="68639.4" Y="118656" />
				<Coordinate Order="170" X="68631.6" Y="118733" />
				<Coordinate Order="171" X="68681.3" Y="118707" />
				<Coordinate Order="172" X="68714.3" Y="118767" />
				<Coordinate Order="173" X="68776.9" Y="118790" />
				<Coordinate Order="174" X="68836.3" Y="118831" />
				<Coordinate Order="175" X="68879.2" Y="118882" />
				<Coordinate Order="176" X="68918.8" Y="118940" />
				<Coordinate Order="177" X="68986.4" Y="118969" />
				<Coordinate Order="178" X="69054" Y="118986" />
				<Coordinate Order="179" X="69118.3" Y="119007" />
				<Coordinate Order="180" X="69167.8" Y="119052" />
				<Coordinate Order="181" X="69179.3" Y="119119" />
				<Coordinate Order="182" X="69120" Y="119152" />
				<Coordinate Order="183" X="69049" Y="119159" />
				<Coordinate Order="184" X="68978.1" Y="119159" />
				<Coordinate Order="185" X="68912.2" Y="119149" />
				<Coordinate Order="186" X="68846.2" Y="119133" />
				<Coordinate Order="187" X="68778.6" Y="119103" />
				<Coordinate Order="188" X="68714.3" Y="119088" />
				<Coordinate Order="189" X="68669.7" Y="119138" />
				<Coordinate Order="190" X="68645" Y="119204" />
				<Coordinate Order="191" X="68631.8" Y="119270" />
				<Coordinate Order="192" X="68595.5" Y="119329" />
				<Coordinate Order="193" X="68569.1" Y="119392" />
				<Coordinate Order="194" X="68631.8" Y="119425" />
				<Coordinate Order="195" X="68702.7" Y="119406" />
				<Coordinate Order="196" X="68765.4" Y="119383" />
				<Coordinate Order="197" X="68831.3" Y="119372" />
				<Coordinate Order="198" X="68897.3" Y="119347" />
				<Coordinate Order="199" X="68968.2" Y="119349" />
				<Coordinate Order="200" X="69034.2" Y="119345" />
				<Coordinate Order="201" X="69100.2" Y="119329" />
				<Coordinate Order="202" X="69159.5" Y="119359" />
				<Coordinate Order="203" X="69118.3" Y="119411" />
				<Coordinate Order="204" X="69063.9" Y="119451" />
				<Coordinate Order="205" X="69009.5" Y="119492" />
				<Coordinate Order="206" X="68951.7" Y="119530" />
				<Coordinate Order="207" X="68908.9" Y="119583" />
				<Coordinate Order="208" X="68885.8" Y="119646" />
				<Coordinate Order="209" X="68951.7" Y="119670" />
				<Coordinate Order="210" X="69016.1" Y="119655" />
				<Coordinate Order="211" X="69078.7" Y="119627" />
				<Coordinate Order="212" X="69134.8" Y="119585" />
				<Coordinate Order="213" X="69177.7" Y="119530" />
				<Coordinate Order="214" X="69227.1" Y="119481" />
				<Coordinate Order="215" X="69291.5" Y="119458" />
				<Coordinate Order="216" X="69352.5" Y="119484" />
				<Coordinate Order="217" X="69398.7" Y="119532" />
				<Coordinate Order="218" X="69405.3" Y="119611" />
				<Coordinate Order="219" X="69378.9" Y="119672" />
				<Coordinate Order="220" X="69372.3" Y="119738" />
				<Coordinate Order="221" X="69439.9" Y="119735" />
				<Coordinate Order="222" X="69509.2" Y="119710" />
				<Coordinate Order="223" X="69571.8" Y="119687" />
				<Coordinate Order="224" X="69647.7" Y="119677" />
				<Coordinate Order="225" X="69720.3" Y="119683" />
				<Coordinate Order="226" X="69787.9" Y="119700" />
				<Coordinate Order="227" X="69850.5" Y="119721" />
				<Coordinate Order="228" X="69921.4" Y="119733" />
				<Coordinate Order="229" X="69990.7" Y="119746" />
				<Coordinate Order="230" X="70055" Y="119773" />
				<Coordinate Order="231" X="70114.4" Y="119812" />
				<Coordinate Order="232" X="70168.8" Y="119858" />
				<Coordinate Order="233" X="70203.5" Y="119924" />
				<Coordinate Order="234" X="70233.1" Y="119989" />
				<Coordinate Order="235" X="70252.9" Y="120056" />
				<Coordinate Order="236" X="70264.5" Y="120122" />
				<Coordinate Order="237" X="70322.2" Y="120157" />
				<Coordinate Order="238" X="70376.6" Y="120205" />
				<Coordinate Order="239" X="70389.8" Y="120289" />
				<Coordinate Order="240" X="70353.5" Y="120348" />
				<Coordinate Order="241" X="70322.2" Y="120411" />
				<Coordinate Order="242" X="70312.3" Y="120478" />
				<Coordinate Order="243" X="70300.8" Y="120546" />
				<Coordinate Order="244" X="70252.9" Y="120594" />
				<Coordinate Order="245" X="70187" Y="120600" />
				<Coordinate Order="246" X="70119.3" Y="120630" />
				<Coordinate Order="247" X="70061.6" Y="120671" />
				<Coordinate Order="248" X="70005.6" Y="120717" />
				<Coordinate Order="249" X="69957.7" Y="120769" />
				<Coordinate Order="250" X="69911.6" Y="120818" />
				<Coordinate Order="251" X="69870.3" Y="120871" />
				<Coordinate Order="252" X="69827.9" Y="120819" />
				<Coordinate Order="253" X="69767" Y="120758" />
				<Coordinate Order="254" X="69714.4" Y="120689" />
				<Coordinate Order="255" X="69691.3" Y="120607" />
				<Coordinate Order="256" X="69724.9" Y="120525" />
				<Coordinate Order="257" X="69769.1" Y="120451" />
				<Coordinate Order="258" X="69840.5" Y="120403" />
				<Coordinate Order="259" X="69907.8" Y="120348" />
				<Coordinate Order="260" X="69888.9" Y="120264" />
				<Coordinate Order="261" X="69806.9" Y="120239" />
				<Coordinate Order="262" X="69727" Y="120201" />
				<Coordinate Order="263" X="69647.2" Y="120174" />
				<Coordinate Order="264" X="69563.1" Y="120147" />
				<Coordinate Order="265" X="69485.3" Y="120113" />
				<Coordinate Order="266" X="69416" Y="120063" />
				<Coordinate Order="267" X="69334" Y="120096" />
				<Coordinate Order="268" X="69252.1" Y="120117" />
				<Coordinate Order="269" X="69168" Y="120098" />
				<Coordinate Order="270" X="69079.7" Y="120098" />
				<Coordinate Order="271" X="68993.6" Y="120098" />
				<Coordinate Order="272" X="68909.5" Y="120081" />
				<Coordinate Order="273" X="68825.4" Y="120079" />
				<Coordinate Order="274" X="68749.8" Y="120117" />
				<Coordinate Order="275" X="68726.7" Y="120203" />
				<Coordinate Order="276" X="68745.6" Y="120285" />
				<Coordinate Order="277" X="68770.8" Y="120367" />
				<Coordinate Order="278" X="68678.8" Y="120484" />
				<Coordinate Order="279" X="68605.8" Y="120538" />
				<Coordinate Order="280" X="68479.9" Y="120526" />
				<Coordinate Order="281" X="68356.9" Y="120182" />
				<Coordinate Order="282" X="68477.9" Y="120103" />
				<Coordinate Order="283" X="68370.6" Y="120056" />
				<Coordinate Order="284" X="67948.5" Y="120333" />
				<Coordinate Order="285" X="67946.3" Y="120551" />
				<Coordinate Order="286" X="68229.5" Y="120751" />
				<Coordinate Order="287" X="68211.4" Y="121038" />
				<Coordinate Order="288" X="67862.3" Y="121232" />
				<Coordinate Order="289" X="67797.4" Y="121315" />
				<Coordinate Order="290" X="68177.4" Y="121289" />
				<Coordinate Order="291" X="68484" Y="121136" />
				<Coordinate Order="292" X="68349.5" Y="120962" />
				<Coordinate Order="293" X="68420.8" Y="120840" />
				<Coordinate Order="294" X="68681.7" Y="120897" />
				<Coordinate Order="295" X="68676.8" Y="120603" />
				<Coordinate Order="296" X="68859.1" Y="120384" />
				<Coordinate Order="297" X="68947.3" Y="120378" />
				<Coordinate Order="298" X="69035.6" Y="120353" />
				<Coordinate Order="299" X="69115.5" Y="120315" />
				<Coordinate Order="300" X="69201.6" Y="120296" />
				<Coordinate Order="301" X="69283.6" Y="120317" />
				<Coordinate Order="302" X="69357.1" Y="120359" />
				<Coordinate Order="303" X="69378.2" Y="120445" />
				<Coordinate Order="304" X="69321.4" Y="120512" />
				<Coordinate Order="305" X="69239.5" Y="120538" />
				<Coordinate Order="306" X="69149.1" Y="120552" />
				<Coordinate Order="307" X="69060.8" Y="120561" />
				<Coordinate Order="308" X="68976.8" Y="120552" />
				<Coordinate Order="309" X="68901.1" Y="120596" />
				<Coordinate Order="310" X="68917.9" Y="120680" />
				<Coordinate Order="311" X="68846.5" Y="120727" />
				<Coordinate Order="312" X="68764.5" Y="120746" />
				<Coordinate Order="313" X="68808.6" Y="120819" />
				<Coordinate Order="314" X="68867.5" Y="120882" />
				<Coordinate Order="315" X="68901.1" Y="120962" />
				<Coordinate Order="316" X="68922.1" Y="121044" />
				<Coordinate Order="317" X="68882.2" Y="121120" />
				<Coordinate Order="318" X="68861.2" Y="121204" />
				<Coordinate Order="319" X="68915.8" Y="121269" />
				<Coordinate Order="320" X="68995.7" Y="121319" />
				<Coordinate Order="321" X="69071.3" Y="121366" />
				<Coordinate Order="322" X="69149.1" Y="121410" />
				<Coordinate Order="323" X="69210" Y="121471" />
				<Coordinate Order="324" X="69163.8" Y="121542" />
				<Coordinate Order="325" X="69159.6" Y="121611" />
				<Coordinate Order="326" X="69245.8" Y="121637" />
				<Coordinate Order="327" X="69243.7" Y="121685" />
				<Coordinate Order="328" X="69243.7" Y="121773" />
				<Coordinate Order="329" X="69205.8" Y="121853" />
				<Coordinate Order="330" X="69214.2" Y="121937" />
				<Coordinate Order="331" X="69210" Y="122021" />
				<Coordinate Order="332" X="69184.8" Y="122107" />
				<Coordinate Order="333" X="69161.7" Y="122200" />
				<Coordinate Order="334" X="69128.1" Y="122280" />
				<Coordinate Order="335" X="69071.3" Y="122345" />
				<Coordinate Order="336" X="69006.2" Y="122402" />
				<Coordinate Order="337" X="68932.6" Y="122450" />
				<Coordinate Order="338" X="68850.7" Y="122475" />
				<Coordinate Order="339" X="68766.6" Y="122482" />
				<Coordinate Order="340" X="68693" Y="122519" />
				<Coordinate Order="341" X="68604.8" Y="122484" />
				<Coordinate Order="342" X="68516.5" Y="122452" />
				<Coordinate Order="343" X="68432.4" Y="122437" />
				<Coordinate Order="344" X="68342.1" Y="122418" />
				<Coordinate Order="345" X="68258" Y="122400" />
				<Coordinate Order="346" X="68184.5" Y="122358" />
				<Coordinate Order="347" X="68115.1" Y="122307" />
				<Coordinate Order="348" X="68054.2" Y="122242" />
				<Coordinate Order="349" X="67999.5" Y="122166" />
				<Coordinate Order="350" X="67947" Y="122099" />
				<Coordinate Order="351" X="67900.7" Y="122025" />
				<Coordinate Order="352" X="67879.7" Y="121941" />
				<Coordinate Order="353" X="67852.4" Y="121857" />
				<Coordinate Order="354" X="67814.6" Y="121782" />
				<Coordinate Order="355" X="67749.4" Y="121836" />
				<Coordinate Order="356" X="67711.6" Y="121914" />
				<Coordinate Order="357" X="67694.8" Y="122000" />
				<Coordinate Order="358" X="67753.6" Y="122070" />
				<Coordinate Order="359" X="67816.7" Y="122133" />
				<Coordinate Order="360" X="67831.4" Y="122221" />
				<Coordinate Order="361" X="67793.6" Y="122299" />
				<Coordinate Order="362" X="67724.2" Y="122355" />
				<Coordinate Order="363" X="67642.2" Y="122379" />
				<Coordinate Order="364" X="67604.4" Y="122469" />
				<Coordinate Order="365" X="67602.3" Y="122553" />
				<Coordinate Order="366" X="67608.6" Y="122591" />
				<Coordinate Order="367" X="67589.7" Y="122673" />
				<Coordinate Order="368" X="67533" Y="122736" />
				<Coordinate Order="369" X="67444.7" Y="122725" />
				<Coordinate Order="370" X="67358.5" Y="122711" />
				<Coordinate Order="371" X="67272.4" Y="122692" />
				<Coordinate Order="372" X="67190.4" Y="122715" />
				<Coordinate Order="373" X="67104.2" Y="122713" />
				<Coordinate Order="374" X="67053.8" Y="122782" />
				<Coordinate Order="375" X="67046.4" Y="122795" />
				<Coordinate Order="376" X="67046.4" Y="122871" />
				<Coordinate Order="377" X="67033.8" Y="122945" />
				<Coordinate Order="378" X="66963.2" Y="122971" />
				<Coordinate Order="379" X="66894.4" Y="122996" />
				<Coordinate Order="380" X="66925.2" Y="123067" />
				<Coordinate Order="381" X="66954.1" Y="123135" />
				<Coordinate Order="382" X="66907.1" Y="123195" />
				<Coordinate Order="383" X="66838.3" Y="123222" />
				<Coordinate Order="384" X="66796.7" Y="123282" />
				<Coordinate Order="385" X="66722.5" Y="123285" />
				<Coordinate Order="386" X="66648.4" Y="123291" />
				<Coordinate Order="387" X="66574.2" Y="123287" />
				<Coordinate Order="388" X="66503.6" Y="123266" />
				<Coordinate Order="389" X="66447.5" Y="123218" />
				<Coordinate Order="390" X="66393.2" Y="123170" />
				<Coordinate Order="391" X="66320.9" Y="123164" />
				<Coordinate Order="392" X="66244.9" Y="123164" />
				<Coordinate Order="393" X="66179.7" Y="123204" />
				<Coordinate Order="394" X="66130.9" Y="123264" />
				<Coordinate Order="395" X="66085.6" Y="123322" />
				<Coordinate Order="396" X="66038.6" Y="123380" />
				<Coordinate Order="397" X="65968" Y="123403" />
				<Coordinate Order="398" X="65881.5" Y="123382" />
				<Coordinate Order="399" X="65826.8" Y="123375" />
				<Coordinate Order="400" X="65772" Y="123368" />
				<Coordinate Order="401" X="65715.8" Y="123358" />
				<Coordinate Order="402" X="65659.7" Y="123371" />
				<Coordinate Order="403" X="65607.6" Y="123391" />
				<Coordinate Order="404" X="65565.2" Y="123427" />
				<Coordinate Order="405" X="65522.7" Y="123462" />
				<Coordinate Order="406" X="65470.7" Y="123493" />
				<Coordinate Order="407" X="65422.8" Y="123525" />
				<Coordinate Order="408" X="65376.2" Y="123557" />
				<Coordinate Order="409" X="65317.3" Y="123580" />
				<Coordinate Order="410" X="65265.3" Y="123599" />
				<Coordinate Order="411" X="65211.9" Y="123613" />
				<Coordinate Order="412" X="65159.8" Y="123594" />
				<Coordinate Order="413" X="65105" Y="123578" />
				<Coordinate Order="414" X="65050.3" Y="123567" />
				<Coordinate Order="415" X="64995.5" Y="123571" />
				<Coordinate Order="416" X="64946.2" Y="123557" />
				<Coordinate Order="417" X="64902.3" Y="123521" />
				<Coordinate Order="418" X="64846.2" Y="123520" />
				<Coordinate Order="419" X="64813.3" Y="123567" />
				<Coordinate Order="420" X="64770.9" Y="123609" />
				<Coordinate Order="421" X="64721.6" Y="123635" />
				<Coordinate Order="422" X="64665.4" Y="123639" />
				<Coordinate Order="423" X="64612" Y="123625" />
				<Coordinate Order="424" X="64560" Y="123608" />
				<Coordinate Order="425" X="64502.4" Y="123599" />
				<Coordinate Order="426" X="64446.3" Y="123602" />
				<Coordinate Order="427" X="64394.3" Y="123621" />
				<Coordinate Order="428" X="64342.2" Y="123602" />
				<Coordinate Order="429" X="64339.5" Y="123546" />
				<Coordinate Order="430" X="64342.2" Y="123491" />
				<Coordinate Order="431" X="64349.1" Y="123436" />
				<Coordinate Order="432" X="64305.2" Y="123400" />
				<Coordinate Order="433" X="64243.6" Y="123398" />
				<Coordinate Order="434" X="64184.7" Y="123408" />
				<Coordinate Order="435" X="64150.5" Y="123453" />
				<Coordinate Order="436" X="64140.9" Y="123509" />
				<Coordinate Order="437" X="64123.1" Y="123565" />
				<Coordinate Order="438" X="64108" Y="123619" />
				<Coordinate Order="439" X="64093" Y="123673" />
				<Coordinate Order="440" X="64066.9" Y="123723" />
				<Coordinate Order="441" X="64017.6" Y="123747" />
				<Coordinate Order="442" X="63958.8" Y="123754" />
				<Coordinate Order="443" X="63902.6" Y="123756" />
				<Coordinate Order="444" X="63845.1" Y="123734" />
				<Coordinate Order="445" X="63795.8" Y="123706" />
				<Coordinate Order="446" X="63741" Y="123712" />
				<Coordinate Order="447" X="63687.6" Y="123694" />
				<Coordinate Order="448" X="63665.7" Y="123643" />
				<Coordinate Order="449" X="63705.4" Y="123604" />
				<Coordinate Order="450" X="63753.3" Y="123575" />
				<Coordinate Order="451" X="63804" Y="123546" />
				<Coordinate Order="452" X="63843.7" Y="123506" />
				<Coordinate Order="453" X="63839.6" Y="123450" />
				<Coordinate Order="454" X="63783.5" Y="123428" />
				<Coordinate Order="455" X="63727.3" Y="123442" />
				<Coordinate Order="456" X="63673.9" Y="123469" />
				<Coordinate Order="457" X="63617.7" Y="123482" />
				<Coordinate Order="458" X="63568.4" Y="123449" />
				<Coordinate Order="459" X="63528.7" Y="123410" />
				<Coordinate Order="460" X="63491.8" Y="123368" />
				<Coordinate Order="461" X="63434.2" Y="123373" />
				<Coordinate Order="462" X="63380.8" Y="123386" />
				<Coordinate Order="463" X="63326" Y="123397" />
				<Coordinate Order="464" X="63271.3" Y="123413" />
				<Coordinate Order="465" X="63223.3" Y="123383" />
				<Coordinate Order="466" X="63215.1" Y="123328" />
				<Coordinate Order="467" X="63220.6" Y="123274" />
				<Coordinate Order="468" X="63204.2" Y="123220" />
				<Coordinate Order="469" X="63149.4" Y="123208" />
				<Coordinate Order="470" X="63100.1" Y="123238" />
				<Coordinate Order="471" X="63068.6" Y="123287" />
				<Coordinate Order="472" X="63020.6" Y="123323" />
				<Coordinate Order="473" X="62963.1" Y="123337" />
				<Coordinate Order="474" X="62908.3" Y="123347" />
				<Coordinate Order="475" X="62861.8" Y="123379" />
				<Coordinate Order="476" X="62815.2" Y="123409" />
				<Coordinate Order="477" X="62760.4" Y="123405" />
				<Coordinate Order="478" X="62719.3" Y="123368" />
				<Coordinate Order="479" X="62731.7" Y="123315" />
				<Coordinate Order="480" X="62764.5" Y="123269" />
				<Coordinate Order="481" X="62771.4" Y="123213" />
				<Coordinate Order="482" X="62724.8" Y="123182" />
				<Coordinate Order="483" X="62668.7" Y="123184" />
				<Coordinate Order="484" X="62612.5" Y="123189" />
				<Coordinate Order="485" X="62566" Y="123154" />
				<Coordinate Order="486" X="62607" Y="123113" />
				<Coordinate Order="487" X="62661.8" Y="123106" />
				<Coordinate Order="488" X="62668.7" Y="123069" />
				<Coordinate Order="489" X="62627.5" Y="123014" />
				<Coordinate Order="490" X="62615.9" Y="122948" />
				<Coordinate Order="491" X="62653.9" Y="122894" />
				<Coordinate Order="492" X="62676.9" Y="122831" />
				<Coordinate Order="493" X="62632.4" Y="122782" />
				<Coordinate Order="494" X="62571.4" Y="122754" />
				<Coordinate Order="495" X="62505.5" Y="122767" />
				<Coordinate Order="496" X="62462.6" Y="122820" />
				<Coordinate Order="497" X="62444.4" Y="122886" />
				<Coordinate Order="498" X="62418.1" Y="122951" />
				<Coordinate Order="499" X="62362" Y="122993" />
				<Coordinate Order="500" X="62287.8" Y="122996" />
				<Coordinate Order="501" X="62218.6" Y="122996" />
				<Coordinate Order="502" X="62152.6" Y="122983" />
				<Coordinate Order="503" X="62086.6" Y="122978" />
				<Coordinate Order="504" X="62066.9" Y="122914" />
				<Coordinate Order="505" X="62127.9" Y="122876" />
				<Coordinate Order="506" X="62200.4" Y="122851" />
				<Coordinate Order="507" X="62263.1" Y="122829" />
				<Coordinate Order="508" X="62325.7" Y="122805" />
				<Coordinate Order="509" X="62393.3" Y="122800" />
				<Coordinate Order="510" X="62451" Y="122767" />
				<Coordinate Order="511" X="62513.7" Y="122740" />
				<Coordinate Order="512" X="62545" Y="122681" />
				<Coordinate Order="513" X="62553.3" Y="122615" />
				<Coordinate Order="514" X="62579.7" Y="122554" />
				<Coordinate Order="515" X="62624.2" Y="122501" />
				<Coordinate Order="516" X="62584.6" Y="122447" />
				<Coordinate Order="517" X="62513.7" Y="122434" />
				<Coordinate Order="518" X="62449.4" Y="122414" />
				<Coordinate Order="519" X="62414.8" Y="122355" />
				<Coordinate Order="520" X="62388.4" Y="122294" />
				<Coordinate Order="521" X="62320.8" Y="122282" />
				<Coordinate Order="522" X="62258.1" Y="122312" />
				<Coordinate Order="523" X="62210.3" Y="122361" />
				<Coordinate Order="524" X="62208.7" Y="122429" />
				<Coordinate Order="525" X="62208.7" Y="122498" />
				<Coordinate Order="526" X="62208.7" Y="122566" />
				<Coordinate Order="527" X="62157.5" Y="122615" />
				<Coordinate Order="528" X="62091.6" Y="122618" />
				<Coordinate Order="529" X="62024" Y="122615" />
				<Coordinate Order="530" X="61963" Y="122587" />
				<Coordinate Order="531" X="61906.9" Y="122630" />
				<Coordinate Order="532" X="61890.4" Y="122698" />
				<Coordinate Order="533" X="61895.4" Y="122767" />
				<Coordinate Order="534" X="61882.2" Y="122834" />
				<Coordinate Order="535" X="61836" Y="122887" />
				<Coordinate Order="536" X="61771.7" Y="122907" />
				<Coordinate Order="537" X="61702.5" Y="122897" />
				<Coordinate Order="538" X="61644.7" Y="122859" />
				<Coordinate Order="539" X="61593.6" Y="122813" />
				<Coordinate Order="540" X="61539.2" Y="122772" />
				<Coordinate Order="541" X="61535.9" Y="122747" />
				<Coordinate Order="542" X="61471.6" Y="122731" />
				<Coordinate Order="543" X="61405.7" Y="122737" />
				<Coordinate Order="544" X="61338.1" Y="122752" />
				<Coordinate Order="545" X="61272.1" Y="122740" />
				<Coordinate Order="546" X="61212.7" Y="122707" />
				<Coordinate Order="547" X="61146.8" Y="122676" />
				<Coordinate Order="548" X="61128.6" Y="122610" />
				<Coordinate Order="549" X="61136.9" Y="122541" />
				<Coordinate Order="550" X="61130.3" Y="122473" />
				<Coordinate Order="551" X="61123.7" Y="122407" />
				<Coordinate Order="552" X="61112.2" Y="122340" />
				<Coordinate Order="553" X="61115.5" Y="122272" />
				<Coordinate Order="554" X="61143.5" Y="122211" />
				<Coordinate Order="555" X="61194.6" Y="122167" />
				<Coordinate Order="556" X="61250.7" Y="122129" />
				<Coordinate Order="557" X="61285.3" Y="122068" />
				<Coordinate Order="558" X="61349.6" Y="122048" />
				<Coordinate Order="559" X="61412.3" Y="122026" />
				<Coordinate Order="560" X="61420.5" Y="121957" />
				<Coordinate Order="561" X="61453.5" Y="121898" />
				<Coordinate Order="562" X="61524.4" Y="121881" />
				<Coordinate Order="563" X="61588.7" Y="121867" />
				<Coordinate Order="564" X="61654.6" Y="121865" />
				<Coordinate Order="565" X="61722.2" Y="121867" />
				<Coordinate Order="566" X="61781.6" Y="121898" />
				<Coordinate Order="567" X="61834.4" Y="121944" />
				<Coordinate Order="568" X="61890.4" Y="121980" />
				<Coordinate Order="569" X="61944.8" Y="122018" />
				<Coordinate Order="570" X="61996" Y="122078" />
				<Coordinate Order="571" X="62030.6" Y="122137" />
				<Coordinate Order="572" X="62080" Y="122181" />
				<Coordinate Order="573" X="62116.3" Y="122238" />
				<Coordinate Order="574" X="62179" Y="122214" />
				<Coordinate Order="575" X="62216.9" Y="122158" />
				<Coordinate Order="576" X="62266.4" Y="122111" />
				<Coordinate Order="577" X="62320.8" Y="122073" />
				<Coordinate Order="578" X="62386.7" Y="122063" />
				<Coordinate Order="579" X="62456" Y="122059" />
				<Coordinate Order="580" X="62525.2" Y="122058" />
				<Coordinate Order="581" X="62596.1" Y="122058" />
				<Coordinate Order="582" X="62642.3" Y="122010" />
				<Coordinate Order="583" X="62620.9" Y="121944" />
				<Coordinate Order="584" X="62587.9" Y="121886" />
				<Coordinate Order="585" X="62564.8" Y="121824" />
				<Coordinate Order="586" X="62545" Y="121759" />
				<Coordinate Order="587" X="62515.4" Y="121700" />
				<Coordinate Order="588" X="62480.7" Y="121642" />
				<Coordinate Order="589" X="62409.8" Y="121631" />
				<Coordinate Order="590" X="62342.2" Y="121636" />
				<Coordinate Order="591" X="62281.2" Y="121665" />
				<Coordinate Order="592" X="62249.9" Y="121726" />
				<Coordinate Order="593" X="62213.6" Y="121786" />
				<Coordinate Order="594" X="62203.7" Y="121852" />
				<Coordinate Order="595" X="62170.7" Y="121911" />
				<Coordinate Order="596" X="62114.7" Y="121947" />
				<Coordinate Order="597" X="62053.7" Y="121974" />
				<Coordinate Order="598" X="61986.1" Y="121979" />
				<Coordinate Order="599" X="61920.1" Y="121969" />
				<Coordinate Order="600" X="61892.1" Y="121908" />
				<Coordinate Order="601" X="61918.5" Y="121845" />
				<Coordinate Order="602" X="61979.5" Y="121814" />
				<Coordinate Order="603" X="62042.1" Y="121787" />
				<Coordinate Order="604" X="62103.1" Y="121761" />
				<Coordinate Order="605" X="62134.5" Y="121698" />
				<Coordinate Order="606" X="62116.3" Y="121634" />
				<Coordinate Order="607" X="62063.6" Y="121591" />
				<Coordinate Order="608" X="62014.1" Y="121547" />
				<Coordinate Order="609" X="61984.4" Y="121486" />
				<Coordinate Order="610" X="61943.2" Y="121433" />
				<Coordinate Order="611" X="61903.6" Y="121487" />
				<Coordinate Order="612" X="61895.4" Y="121553" />
				<Coordinate Order="613" X="61878.9" Y="121618" />
				<Coordinate Order="614" X="61822.8" Y="121654" />
				<Coordinate Order="615" X="61755.2" Y="121637" />
				<Coordinate Order="616" X="61697.5" Y="121603" />
				<Coordinate Order="617" X="61644.7" Y="121561" />
				<Coordinate Order="618" X="61666.2" Y="121497" />
				<Coordinate Order="619" X="61728.8" Y="121471" />
				<Coordinate Order="620" X="61717.3" Y="121403" />
				<Coordinate Order="621" X="61697.5" Y="121336" />
				<Coordinate Order="622" X="61643.1" Y="121294" />
				<Coordinate Order="623" X="61572.2" Y="121293" />
				<Coordinate Order="624" X="61504.6" Y="121293" />
				<Coordinate Order="625" X="61438.6" Y="121270" />
				<Coordinate Order="626" X="61372.7" Y="121258" />
				<Coordinate Order="627" X="61326.5" Y="121311" />
				<Coordinate Order="628" X="61316.6" Y="121377" />
				<Coordinate Order="629" X="61275.4" Y="121433" />
				<Coordinate Order="630" X="61293.5" Y="121497" />
				<Coordinate Order="631" X="61362.8" Y="121519" />
				<Coordinate Order="632" X="61423.8" Y="121552" />
				<Coordinate Order="633" X="61470" Y="121604" />
				<Coordinate Order="634" X="61514.5" Y="121654" />
				<Coordinate Order="635" X="61562.3" Y="121702" />
				<Coordinate Order="636" X="61577.1" Y="121766" />
				<Coordinate Order="637" X="61519.4" Y="121801" />
				<Coordinate Order="638" X="61448.5" Y="121819" />
				<Coordinate Order="639" X="61382.6" Y="121820" />
				<Coordinate Order="640" X="61315" Y="121815" />
				<Coordinate Order="641" X="61257.3" Y="121779" />
				<Coordinate Order="642" X="61214.4" Y="121726" />
				<Coordinate Order="643" X="61161.6" Y="121679" />
				<Coordinate Order="644" X="61097.3" Y="121659" />
				<Coordinate Order="645" X="61040.2" Y="121660" />
				<Coordinate Order="646" X="61009.1" Y="121612" />
				<Coordinate Order="647" X="61017.6" Y="121555" />
				<Coordinate Order="648" X="61058.5" Y="121513" />
				<Coordinate Order="649" X="61110.8" Y="121489" />
				<Coordinate Order="650" X="61161.6" Y="121463" />
				<Coordinate Order="651" X="61215.2" Y="121483" />
				<Coordinate Order="652" X="61260.4" Y="121448" />
				<Coordinate Order="653" X="61205.3" Y="121430" />
				<Coordinate Order="654" X="61153.1" Y="121403" />
				<Coordinate Order="655" X="61098.1" Y="121376" />
				<Coordinate Order="656" X="61048.6" Y="121348" />
				<Coordinate Order="657" X="60999.2" Y="121319" />
				<Coordinate Order="658" X="60961.1" Y="121277" />
				<Coordinate Order="659" X="60954.1" Y="121221" />
				<Coordinate Order="660" X="60976.6" Y="121167" />
				<Coordinate Order="661" X="61023.2" Y="121132" />
				<Coordinate Order="662" X="61078.3" Y="121149" />
				<Coordinate Order="663" X="61117.8" Y="121108" />
				<Coordinate Order="664" X="61148.9" Y="121055" />
				<Coordinate Order="665" X="61199.7" Y="121030" />
				<Coordinate Order="666" X="61257.6" Y="121029" />
				<Coordinate Order="667" X="61314.1" Y="121047" />
				<Coordinate Order="668" X="61362.1" Y="121081" />
				<Coordinate Order="669" X="61376.2" Y="121026" />
				<Coordinate Order="670" X="61326.8" Y="120995" />
				<Coordinate Order="671" X="61285.8" Y="120955" />
				<Coordinate Order="672" X="61301.3" Y="120941" />
				<Coordinate Order="673" X="61319.7" Y="120885" />
				<Coordinate Order="674" X="61373.3" Y="120865" />
				<Coordinate Order="675" X="61347.9" Y="120810" />
				<Coordinate Order="676" X="61322.5" Y="120756" />
				<Coordinate Order="677" X="61335.2" Y="120700" />
				<Coordinate Order="678" X="61342.3" Y="120642" />
				<Coordinate Order="679" X="61297.1" Y="120602" />
				<Coordinate Order="680" X="61243.5" Y="120580" />
				<Coordinate Order="681" X="61192.6" Y="120554" />
				<Coordinate Order="682" X="61137.6" Y="120526" />
				<Coordinate Order="683" X="61082.5" Y="120508" />
				<Coordinate Order="684" X="61078.3" Y="120450" />
				<Coordinate Order="685" X="61137.6" Y="120434" />
				<Coordinate Order="686" X="61192.6" Y="120420" />
				<Coordinate Order="687" X="61179.9" Y="120362" />
				<Coordinate Order="688" X="61147.5" Y="120316" />
				<Coordinate Order="689" X="61096.6" Y="120282" />
				<Coordinate Order="690" X="61051.5" Y="120245" />
				<Coordinate Order="691" X="61074.1" Y="120193" />
				<Coordinate Order="692" X="61133.4" Y="120187" />
				<Coordinate Order="693" X="61188.4" Y="120200" />
				<Coordinate Order="694" X="61240.6" Y="120222" />
				<Coordinate Order="695" X="61287.2" Y="120262" />
				<Coordinate Order="696" X="61333.8" Y="120296" />
				<Coordinate Order="697" X="61380.4" Y="120330" />
				<Coordinate Order="698" X="61432.6" Y="120362" />
				<Coordinate Order="699" X="61493.3" Y="120362" />
				<Coordinate Order="700" X="61551.2" Y="120354" />
				<Coordinate Order="701" X="61586.5" Y="120307" />
				<Coordinate Order="702" X="61576.6" Y="120249" />
				<Coordinate Order="703" X="61538.5" Y="120204" />
				<Coordinate Order="704" X="61483.5" Y="120189" />
				<Coordinate Order="705" X="61424.2" Y="120186" />
				<Coordinate Order="706" X="61366.3" Y="120186" />
				<Coordinate Order="707" X="61311.2" Y="120163" />
				<Coordinate Order="708" X="61298.5" Y="120107" />
				<Coordinate Order="709" X="61349.3" Y="120074" />
				<Coordinate Order="710" X="61380.4" Y="120025" />
				<Coordinate Order="711" X="61411.5" Y="120009" />
				<Coordinate Order="712" X="61431.2" Y="119956" />
				<Coordinate Order="713" X="61458.1" Y="119903" />
				<Coordinate Order="714" X="61501.8" Y="119864" />
				<Coordinate Order="715" X="61518.8" Y="119807" />
				<Coordinate Order="716" X="61458.1" Y="119826" />
				<Coordinate Order="717" X="61403" Y="119853" />
				<Coordinate Order="718" X="61349.3" Y="119872" />
				<Coordinate Order="719" X="61292.9" Y="119894" />
				<Coordinate Order="720" X="61240.6" Y="119870" />
				<Coordinate Order="721" X="61235" Y="119812" />
				<Coordinate Order="722" X="61267.5" Y="119765" />
				<Coordinate Order="723" X="61323.9" Y="119737" />
				<Coordinate Order="724" X="61379" Y="119751" />
				<Coordinate Order="725" X="61425.6" Y="119792" />
				<Coordinate Order="726" X="61483.5" Y="119781" />
				<Coordinate Order="727" X="61538.5" Y="119758" />
				<Coordinate Order="728" X="61583.7" Y="119723" />
				<Coordinate Order="729" X="61640.2" Y="119726" />
				<Coordinate Order="730" X="61693.8" Y="119747" />
				<Coordinate Order="731" X="61747.5" Y="119768" />
				<Coordinate Order="732" X="61803.9" Y="119783" />
				<Coordinate Order="733" X="61859" Y="119799" />
				<Coordinate Order="734" X="61904.2" Y="119837" />
				<Coordinate Order="735" X="61953.6" Y="119867" />
				<Coordinate Order="736" X="62008.6" Y="119853" />
				<Coordinate Order="737" X="62043.9" Y="119806" />
				<Coordinate Order="738" X="62039.7" Y="119750" />
				<Coordinate Order="739" X="61984.6" Y="119733" />
				<Coordinate Order="740" X="61926.8" Y="119734" />
				<Coordinate Order="741" X="61866.1" Y="119738" />
				<Coordinate Order="742" X="61802.5" Y="119740" />
				<Coordinate Order="743" X="61744.6" Y="119730" />
				<Coordinate Order="744" X="61686.8" Y="119714" />
				<Coordinate Order="745" X="61637.3" Y="119682" />
				<Coordinate Order="746" X="61648.6" Y="119625" />
				<Coordinate Order="747" X="61696.6" Y="119591" />
				<Coordinate Order="748" X="61751.7" Y="119577" />
				<Coordinate Order="749" X="61809.6" Y="119576" />
				<Coordinate Order="750" X="61803.9" Y="119586" />
				<Coordinate Order="751" X="61829.3" Y="119534" />
				<Coordinate Order="752" X="61883" Y="119512" />
				<Coordinate Order="753" X="61938.1" Y="119500" />
				<Coordinate Order="754" X="61988.9" Y="119474" />
				<Coordinate Order="755" X="61960.6" Y="119423" />
				<Coordinate Order="756" X="61911.2" Y="119391" />
				<Coordinate Order="757" X="61861.8" Y="119358" />
				<Coordinate Order="758" X="61803.9" Y="119339" />
				<Coordinate Order="759" X="61744.6" Y="119351" />
				<Coordinate Order="760" X="61691" Y="119370" />
				<Coordinate Order="761" X="61633.1" Y="119370" />
				<Coordinate Order="762" X="61587.9" Y="119333" />
				<Coordinate Order="763" X="61599.2" Y="119274" />
				<Coordinate Order="764" X="61631.7" Y="119227" />
				<Coordinate Order="765" X="61674.1" Y="119186" />
				<Coordinate Order="766" X="61716.4" Y="119172" />
				<Coordinate Order="767" X="61764.4" Y="119141" />
				<Coordinate Order="768" X="61820.9" Y="119121" />
				<Coordinate Order="769" X="61877.3" Y="119126" />
				<Coordinate Order="770" X="61928.2" Y="119157" />
				<Coordinate Order="771" X="61973.3" Y="119195" />
				<Coordinate Order="772" X="62022.8" Y="119223" />
				<Coordinate Order="773" X="62070.8" Y="119188" />
				<Coordinate Order="774" X="62111.7" Y="119145" />
				<Coordinate Order="775" X="62168.2" Y="119124" />
				<Coordinate Order="776" X="62233.1" Y="119117" />
				<Coordinate Order="777" X="62283.9" Y="119090" />
				<Coordinate Order="778" X="62319.2" Y="119045" />
				<Coordinate Order="779" X="62354.5" Y="119000" />
				<Coordinate Order="780" X="62374.3" Y="118945" />
				<Coordinate Order="781" X="62316.4" Y="118935" />
				<Coordinate Order="782" X="62259.9" Y="118941" />
				<Coordinate Order="783" X="62207.7" Y="118918" />
				<Coordinate Order="784" X="62172.4" Y="118873" />
				<Coordinate Order="785" X="62162.5" Y="118816" />
				<Coordinate Order="786" X="62118.8" Y="118857" />
				<Coordinate Order="787" X="62101.8" Y="118914" />
				<Coordinate Order="788" X="62070.8" Y="118963" />
				<Coordinate Order="789" X="62031.2" Y="119007" />
				<Coordinate Order="790" X="61986.1" Y="119042" />
				<Coordinate Order="791" X="61915.5" Y="119028" />
				<Coordinate Order="792" X="61860.4" Y="119010" />
				<Coordinate Order="793" X="61829.3" Y="118960" />
				<Coordinate Order="794" X="61842.1" Y="118905" />
				<Coordinate Order="795" X="61884.4" Y="118863" />
				<Coordinate Order="796" X="61933.8" Y="118829" />
				<Coordinate Order="797" X="61980.4" Y="118792" />
				<Coordinate Order="798" X="62010.1" Y="118743" />
				<Coordinate Order="799" X="61993.1" Y="118688" />
				<Coordinate Order="800" X="61960.6" Y="118638" />
				<Coordinate Order="801" X="61928.2" Y="118592" />
				<Coordinate Order="802" X="61894.3" Y="118542" />
				<Coordinate Order="803" X="61864.6" Y="118493" />
				<Coordinate Order="804" X="61922.5" Y="118449" />
				<Coordinate Order="805" X="61969.1" Y="118415" />
				<Coordinate Order="806" X="62025.6" Y="118418" />
				<Coordinate Order="807" X="62046.8" Y="118362" />
				<Coordinate Order="808" X="62086.3" Y="118321" />
				<Coordinate Order="809" X="62139.9" Y="118341" />
				<Coordinate Order="810" X="62190.8" Y="118314" />
				<Coordinate Order="811" X="62210.5" Y="118259" />
				<Coordinate Order="812" X="62248.6" Y="118209" />
				<Coordinate Order="813" X="62300.9" Y="118185" />
				<Coordinate Order="814" X="62357.3" Y="118187" />
				<Coordinate Order="815" X="62413.8" Y="118202" />
				<Coordinate Order="816" X="62463.2" Y="118173" />
				<Coordinate Order="817" X="62411" Y="118137" />
				<Coordinate Order="818" X="62353.1" Y="118136" />
				<Coordinate Order="819" X="62295.2" Y="118143" />
				<Coordinate Order="820" X="62237.3" Y="118147" />
				<Coordinate Order="821" X="62192.2" Y="118112" />
				<Coordinate Order="822" X="62163.9" Y="118061" />
				<Coordinate Order="823" X="62132.9" Y="118012" />
				<Coordinate Order="824" X="62073.6" Y="117999" />
				<Coordinate Order="825" X="62017.1" Y="117982" />
				<Coordinate Order="826" X="61960.6" Y="117964" />
				<Coordinate Order="827" X="61943.7" Y="117907" />
				<Coordinate Order="828" X="61962.1" Y="117854" />
				<Coordinate Order="829" X="62025.6" Y="117830" />
				<Coordinate Order="830" X="62084.9" Y="117817" />
				<Coordinate Order="831" X="62141.3" Y="117808" />
				<Coordinate Order="832" X="62197.8" Y="117824" />
				<Coordinate Order="833" X="62243" Y="117863" />
				<Coordinate Order="834" X="62291" Y="117897" />
				<Coordinate Order="835" X="62348.9" Y="117882" />
				<Coordinate Order="836" X="62405.3" Y="117872" />
				<Coordinate Order="837" X="62460.4" Y="117893" />
				<Coordinate Order="838" X="62514.1" Y="117917" />
				<Coordinate Order="839" X="62569.1" Y="117899" />
				<Coordinate Order="840" X="62594.5" Y="117848" />
				<Coordinate Order="841" X="62562" Y="117800" />
				<Coordinate Order="842" X="62507" Y="117776" />
				<Coordinate Order="843" X="62449.1" Y="117770" />
				<Coordinate Order="844" X="62391.2" Y="117750" />
				<Coordinate Order="845" X="62340.4" Y="117721" />
				<Coordinate Order="846" X="62288.2" Y="117687" />
				<Coordinate Order="847" X="62234.5" Y="117659" />
				<Coordinate Order="848" X="62179.5" Y="117630" />
				<Coordinate Order="849" X="62127.2" Y="117599" />
				<Coordinate Order="850" X="62084.9" Y="117560" />
				<Coordinate Order="851" X="62084.9" Y="117506" />
				<Coordinate Order="852" X="62086.3" Y="117447" />
				<Coordinate Order="853" X="62132.9" Y="117414" />
				<Coordinate Order="854" X="62189.3" Y="117402" />
				<Coordinate Order="855" X="62250.1" Y="117414" />
				<Coordinate Order="856" X="62305.1" Y="117436" />
				<Coordinate Order="857" X="62343.2" Y="117478" />
				<Coordinate Order="858" X="62389.8" Y="117513" />
				<Coordinate Order="859" X="62449.1" Y="117525" />
				<Coordinate Order="860" X="62508.4" Y="117540" />
				<Coordinate Order="861" X="62556.4" Y="117575" />
				<Coordinate Order="862" X="62598.8" Y="117614" />
				<Coordinate Order="863" X="62648.2" Y="117645" />
				<Coordinate Order="864" X="62699" Y="117674" />
				<Coordinate Order="865" X="62759.7" Y="117686" />
				<Coordinate Order="866" X="62820.4" Y="117688" />
				<Coordinate Order="867" X="62885.3" Y="117698" />
				<Coordinate Order="868" X="62940.4" Y="117711" />
				<Coordinate Order="869" X="62998.3" Y="117707" />
				<Coordinate Order="870" X="62965.8" Y="117657" />
				<Coordinate Order="871" X="62912.2" Y="117638" />
				<Coordinate Order="872" X="62955.9" Y="117601" />
				<Coordinate Order="873" X="62988.4" Y="117551" />
				<Coordinate Order="874" X="62953.1" Y="117506" />
				<Coordinate Order="875" X="62895.2" Y="117509" />
				<Coordinate Order="876" X="62862.8" Y="117556" />
				<Coordinate Order="877" X="62819" Y="117595" />
				<Coordinate Order="878" X="62765.3" Y="117615" />
				<Coordinate Order="879" X="62706" Y="117621" />
				<Coordinate Order="880" X="62658" Y="117588" />
				<Coordinate Order="881" X="62634" Y="117536" />
				<Coordinate Order="882" X="62615.7" Y="117481" />
				<Coordinate Order="883" X="62559.2" Y="117472" />
				<Coordinate Order="884" X="62502.8" Y="117458" />
				<Coordinate Order="885" X="62470.3" Y="117410" />
				<Coordinate Order="886" X="62456.2" Y="117354" />
				<Coordinate Order="887" X="62418.1" Y="117309" />
				<Coordinate Order="888" X="62367.2" Y="117280" />
				<Coordinate Order="889" X="62336.2" Y="117228" />
				<Coordinate Order="890" X="62296.6" Y="117187" />
				<Coordinate Order="891" X="62312.2" Y="117128" />
				<Coordinate Order="892" X="62372.9" Y="117104" />
				<Coordinate Order="893" X="62432.2" Y="117090" />
				<Coordinate Order="894" X="62494.3" Y="117091" />
				<Coordinate Order="895" X="62552.2" Y="117093" />
				<Coordinate Order="896" X="62607.2" Y="117107" />
				<Coordinate Order="897" X="62660.9" Y="117136" />
				<Coordinate Order="898" X="62707.5" Y="117169" />
				<Coordinate Order="899" X="62755.5" Y="117138" />
				<Coordinate Order="900" X="62732.9" Y="117083" />
				<Coordinate Order="901" X="62780.9" Y="117050" />
				<Coordinate Order="902" X="62838.8" Y="117057" />
				<Coordinate Order="903" X="62895.2" Y="117046" />
				<Coordinate Order="904" X="62951.7" Y="117038" />
				<Coordinate Order="905" X="62961.6" Y="117060" />
				<Coordinate Order="906" X="63019.5" Y="117052" />
				<Coordinate Order="907" X="63073.1" Y="117022" />
				<Coordinate Order="908" X="63112.6" Y="116975" />
				<Coordinate Order="909" X="63142.3" Y="116925" />
				<Coordinate Order="910" X="63200.2" Y="116932" />
				<Coordinate Order="911" X="63251" Y="116958" />
				<Coordinate Order="912" X="63304.6" Y="116977" />
				<Coordinate Order="913" X="63301.8" Y="116919" />
				<Coordinate Order="914" X="63269.3" Y="116867" />
				<Coordinate Order="915" X="63243.9" Y="116814" />
				<Coordinate Order="916" X="63294.8" Y="116786" />
				<Coordinate Order="917" X="63351.2" Y="116793" />
				<Coordinate Order="918" X="63397.8" Y="116829" />
				<Coordinate Order="919" X="63450" Y="116857" />
				<Coordinate Order="920" X="63506.5" Y="116864" />
				<Coordinate Order="921" X="63568.6" Y="116855" />
				<Coordinate Order="922" X="63630.8" Y="116857" />
				<Coordinate Order="923" X="63692.9" Y="116875" />
				<Coordinate Order="924" X="63745.1" Y="116899" />
				<Coordinate Order="925" X="63770.5" Y="116953" />
				<Coordinate Order="926" X="63795.9" Y="117005" />
				<Coordinate Order="927" X="63853.8" Y="116995" />
				<Coordinate Order="928" X="63856.6" Y="116939" />
				<Coordinate Order="929" X="63838.3" Y="116950" />
				<Coordinate Order="930" X="63865.1" Y="116899" />
				<Coordinate Order="931" X="63921.6" Y="116905" />
				<Coordinate Order="932" X="63978" Y="116934" />
				<Coordinate Order="933" X="64028.9" Y="116961" />
				<Coordinate Order="934" X="64069.8" Y="116919" />
				<Coordinate Order="935" X="64069.8" Y="116860" />
				<Coordinate Order="936" X="64117.8" Y="116824" />
				<Coordinate Order="937" X="64171.5" Y="116806" />
				<Coordinate Order="938" X="64226.5" Y="116793" />
				<Coordinate Order="939" X="64275.9" Y="116823" />
				<Coordinate Order="940" X="64329.6" Y="116800" />
				<Coordinate Order="941" X="64301.3" Y="116750" />
				<Coordinate Order="942" X="64359.2" Y="116723" />
				<Coordinate Order="943" X="64414.3" Y="116710" />
				<Coordinate Order="944" X="64470.7" Y="116702" />
				<Coordinate Order="945" X="64527.2" Y="116694" />
			</Coordinates>
		</Annotation>
		<Annotation Name="Annotation 6" Type="Polygon" PartOfGroup="metastases" Color="#F4FA58">
			<Coordinates>
				<Coordinate Order="0" X="67124.7" Y="116423" />
				<Coordinate Order="1" X="67074.1" Y="116430" />
				<Coordinate Order="2" X="67038.8" Y="116468" />
				<Coordinate Order="3" X="66990.8" Y="116485" />
				<Coordinate Order="4" X="66939" Y="116478" />
				<Coordinate Order="5" X="66890.9" Y="116502" />
				<Coordinate Order="6" X="66856.8" Y="116541" />
				<Coordinate Order="7" X="66866.9" Y="116592" />
				<Coordinate Order="8" X="66889.7" Y="116638" />
				<Coordinate Order="9" X="66909.9" Y="116686" />
				<Coordinate Order="10" X="66915" Y="116737" />
				<Coordinate Order="11" X="66932.6" Y="116787" />
				<Coordinate Order="12" X="66960.4" Y="116830" />
				<Coordinate Order="13" X="66988.2" Y="116872" />
				<Coordinate Order="14" X="67023.6" Y="116914" />
				<Coordinate Order="15" X="67064" Y="116948" />
				<Coordinate Order="16" X="67112" Y="116965" />
				<Coordinate Order="17" X="67165.1" Y="116976" />
				<Coordinate Order="18" X="67220.7" Y="116980" />
				<Coordinate Order="19" X="67272.5" Y="116981" />
				<Coordinate Order="20" X="67321.8" Y="116960" />
				<Coordinate Order="21" X="67335.7" Y="116909" />
				<Coordinate Order="22" X="67366" Y="116866" />
				<Coordinate Order="23" X="67398.8" Y="116818" />
				<Coordinate Order="24" X="67416.5" Y="116765" />
				<Coordinate Order="25" X="67422.8" Y="116712" />
				<Coordinate Order="26" X="67417.8" Y="116660" />
				<Coordinate Order="27" X="67397.6" Y="116612" />
				<Coordinate Order="28" X="67372.3" Y="116567" />
				<Coordinate Order="29" X="67338.2" Y="116520" />
				<Coordinate Order="30" X="67301.6" Y="116481" />
				<Coordinate Order="31" X="67261.1" Y="116448" />
				<Coordinate Order="32" X="67215.6" Y="116420" />
				<Coordinate Order="33" X="67168.9" Y="116395" />
			</Coordinates>
		</Annotation>
	</Annotations>
	<AnnotationGroups>
		<Group Name="metastases" PartOfGroup="None" Color="#ff0000">
			<Attributes />
		</Group>
	</AnnotationGroups>
</ASAP_Annotations>
