<?xml version="1.0"?>
<ASAP_Annotations>
	<Annotations>
		<Annotation Name="Annotation 0" Type="Polygon" PartOfGroup="metastases" Color="#F4FA58">
			<Coordinates>
				<Coordinate Order="0" X="18269.9" Y="47332.9" />
				<Coordinate Order="1" X="18233.3" Y="47356.9" />
				<Coordinate Order="2" X="18192.6" Y="47370.5" />
				<Coordinate Order="3" X="18154" Y="47391.4" />
				<Coordinate Order="4" X="18135.2" Y="47431.1" />
				<Coordinate Order="5" X="18141.4" Y="47472.8" />
				<Coordinate Order="6" X="18169.6" Y="47509.4" />
				<Coordinate Order="7" X="18216.6" Y="47525.1" />
				<Coordinate Order="8" X="18260.5" Y="47519.8" />
				<Coordinate Order="9" X="18298.1" Y="47501" />
				<Coordinate Order="10" X="18337.7" Y="47481.2" />
				<Coordinate Order="11" X="18379.5" Y="47476" />
				<Coordinate Order="12" X="18417.1" Y="47455.1" />
				<Coordinate Order="13" X="18467.2" Y="47460.3" />
				<Coordinate Order="14" X="18496.5" Y="47496.9" />
				<Coordinate Order="15" X="18544.5" Y="47519.8" />
				<Coordinate Order="16" X="18582.1" Y="47543.9" />
				<Coordinate Order="17" X="18614.5" Y="47516.7" />
				<Coordinate Order="18" X="18589.4" Y="47476" />
				<Coordinate Order="19" X="18567.5" Y="47439.4" />
				<Coordinate Order="20" X="18556" Y="47397.7" />
				<Coordinate Order="21" X="18544.5" Y="47356.9" />
				<Coordinate Order="22" X="18514.2" Y="47325.6" />
				<Coordinate Order="23" X="18476.6" Y="47305.8" />
				<Coordinate Order="24" X="18442.2" Y="47281.8" />
				<Coordinate Order="25" X="18397.3" Y="47281.8" />
				<Coordinate Order="26" X="18368" Y="47314.1" />
				<Coordinate Order="27" X="18329.4" Y="47330.8" />
				<Coordinate Order="28" X="18286.6" Y="47330.8" />
			</Coordinates>
		</Annotation>
		<Annotation Name="Annotation 1" Type="Polygon" PartOfGroup="metastases" Color="#F4FA58">
			<Coordinates>
				<Coordinate Order="0" X="18212.4" Y="47697.4" />
				<Coordinate Order="1" X="18241.7" Y="47728.7" />
				<Coordinate Order="2" X="18279.3" Y="47751.7" />
				<Coordinate Order="3" X="18319" Y="47767.3" />
				<Coordinate Order="4" X="18361.8" Y="47775.7" />
				<Coordinate Order="5" X="18403.5" Y="47769.4" />
				<Coordinate Order="6" X="18434.9" Y="47741.2" />
				<Coordinate Order="7" X="18409.8" Y="47701.5" />
				<Coordinate Order="8" X="18378.5" Y="47670.2" />
				<Coordinate Order="9" X="18339.8" Y="47647.2" />
				<Coordinate Order="10" X="18294.9" Y="47645.1" />
				<Coordinate Order="11" X="18253.2" Y="47651.4" />
				<Coordinate Order="12" X="18218.7" Y="47676.5" />
			</Coordinates>
		</Annotation>
		<Annotation Name="Annotation 2" Type="Polygon" PartOfGroup="metastases" Color="#F4FA58">
			<Coordinates>
				<Coordinate Order="0" X="18700.1" Y="45552.5" />
				<Coordinate Order="1" X="18674" Y="45517" />
				<Coordinate Order="2" X="18664.6" Y="45476.3" />
				<Coordinate Order="3" X="18674" Y="45435.6" />
				<Coordinate Order="4" X="18717.8" Y="45427.2" />
				<Coordinate Order="5" X="18759.6" Y="45433.5" />
				<Coordinate Order="6" X="18803.5" Y="45453.3" />
				<Coordinate Order="7" X="18828.5" Y="45487.8" />
				<Coordinate Order="8" X="18815" Y="45528.5" />
				<Coordinate Order="9" X="18773.2" Y="45536.8" />
				<Coordinate Order="10" X="18733.5" Y="45554.6" />
			</Coordinates>
		</Annotation>
		<Annotation Name="Annotation 3" Type="Polygon" PartOfGroup="metastases" Color="#F4FA58">
			<Coordinates>
				<Coordinate Order="0" X="18658.3" Y="45594.3" />
				<Coordinate Order="1" X="18615.5" Y="45615.2" />
				<Coordinate Order="2" X="18571.7" Y="45624.6" />
				<Coordinate Order="3" X="18529.9" Y="45617.3" />
				<Coordinate Order="4" X="18490.2" Y="45602.6" />
				<Coordinate Order="5" X="18495.4" Y="45560.9" />
				<Coordinate Order="6" X="18534.1" Y="45544.2" />
				<Coordinate Order="7" X="18576.9" Y="45543.1" />
				<Coordinate Order="8" X="18619.7" Y="45544.2" />
				<Coordinate Order="9" X="18659.4" Y="45560.9" />
			</Coordinates>
		</Annotation>
		<Annotation Name="Annotation 4" Type="Polygon" PartOfGroup="metastases" Color="#F4FA58">
			<Coordinates>
				<Coordinate Order="0" X="18276.1" Y="48083.7" />
				<Coordinate Order="1" X="18250" Y="48117.1" />
				<Coordinate Order="2" X="18254.2" Y="48161" />
				<Coordinate Order="3" X="18287.6" Y="48195.5" />
				<Coordinate Order="4" X="18330.4" Y="48198.6" />
				<Coordinate Order="5" X="18365.9" Y="48174.6" />
				<Coordinate Order="6" X="18400.4" Y="48149.5" />
				<Coordinate Order="7" X="18417.1" Y="48110.9" />
				<Coordinate Order="8" X="18406.7" Y="48070.1" />
				<Coordinate Order="9" X="18370.1" Y="48048.2" />
				<Coordinate Order="10" X="18333.6" Y="48021.1" />
				<Coordinate Order="11" X="18303.3" Y="47991.8" />
				<Coordinate Order="12" X="18283.4" Y="48031.5" />
				<Coordinate Order="13" X="18292.8" Y="48072.2" />
			</Coordinates>
		</Annotation>
		<Annotation Name="Annotation 5" Type="Polygon" PartOfGroup="metastases" Color="#F4FA58">
			<Coordinates>
				<Coordinate Order="0" X="18631.2" Y="47953.2" />
				<Coordinate Order="1" X="18622.8" Y="47997.1" />
				<Coordinate Order="2" X="18627" Y="48040.9" />
				<Coordinate Order="3" X="18640.6" Y="48081.6" />
				<Coordinate Order="4" X="18683.4" Y="48079.5" />
				<Coordinate Order="5" X="18717.8" Y="48055.5" />
				<Coordinate Order="6" X="18744" Y="48021.1" />
				<Coordinate Order="7" X="18748.1" Y="47979.3" />
				<Coordinate Order="8" X="18751.3" Y="47936.5" />
				<Coordinate Order="9" X="18751.3" Y="47893.7" />
				<Coordinate Order="10" X="18749.2" Y="47885.3" />
				<Coordinate Order="11" X="18705.3" Y="47881.1" />
				<Coordinate Order="12" X="18671.9" Y="47907.3" />
				<Coordinate Order="13" X="18645.8" Y="47941.7" />
			</Coordinates>
		</Annotation>
		<Annotation Name="Annotation 6" Type="Polygon" PartOfGroup="metastases" Color="#F4FA58">
			<Coordinates>
				<Coordinate Order="0" X="18937.1" Y="48163.1" />
				<Coordinate Order="1" X="18912.1" Y="48200.7" />
				<Coordinate Order="2" X="18895.4" Y="48243.5" />
				<Coordinate Order="3" X="18897.5" Y="48287.4" />
				<Coordinate Order="4" X="18925.7" Y="48322.9" />
				<Coordinate Order="5" X="18968.5" Y="48338.5" />
				<Coordinate Order="6" X="19000.8" Y="48310.3" />
				<Coordinate Order="7" X="19024.9" Y="48272.7" />
				<Coordinate Order="8" X="19047.8" Y="48235.1" />
				<Coordinate Order="9" X="19060.4" Y="48193.4" />
				<Coordinate Order="10" X="19062.4" Y="48150.6" />
				<Coordinate Order="11" X="19062.4" Y="48102.5" />
				<Coordinate Order="12" X="19043.6" Y="48063.9" />
				<Coordinate Order="13" X="18999.8" Y="48067" />
				<Coordinate Order="14" X="18980" Y="48104.6" />
				<Coordinate Order="15" X="18961.2" Y="48143.2" />
			</Coordinates>
		</Annotation>
		<Annotation Name="Annotation 7" Type="Polygon" PartOfGroup="metastases" Color="#F4FA58">
			<Coordinates>
				<Coordinate Order="0" X="19459.3" Y="48448.2" />
				<Coordinate Order="1" X="19456.1" Y="48493.1" />
				<Coordinate Order="2" X="19451.9" Y="48535.9" />
				<Coordinate Order="3" X="19493.7" Y="48536.9" />
				<Coordinate Order="4" X="19527.1" Y="48507.7" />
				<Coordinate Order="5" X="19549.1" Y="48470.1" />
				<Coordinate Order="6" X="19554.3" Y="48428.3" />
				<Coordinate Order="7" X="19538.6" Y="48387.6" />
				<Coordinate Order="8" X="19495.8" Y="48391.8" />
				<Coordinate Order="9" X="19468.7" Y="48424.1" />
			</Coordinates>
		</Annotation>
		<Annotation Name="Annotation 8" Type="Polygon" PartOfGroup="metastases" Color="#F4FA58">
			<Coordinates>
				<Coordinate Order="0" X="18053.7" Y="48582.9" />
				<Coordinate Order="1" X="18024.5" Y="48614.2" />
				<Coordinate Order="2" X="18001.5" Y="48650.7" />
				<Coordinate Order="3" X="17985.8" Y="48692.5" />
				<Coordinate Order="4" X="17979.6" Y="48736.4" />
				<Coordinate Order="5" X="18023.4" Y="48741.6" />
				<Coordinate Order="6" X="18065.2" Y="48733.2" />
				<Coordinate Order="7" X="18100.7" Y="48707.1" />
				<Coordinate Order="8" X="18138.3" Y="48686.2" />
				<Coordinate Order="9" X="18187.4" Y="48686.2" />
				<Coordinate Order="10" X="18231.2" Y="48686.2" />
				<Coordinate Order="11" X="18274.1" Y="48690.4" />
				<Coordinate Order="12" X="18308.5" Y="48665.4" />
				<Coordinate Order="13" X="18274.1" Y="48639.3" />
				<Coordinate Order="14" X="18264.7" Y="48597.5" />
				<Coordinate Order="15" X="18259.4" Y="48553.6" />
				<Coordinate Order="16" X="18226" Y="48520.2" />
				<Coordinate Order="17" X="18192.6" Y="48492" />
				<Coordinate Order="18" X="18150.8" Y="48460.7" />
				<Coordinate Order="19" X="18107" Y="48461.7" />
				<Coordinate Order="20" X="18068.3" Y="48484.7" />
				<Coordinate Order="21" X="18057.9" Y="48527.5" />
				<Coordinate Order="22" X="18061" Y="48571.4" />
			</Coordinates>
		</Annotation>
		<Annotation Name="Annotation 9" Type="Polygon" PartOfGroup="metastases" Color="#F4FA58">
			<Coordinates>
				<Coordinate Order="0" X="19124.3" Y="45716" />
				<Coordinate Order="1" X="19173.8" Y="45725.7" />
				<Coordinate Order="2" X="19208.1" Y="45696.7" />
				<Coordinate Order="3" X="19201.7" Y="45653.7" />
				<Coordinate Order="4" X="19171.6" Y="45622.5" />
				<Coordinate Order="5" X="19128.6" Y="45621.5" />
				<Coordinate Order="6" X="19090" Y="45644" />
				<Coordinate Order="7" X="19078.1" Y="45689.1" />
			</Coordinates>
		</Annotation>
		<Annotation Name="Annotation 10" Type="Polygon" PartOfGroup="metastases" Color="#F4FA58">
			<Coordinates>
				<Coordinate Order="0" X="19311.3" Y="45790.1" />
				<Coordinate Order="1" X="19331.7" Y="45835.3" />
				<Coordinate Order="2" X="19340.3" Y="45878.2" />
				<Coordinate Order="3" X="19347.8" Y="45921.2" />
				<Coordinate Order="4" X="19387.5" Y="45942.7" />
				<Coordinate Order="5" X="19415.5" Y="45906.2" />
				<Coordinate Order="6" X="19418.7" Y="45862.1" />
				<Coordinate Order="7" X="19419.8" Y="45819.1" />
				<Coordinate Order="8" X="19395.1" Y="45780.5" />
				<Coordinate Order="9" X="19375.7" Y="45741.8" />
				<Coordinate Order="10" X="19333.8" Y="45726.7" />
				<Coordinate Order="11" X="19302.7" Y="45756.8" />
			</Coordinates>
		</Annotation>
		<Annotation Name="Annotation 11" Type="Polygon" PartOfGroup="metastases" Color="#F4FA58">
			<Coordinates>
				<Coordinate Order="0" X="49069.6" Y="23521.7" />
				<Coordinate Order="1" X="49077.8" Y="23565.3" />
				<Coordinate Order="2" X="49098" Y="23607.8" />
				<Coordinate Order="3" X="49123.4" Y="23641.3" />
				<Coordinate Order="4" X="49161.9" Y="23662.6" />
				<Coordinate Order="5" X="49197.4" Y="23686.9" />
				<Coordinate Order="6" X="49237.9" Y="23685.9" />
				<Coordinate Order="7" X="49268.3" Y="23651.4" />
				<Coordinate Order="8" X="49273.4" Y="23607.8" />
				<Coordinate Order="9" X="49259.2" Y="23568.3" />
				<Coordinate Order="10" X="49239.9" Y="23528.8" />
				<Coordinate Order="11" X="49199.4" Y="23511.5" />
				<Coordinate Order="12" X="49165.9" Y="23485.2" />
				<Coordinate Order="13" X="49193.3" Y="23447.7" />
				<Coordinate Order="14" X="49231.8" Y="23434.5" />
				<Coordinate Order="15" X="49249.1" Y="23394" />
				<Coordinate Order="16" X="49247" Y="23350.4" />
				<Coordinate Order="17" X="49207.5" Y="23329.1" />
				<Coordinate Order="18" X="49172" Y="23302.7" />
				<Coordinate Order="19" X="49131.5" Y="23296.7" />
				<Coordinate Order="20" X="49095" Y="23315.9" />
				<Coordinate Order="21" X="49093" Y="23356.5" />
				<Coordinate Order="22" X="49104.1" Y="23396" />
				<Coordinate Order="23" X="49086.9" Y="23438.6" />
				<Coordinate Order="24" X="49065.6" Y="23475.1" />
			</Coordinates>
		</Annotation>
		<Annotation Name="Annotation 12" Type="Polygon" PartOfGroup="metastases" Color="#F4FA58">
			<Coordinates>
				<Coordinate Order="0" X="49076.7" Y="23176" />
				<Coordinate Order="1" X="49100.1" Y="23216.6" />
				<Coordinate Order="2" X="49146.7" Y="23232.8" />
				<Coordinate Order="3" X="49180.1" Y="23203.4" />
				<Coordinate Order="4" X="49202.4" Y="23167.9" />
				<Coordinate Order="5" X="49224.7" Y="23133.5" />
				<Coordinate Order="6" X="49234.9" Y="23092.9" />
				<Coordinate Order="7" X="49232.8" Y="23052.4" />
				<Coordinate Order="8" X="49224.7" Y="23010.8" />
				<Coordinate Order="9" X="49244" Y="22972.3" />
				<Coordinate Order="10" X="49275.4" Y="22945.9" />
				<Coordinate Order="11" X="49303.8" Y="22915.5" />
				<Coordinate Order="12" X="49337.3" Y="22891.2" />
				<Coordinate Order="13" X="49339.3" Y="22891.2" />
				<Coordinate Order="14" X="49375.8" Y="22921.6" />
				<Coordinate Order="15" X="49420.4" Y="22933.8" />
				<Coordinate Order="16" X="49460.9" Y="22932.8" />
				<Coordinate Order="17" X="49501.5" Y="22927.7" />
				<Coordinate Order="18" X="49536.9" Y="22903.4" />
				<Coordinate Order="19" X="49551.1" Y="22864.8" />
				<Coordinate Order="20" X="49540" Y="22821.3" />
				<Coordinate Order="21" X="49528.8" Y="22780.7" />
				<Coordinate Order="22" X="49504.5" Y="22746.2" />
				<Coordinate Order="23" X="49501.5" Y="22703.7" />
				<Coordinate Order="24" X="49503.5" Y="22696.6" />
				<Coordinate Order="25" X="49483.2" Y="22658.1" />
				<Coordinate Order="26" X="49464" Y="22615.5" />
				<Coordinate Order="27" X="49447.7" Y="22576" />
				<Coordinate Order="28" X="49418.3" Y="22547.6" />
				<Coordinate Order="29" X="49391" Y="22509.1" />
				<Coordinate Order="30" X="49423.4" Y="22482.7" />
				<Coordinate Order="31" X="49447.7" Y="22449.2" />
				<Coordinate Order="32" X="49413.3" Y="22423.9" />
				<Coordinate Order="33" X="49361.6" Y="22414.8" />
				<Coordinate Order="34" X="49322" Y="22395.5" />
				<Coordinate Order="35" X="49278.5" Y="22389.4" />
				<Coordinate Order="36" X="49237.9" Y="22399.6" />
				<Coordinate Order="37" X="49197.4" Y="22416.8" />
				<Coordinate Order="38" X="49161.9" Y="22439.1" />
				<Coordinate Order="39" X="49131.5" Y="22469.5" />
				<Coordinate Order="40" X="49119.3" Y="22509.1" />
				<Coordinate Order="41" X="49137.6" Y="22547.6" />
				<Coordinate Order="42" X="49175.1" Y="22570.9" />
				<Coordinate Order="43" X="49223.7" Y="22579" />
				<Coordinate Order="44" X="49264.3" Y="22592.2" />
				<Coordinate Order="45" X="49296.7" Y="22624.6" />
				<Coordinate Order="46" X="49312.9" Y="22663.1" />
				<Coordinate Order="47" X="49328.1" Y="22708.7" />
				<Coordinate Order="48" X="49335.2" Y="22749.3" />
				<Coordinate Order="49" X="49327.1" Y="22791.9" />
				<Coordinate Order="50" X="49290.6" Y="22817.2" />
				<Coordinate Order="51" X="49251.1" Y="22834.4" />
				<Coordinate Order="52" X="49217.6" Y="22859.8" />
				<Coordinate Order="53" X="49179.1" Y="22875" />
				<Coordinate Order="54" X="49150.7" Y="22905.4" />
				<Coordinate Order="55" X="49119.3" Y="22932.8" />
				<Coordinate Order="56" X="49099" Y="22968.2" />
				<Coordinate Order="57" X="49077.8" Y="23006.8" />
				<Coordinate Order="58" X="49055.5" Y="23041.2" />
				<Coordinate Order="59" X="49055.5" Y="23082.8" />
				<Coordinate Order="60" X="49055.5" Y="23124.3" />
				<Coordinate Order="61" X="49074.7" Y="23160.8" />
			</Coordinates>
		</Annotation>
		<Annotation Name="Annotation 13" Type="Polygon" PartOfGroup="metastases" Color="#F4FA58">
			<Coordinates>
				<Coordinate Order="0" X="48951.1" Y="23260.2" />
				<Coordinate Order="1" X="48987.5" Y="23239.9" />
				<Coordinate Order="2" X="48988.6" Y="23198.3" />
				<Coordinate Order="3" X="48960.2" Y="23166.9" />
				<Coordinate Order="4" X="48920.6" Y="23157.8" />
				<Coordinate Order="5" X="48900.4" Y="23194.3" />
				<Coordinate Order="6" X="48905.4" Y="23234.8" />
				<Coordinate Order="7" X="48938.9" Y="23258.1" />
			</Coordinates>
		</Annotation>
		<Annotation Name="Annotation 14" Type="Polygon" PartOfGroup="metastases" Color="#F4FA58">
			<Coordinates>
				<Coordinate Order="0" X="48791.9" Y="22831.4" />
				<Coordinate Order="1" X="48800" Y="22871.9" />
				<Coordinate Order="2" X="48837.5" Y="22895.3" />
				<Coordinate Order="3" X="48876" Y="22908.4" />
				<Coordinate Order="4" X="48918.6" Y="22905.4" />
				<Coordinate Order="5" X="48957.1" Y="22889.2" />
				<Coordinate Order="6" X="48997.7" Y="22884.1" />
				<Coordinate Order="7" X="49026.1" Y="22852.7" />
				<Coordinate Order="8" X="49049.4" Y="22817.2" />
				<Coordinate Order="9" X="49046.3" Y="22776.7" />
				<Coordinate Order="10" X="49027.1" Y="22738.1" />
				<Coordinate Order="11" X="48989.6" Y="22717.9" />
				<Coordinate Order="12" X="48961.2" Y="22687.5" />
				<Coordinate Order="13" X="48934.8" Y="22654" />
				<Coordinate Order="14" X="48931.8" Y="22610.4" />
				<Coordinate Order="15" X="48895.3" Y="22587.1" />
				<Coordinate Order="16" X="48872" Y="22624.6" />
				<Coordinate Order="17" X="48885.2" Y="22667.2" />
				<Coordinate Order="18" X="48866.9" Y="22703.7" />
				<Coordinate Order="19" X="48839.6" Y="22735.1" />
				<Coordinate Order="20" X="48817.3" Y="22771.6" />
				<Coordinate Order="21" X="48797" Y="22809.1" />
			</Coordinates>
		</Annotation>
		<Annotation Name="Annotation 15" Type="Polygon" PartOfGroup="metastases" Color="#F4FA58">
			<Coordinates>
				<Coordinate Order="0" X="49058.5" Y="22640.8" />
				<Coordinate Order="1" X="49062.6" Y="22682.4" />
				<Coordinate Order="2" X="49082.8" Y="22721.9" />
				<Coordinate Order="3" X="49124.4" Y="22711.8" />
				<Coordinate Order="4" X="49148.7" Y="22678.3" />
				<Coordinate Order="5" X="49139.6" Y="22638.8" />
				<Coordinate Order="6" X="49088.9" Y="22612.4" />
			</Coordinates>
		</Annotation>
		<Annotation Name="Annotation 16" Type="Polygon" PartOfGroup="metastases" Color="#F4FA58">
			<Coordinates>
				<Coordinate Order="0" X="48368.2" Y="22836.5" />
				<Coordinate Order="1" X="48393.5" Y="22803" />
				<Coordinate Order="2" X="48417.9" Y="22769.6" />
				<Coordinate Order="3" X="48429" Y="22730" />
				<Coordinate Order="4" X="48424" Y="22685.4" />
				<Coordinate Order="5" X="48400.6" Y="22652" />
				<Coordinate Order="6" X="48364.1" Y="22631.7" />
				<Coordinate Order="7" X="48324.6" Y="22616.5" />
				<Coordinate Order="8" X="48285.1" Y="22605.3" />
				<Coordinate Order="9" X="48245.6" Y="22618.5" />
				<Coordinate Order="10" X="48231.4" Y="22658.1" />
				<Coordinate Order="11" X="48206" Y="22691.5" />
				<Coordinate Order="12" X="48191.8" Y="22730" />
				<Coordinate Order="13" X="48214.1" Y="22765.5" />
				<Coordinate Order="14" X="48215.1" Y="22808.1" />
				<Coordinate Order="15" X="48208" Y="22848.6" />
				<Coordinate Order="16" X="48231.4" Y="22883.1" />
				<Coordinate Order="17" X="48271.9" Y="22888.2" />
				<Coordinate Order="18" X="48310.4" Y="22866.9" />
				<Coordinate Order="19" X="48344.9" Y="22842.5" />
			</Coordinates>
		</Annotation>
		<Annotation Name="Annotation 17" Type="Polygon" PartOfGroup="metastases" Color="#F4FA58">
			<Coordinates>
				<Coordinate Order="0" X="48038.8" Y="22454.3" />
				<Coordinate Order="1" X="48079.3" Y="22453.3" />
				<Coordinate Order="2" X="48122.9" Y="22460.4" />
				<Coordinate Order="3" X="48164.5" Y="22476.6" />
				<Coordinate Order="4" X="48207" Y="22476.6" />
				<Coordinate Order="5" X="48250.6" Y="22468.5" />
				<Coordinate Order="6" X="48255.7" Y="22423.9" />
				<Coordinate Order="7" X="48237.4" Y="22383.4" />
				<Coordinate Order="8" X="48235.4" Y="22340.8" />
				<Coordinate Order="9" X="48273.9" Y="22325.6" />
				<Coordinate Order="10" X="48316.5" Y="22335.7" />
				<Coordinate Order="11" X="48357.1" Y="22339.8" />
				<Coordinate Order="12" X="48396.6" Y="22326.6" />
				<Coordinate Order="13" X="48419.9" Y="22291.1" />
				<Coordinate Order="14" X="48406.7" Y="22251.6" />
				<Coordinate Order="15" X="48356" Y="22237.4" />
				<Coordinate Order="16" X="48317.5" Y="22224.2" />
				<Coordinate Order="17" X="48274.9" Y="22220.2" />
				<Coordinate Order="18" X="48232.4" Y="22233.3" />
				<Coordinate Order="19" X="48188.8" Y="22242.5" />
				<Coordinate Order="20" X="48149.3" Y="22254.6" />
				<Coordinate Order="21" X="48142.2" Y="22296.2" />
				<Coordinate Order="22" X="48170.5" Y="22325.6" />
				<Coordinate Order="23" X="48179.7" Y="22332.7" />
				<Coordinate Order="24" X="48139.1" Y="22337.7" />
				<Coordinate Order="25" X="48096.5" Y="22342.8" />
				<Coordinate Order="26" X="48057" Y="22358" />
				<Coordinate Order="27" X="48026.6" Y="22386.4" />
				<Coordinate Order="28" X="48019.5" Y="22428" />
			</Coordinates>
		</Annotation>
		<Annotation Name="Annotation 18" Type="Polygon" PartOfGroup="metastases" Color="#F4FA58">
			<Coordinates>
				<Coordinate Order="0" X="48055" Y="22106.6" />
				<Coordinate Order="1" X="48015.5" Y="22119.8" />
				<Coordinate Order="2" X="48008.4" Y="22160.4" />
				<Coordinate Order="3" X="48045.9" Y="22177.6" />
				<Coordinate Order="4" X="48089.4" Y="22166.4" />
				<Coordinate Order="5" X="48125.9" Y="22147.2" />
				<Coordinate Order="6" X="48104.7" Y="22111.7" />
			</Coordinates>
		</Annotation>
		<Annotation Name="Annotation 19" Type="Polygon" PartOfGroup="metastases" Color="#F4FA58">
			<Coordinates>
				<Coordinate Order="0" X="48420.9" Y="22338.8" />
				<Coordinate Order="1" X="48399.6" Y="22375.2" />
				<Coordinate Order="2" X="48390.5" Y="22414.8" />
				<Coordinate Order="3" X="48391.5" Y="22456.3" />
				<Coordinate Order="4" X="48412.8" Y="22495.9" />
				<Coordinate Order="5" X="48450.3" Y="22514.1" />
				<Coordinate Order="6" X="48490.9" Y="22519.2" />
				<Coordinate Order="7" X="48523.3" Y="22489.8" />
				<Coordinate Order="8" X="48544.6" Y="22452.3" />
				<Coordinate Order="9" X="48552.7" Y="22407.7" />
				<Coordinate Order="10" X="48543.6" Y="22365.1" />
				<Coordinate Order="11" X="48521.3" Y="22328.6" />
				<Coordinate Order="12" X="48482.7" Y="22313.4" />
				<Coordinate Order="13" X="48445.2" Y="22329.6" />
			</Coordinates>
		</Annotation>
		<Annotation Name="Annotation 20" Type="Polygon" PartOfGroup="metastases" Color="#F4FA58">
			<Coordinates>
				<Coordinate Order="0" X="48544.6" Y="22320.5" />
				<Coordinate Order="1" X="48580.1" Y="22346.9" />
				<Coordinate Order="2" X="48617.6" Y="22363.1" />
				<Coordinate Order="3" X="48663.2" Y="22386.4" />
				<Coordinate Order="4" X="48703.7" Y="22379.3" />
				<Coordinate Order="5" X="48740.2" Y="22360" />
				<Coordinate Order="6" X="48744.3" Y="22317.5" />
				<Coordinate Order="7" X="48736.2" Y="22274.9" />
				<Coordinate Order="8" X="48703.7" Y="22249.6" />
				<Coordinate Order="9" X="48665.2" Y="22235.4" />
				<Coordinate Order="10" X="48623.6" Y="22229.3" />
				<Coordinate Order="11" X="48581.1" Y="22232.3" />
				<Coordinate Order="12" X="48546.6" Y="22254.6" />
				<Coordinate Order="13" X="48527.3" Y="22292.1" />
			</Coordinates>
		</Annotation>
		<Annotation Name="Annotation 21" Type="Polygon" PartOfGroup="metastases" Color="#F4FA58">
			<Coordinates>
				<Coordinate Order="0" X="49071.7" Y="22040.7" />
				<Coordinate Order="1" X="49111.2" Y="22025.5" />
				<Coordinate Order="2" X="49147.7" Y="22004.3" />
				<Coordinate Order="3" X="49185.2" Y="21988" />
				<Coordinate Order="4" X="49222.7" Y="21969.8" />
				<Coordinate Order="5" X="49251.1" Y="21935.3" />
				<Coordinate Order="6" X="49256.2" Y="21892.8" />
				<Coordinate Order="7" X="49223.7" Y="21865.4" />
				<Coordinate Order="8" X="49181.1" Y="21864.4" />
				<Coordinate Order="9" X="49141.6" Y="21877.5" />
				<Coordinate Order="10" X="49103.1" Y="21891.7" />
				<Coordinate Order="11" X="49085.9" Y="21929.2" />
				<Coordinate Order="12" X="49088.9" Y="21950.5" />
				<Coordinate Order="13" X="49045.3" Y="21950.5" />
				<Coordinate Order="14" X="49004.8" Y="21963.7" />
				<Coordinate Order="15" X="48968.3" Y="21985" />
				<Coordinate Order="16" X="48964.2" Y="22025.5" />
				<Coordinate Order="17" X="48992.6" Y="22054.9" />
				<Coordinate Order="18" X="49034.2" Y="22048.9" />
			</Coordinates>
		</Annotation>
		<Annotation Name="Annotation 22" Type="Polygon" PartOfGroup="metastases" Color="#F4FA58">
			<Coordinates>
				<Coordinate Order="0" X="48630.7" Y="21873.5" />
				<Coordinate Order="1" X="48653" Y="21831.9" />
				<Coordinate Order="2" X="48637.8" Y="21799.5" />
				<Coordinate Order="3" X="48645.9" Y="21757.9" />
				<Coordinate Order="4" X="48625.7" Y="21722.5" />
				<Coordinate Order="5" X="48583.1" Y="21714.3" />
				<Coordinate Order="6" X="48545.6" Y="21730.6" />
				<Coordinate Order="7" X="48506.1" Y="21743.7" />
				<Coordinate Order="8" X="48504" Y="21786.3" />
				<Coordinate Order="9" X="48481.7" Y="21815.7" />
				<Coordinate Order="10" X="48518.2" Y="21834" />
				<Coordinate Order="11" X="48526.3" Y="21837" />
				<Coordinate Order="12" X="48543.6" Y="21875.5" />
				<Coordinate Order="13" X="48582.1" Y="21889.7" />
			</Coordinates>
		</Annotation>
		<Annotation Name="Annotation 23" Type="Polygon" PartOfGroup="metastases" Color="#F4FA58">
			<Coordinates>
				<Coordinate Order="0" X="48196.9" Y="21848.2" />
				<Coordinate Order="1" X="48234.4" Y="21830.9" />
				<Coordinate Order="2" X="48253.7" Y="21793.4" />
				<Coordinate Order="3" X="48220.2" Y="21765" />
				<Coordinate Order="4" X="48177.6" Y="21764" />
				<Coordinate Order="5" X="48133" Y="21764" />
				<Coordinate Order="6" X="48094.5" Y="21780.2" />
				<Coordinate Order="7" X="48105.7" Y="21819.8" />
				<Coordinate Order="8" X="48139.1" Y="21843.1" />
				<Coordinate Order="9" X="48179.7" Y="21853.2" />
			</Coordinates>
		</Annotation>
		<Annotation Name="Annotation 24" Type="Polygon" PartOfGroup="metastases" Color="#F4FA58">
			<Coordinates>
				<Coordinate Order="0" X="48213.1" Y="21589.7" />
				<Coordinate Order="1" X="48236.4" Y="21623.1" />
				<Coordinate Order="2" X="48274.9" Y="21637.3" />
				<Coordinate Order="3" X="48317.5" Y="21625.2" />
				<Coordinate Order="4" X="48352" Y="21600.8" />
				<Coordinate Order="5" X="48382.4" Y="21568.4" />
				<Coordinate Order="6" X="48378.3" Y="21527.8" />
				<Coordinate Order="7" X="48342.9" Y="21504.5" />
				<Coordinate Order="8" X="48304.3" Y="21482.2" />
				<Coordinate Order="9" X="48260.8" Y="21466" />
				<Coordinate Order="10" X="48225.3" Y="21487.3" />
				<Coordinate Order="11" X="48208" Y="21524.8" />
				<Coordinate Order="12" X="48205" Y="21565.3" />
			</Coordinates>
		</Annotation>
		<Annotation Name="Annotation 25" Type="Polygon" PartOfGroup="metastases" Color="#F4FA58">
			<Coordinates>
				<Coordinate Order="0" X="48302.3" Y="21212.6" />
				<Coordinate Order="1" X="48331.7" Y="21242" />
				<Coordinate Order="2" X="48366.2" Y="21265.3" />
				<Coordinate Order="3" X="48407.7" Y="21274.4" />
				<Coordinate Order="4" X="48450.3" Y="21261.3" />
				<Coordinate Order="5" X="48483.8" Y="21236.9" />
				<Coordinate Order="6" X="48512.1" Y="21207.5" />
				<Coordinate Order="7" X="48548.6" Y="21187.3" />
				<Coordinate Order="8" X="48585.1" Y="21169" />
				<Coordinate Order="9" X="48622.6" Y="21151.8" />
				<Coordinate Order="10" X="48653" Y="21120.4" />
				<Coordinate Order="11" X="48659.1" Y="21079.8" />
				<Coordinate Order="12" X="48631.8" Y="21044.3" />
				<Coordinate Order="13" X="48594.2" Y="21027.1" />
				<Coordinate Order="14" X="48553.7" Y="21018" />
				<Coordinate Order="15" X="48514.2" Y="21032.2" />
				<Coordinate Order="16" X="48482.7" Y="21058.5" />
				<Coordinate Order="17" X="48461.5" Y="21094" />
				<Coordinate Order="18" X="48426" Y="21118.3" />
				<Coordinate Order="19" X="48384.4" Y="21122.4" />
				<Coordinate Order="20" X="48342.9" Y="21122.4" />
				<Coordinate Order="21" X="48298.3" Y="21119.3" />
				<Coordinate Order="22" X="48257.7" Y="21118.3" />
				<Coordinate Order="23" X="48245.6" Y="21157.9" />
				<Coordinate Order="24" X="48265.8" Y="21196.4" />
			</Coordinates>
		</Annotation>
		<Annotation Name="Annotation 26" Type="Polygon" PartOfGroup="metastases" Color="#F4FA58">
			<Coordinates>
				<Coordinate Order="0" X="48703.7" Y="20888.2" />
				<Coordinate Order="1" X="48737.2" Y="20913.6" />
				<Coordinate Order="2" X="48768.6" Y="20886.2" />
				<Coordinate Order="3" X="48760.5" Y="20845.7" />
				<Coordinate Order="4" X="48724" Y="20818.3" />
				<Coordinate Order="5" X="48699.7" Y="20827.4" />
				<Coordinate Order="6" X="48675.3" Y="20860.9" />
			</Coordinates>
		</Annotation>
		<Annotation Name="Annotation 27" Type="Polygon" PartOfGroup="metastases" Color="#F4FA58">
			<Coordinates>
				<Coordinate Order="0" X="48714.9" Y="20522.3" />
				<Coordinate Order="1" X="48725" Y="20561.8" />
				<Coordinate Order="2" X="48747.3" Y="20597.3" />
				<Coordinate Order="3" X="48787.9" Y="20600.4" />
				<Coordinate Order="4" X="48819.3" Y="20572" />
				<Coordinate Order="5" X="48806.1" Y="20527.4" />
				<Coordinate Order="6" X="48793.9" Y="20485.8" />
				<Coordinate Order="7" X="48753.4" Y="20473.6" />
				<Coordinate Order="8" X="48727" Y="20506.1" />
			</Coordinates>
		</Annotation>
		<Annotation Name="Annotation 28" Type="Polygon" PartOfGroup="metastases" Color="#F4FA58">
			<Coordinates>
				<Coordinate Order="0" X="49188.2" Y="20373.3" />
				<Coordinate Order="1" X="49204.5" Y="20412.8" />
				<Coordinate Order="2" X="49230.8" Y="20444.3" />
				<Coordinate Order="3" X="49269.3" Y="20459.5" />
				<Coordinate Order="4" X="49309.9" Y="20439.2" />
				<Coordinate Order="5" X="49338.3" Y="20409.8" />
				<Coordinate Order="6" X="49352.5" Y="20370.3" />
				<Coordinate Order="7" X="49350.4" Y="20329.7" />
				<Coordinate Order="8" X="49314.9" Y="20309.4" />
				<Coordinate Order="9" X="49275.4" Y="20299.3" />
				<Coordinate Order="10" X="49237.9" Y="20315.5" />
				<Coordinate Order="11" X="49202.4" Y="20338.8" />
			</Coordinates>
		</Annotation>
		<Annotation Name="Annotation 29" Type="Polygon" PartOfGroup="metastases" Color="#F4FA58">
			<Coordinates>
				<Coordinate Order="0" X="47991.1" Y="20078.3" />
				<Coordinate Order="1" X="48000.3" Y="20120.9" />
				<Coordinate Order="2" X="48026.6" Y="20152.3" />
				<Coordinate Order="3" X="48064.1" Y="20168.5" />
				<Coordinate Order="4" X="48104.7" Y="20153.3" />
				<Coordinate Order="5" X="48117.8" Y="20111.8" />
				<Coordinate Order="6" X="48098.6" Y="20074.3" />
				<Coordinate Order="7" X="48067.2" Y="20045.9" />
				<Coordinate Order="8" X="48026.6" Y="20036.8" />
				<Coordinate Order="9" X="48000.3" Y="20070.2" />
			</Coordinates>
		</Annotation>
		<Annotation Name="Annotation 30" Type="Polygon" PartOfGroup="metastases" Color="#F4FA58">
			<Coordinates>
				<Coordinate Order="0" X="48685.5" Y="21510.6" />
				<Coordinate Order="1" X="48732.1" Y="21529.9" />
				<Coordinate Order="2" X="48772.6" Y="21546.1" />
				<Coordinate Order="3" X="48806.1" Y="21570.4" />
				<Coordinate Order="4" X="48836.5" Y="21598.8" />
				<Coordinate Order="5" X="48867.9" Y="21628.2" />
				<Coordinate Order="6" X="48905.4" Y="21644.4" />
				<Coordinate Order="7" X="48945" Y="21633.3" />
				<Coordinate Order="8" X="48980.4" Y="21660.6" />
				<Coordinate Order="9" X="49023" Y="21671.8" />
				<Coordinate Order="10" X="49059.5" Y="21692.1" />
				<Coordinate Order="11" X="49100.1" Y="21699.1" />
				<Coordinate Order="12" X="49140.6" Y="21692.1" />
				<Coordinate Order="13" X="49156.8" Y="21653.5" />
				<Coordinate Order="14" X="49171" Y="21614" />
				<Coordinate Order="15" X="49170" Y="21571.4" />
				<Coordinate Order="16" X="49188.2" Y="21530.9" />
				<Coordinate Order="17" X="49176.1" Y="21489.3" />
				<Coordinate Order="18" X="49142.6" Y="21466" />
				<Coordinate Order="19" X="49102.1" Y="21462" />
				<Coordinate Order="20" X="49058.5" Y="21463" />
				<Coordinate Order="21" X="49025" Y="21487.3" />
				<Coordinate Order="22" X="48981.5" Y="21492.4" />
				<Coordinate Order="23" X="48930.8" Y="21473.1" />
				<Coordinate Order="24" X="48890.2" Y="21457.9" />
				<Coordinate Order="25" X="48849.7" Y="21458.9" />
				<Coordinate Order="26" X="48811.2" Y="21476.1" />
				<Coordinate Order="27" X="48798" Y="21482.2" />
				<Coordinate Order="28" X="48787.9" Y="21439.7" />
				<Coordinate Order="29" X="48764.5" Y="21402.1" />
				<Coordinate Order="30" X="48719.9" Y="21401.1" />
				<Coordinate Order="31" X="48678.4" Y="21415.3" />
				<Coordinate Order="32" X="48652" Y="21449.8" />
				<Coordinate Order="33" X="48659.1" Y="21490.3" />
			</Coordinates>
		</Annotation>
		<Annotation Name="Annotation 31" Type="Polygon" PartOfGroup="metastases" Color="#F4FA58">
			<Coordinates>
				<Coordinate Order="0" X="49352.3" Y="21216.2" />
				<Coordinate Order="1" X="49375.3" Y="21248.7" />
				<Coordinate Order="2" X="49416.5" Y="21254.5" />
				<Coordinate Order="3" X="49456.8" Y="21239.2" />
				<Coordinate Order="4" X="49492.2" Y="21218.1" />
				<Coordinate Order="5" X="49519.1" Y="21187.4" />
				<Coordinate Order="6" X="49531.5" Y="21150" />
				<Coordinate Order="7" X="49518.1" Y="21112.6" />
				<Coordinate Order="8" X="49490.3" Y="21084.8" />
				<Coordinate Order="9" X="49452" Y="21076.2" />
				<Coordinate Order="10" X="49412.7" Y="21070.5" />
				<Coordinate Order="11" X="49376.2" Y="21086.8" />
				<Coordinate Order="12" X="49345.6" Y="21112.6" />
				<Coordinate Order="13" X="49333.1" Y="21149.1" />
				<Coordinate Order="14" X="49337.9" Y="21188.4" />
			</Coordinates>
		</Annotation>
		<Annotation Name="Annotation 32" Type="Polygon" PartOfGroup="metastases" Color="#F4FA58">
			<Coordinates>
				<Coordinate Order="0" X="49423.2" Y="21366.7" />
				<Coordinate Order="1" X="49390.6" Y="21391.6" />
				<Coordinate Order="2" X="49386.8" Y="21435.7" />
				<Coordinate Order="3" X="49412.7" Y="21467.3" />
				<Coordinate Order="4" X="49448.1" Y="21482.6" />
				<Coordinate Order="5" X="49488.4" Y="21484.6" />
				<Coordinate Order="6" X="49524.8" Y="21465.4" />
				<Coordinate Order="7" X="49560.3" Y="21442.4" />
				<Coordinate Order="8" X="49581.4" Y="21405" />
				<Coordinate Order="9" X="49576.6" Y="21364.7" />
				<Coordinate Order="10" X="49550.7" Y="21336" />
				<Coordinate Order="11" X="49508.5" Y="21329.3" />
				<Coordinate Order="12" X="49470.2" Y="21339.8" />
				<Coordinate Order="13" X="49435.7" Y="21357.1" />
			</Coordinates>
		</Annotation>
		<Annotation Name="Annotation 33" Type="Polygon" PartOfGroup="metastases" Color="#F4FA58">
			<Coordinates>
				<Coordinate Order="0" X="49341.7" Y="21586.2" />
				<Coordinate Order="1" X="49302.4" Y="21591.9" />
				<Coordinate Order="2" X="49290.9" Y="21630.3" />
				<Coordinate Order="3" X="49309.1" Y="21665.7" />
				<Coordinate Order="4" X="49351.3" Y="21683" />
				<Coordinate Order="5" X="49370.5" Y="21719.4" />
				<Coordinate Order="6" X="49394.4" Y="21752" />
				<Coordinate Order="7" X="49434.7" Y="21751" />
				<Coordinate Order="8" X="49447.2" Y="21714.6" />
				<Coordinate Order="9" X="49443.3" Y="21676.3" />
				<Coordinate Order="10" X="49438.5" Y="21637.9" />
				<Coordinate Order="11" X="49446.2" Y="21599.6" />
				<Coordinate Order="12" X="49406.9" Y="21590" />
				<Coordinate Order="13" X="49365.7" Y="21581.4" />
			</Coordinates>
		</Annotation>
		<Annotation Name="Annotation 34" Type="Polygon" PartOfGroup="metastases" Color="#F4FA58">
			<Coordinates>
				<Coordinate Order="0" X="49540.2" Y="21626.4" />
				<Coordinate Order="1" X="49539.2" Y="21664.8" />
				<Coordinate Order="2" X="49544.9" Y="21705" />
				<Coordinate Order="3" X="49576.6" Y="21728" />
				<Coordinate Order="4" X="49614" Y="21737.6" />
				<Coordinate Order="5" X="49651.3" Y="21726.1" />
				<Coordinate Order="6" X="49673.4" Y="21692.6" />
				<Coordinate Order="7" X="49693.5" Y="21659" />
				<Coordinate Order="8" X="49690.6" Y="21619.7" />
				<Coordinate Order="9" X="49660" Y="21595.8" />
				<Coordinate Order="10" X="49621.6" Y="21594.8" />
				<Coordinate Order="11" X="49586.2" Y="21611.1" />
			</Coordinates>
		</Annotation>
		<Annotation Name="Annotation 35" Type="Polygon" PartOfGroup="metastases" Color="#F4FA58">
			<Coordinates>
				<Coordinate Order="0" X="49732.8" Y="21478.8" />
				<Coordinate Order="1" X="49754.9" Y="21446.2" />
				<Coordinate Order="2" X="49792.3" Y="21426.1" />
				<Coordinate Order="3" X="49834.4" Y="21439.5" />
				<Coordinate Order="4" X="49857.4" Y="21472.1" />
				<Coordinate Order="5" X="49862.2" Y="21510.4" />
				<Coordinate Order="6" X="49844" Y="21545.9" />
				<Coordinate Order="7" X="49812.4" Y="21568.9" />
				<Coordinate Order="8" X="49773.1" Y="21590" />
				<Coordinate Order="9" X="49742.4" Y="21566" />
				<Coordinate Order="10" X="49725.2" Y="21530.6" />
				<Coordinate Order="11" X="49725.2" Y="21491.3" />
			</Coordinates>
		</Annotation>
		<Annotation Name="Annotation 36" Type="Polygon" PartOfGroup="metastases" Color="#F4FA58">
			<Coordinates>
				<Coordinate Order="0" X="50078.9" Y="21502.8" />
				<Coordinate Order="1" X="50116.3" Y="21479.8" />
				<Coordinate Order="2" X="50146.9" Y="21455.8" />
				<Coordinate Order="3" X="50172.8" Y="21427" />
				<Coordinate Order="4" X="50215.9" Y="21420.3" />
				<Coordinate Order="5" X="50251.4" Y="21436.6" />
				<Coordinate Order="6" X="50274.4" Y="21469.2" />
				<Coordinate Order="7" X="50266.8" Y="21511.4" />
				<Coordinate Order="8" X="50238" Y="21539.2" />
				<Coordinate Order="9" X="50212.1" Y="21569.9" />
				<Coordinate Order="10" X="50182.4" Y="21598.6" />
				<Coordinate Order="11" X="50149.8" Y="21621.6" />
				<Coordinate Order="12" X="50124.9" Y="21651.3" />
				<Coordinate Order="13" X="50089.4" Y="21667.6" />
				<Coordinate Order="14" X="50051.1" Y="21679.1" />
				<Coordinate Order="15" X="50008.9" Y="21679.1" />
				<Coordinate Order="16" X="49972.5" Y="21664.8" />
				<Coordinate Order="17" X="49952.3" Y="21627.4" />
				<Coordinate Order="18" X="49959.1" Y="21587.1" />
				<Coordinate Order="19" X="49988.8" Y="21560.3" />
				<Coordinate Order="20" X="50025.2" Y="21540.2" />
				<Coordinate Order="21" X="50055.9" Y="21516.2" />
			</Coordinates>
		</Annotation>
		<Annotation Name="Annotation 37" Type="Polygon" PartOfGroup="metastases" Color="#F4FA58">
			<Coordinates>
				<Coordinate Order="0" X="49738.6" Y="21940.8" />
				<Coordinate Order="1" X="49727.1" Y="21902.5" />
				<Coordinate Order="2" X="49722.3" Y="21860.3" />
				<Coordinate Order="3" X="49731.9" Y="21822.9" />
				<Coordinate Order="4" X="49765.4" Y="21801.8" />
				<Coordinate Order="5" X="49807.6" Y="21798" />
				<Coordinate Order="6" X="49836.4" Y="21826.8" />
				<Coordinate Order="7" X="49840.2" Y="21866.1" />
				<Coordinate Order="8" X="49835.4" Y="21906.3" />
				<Coordinate Order="9" X="49840.2" Y="21946.6" />
				<Coordinate Order="10" X="49844" Y="21984.9" />
				<Coordinate Order="11" X="49827.7" Y="22021.4" />
				<Coordinate Order="12" X="49808.6" Y="22056.8" />
				<Coordinate Order="13" X="49797.1" Y="22094.2" />
				<Coordinate Order="14" X="49804.7" Y="22133.5" />
				<Coordinate Order="15" X="49805.7" Y="22172.8" />
				<Coordinate Order="16" X="49769.3" Y="22193.9" />
				<Coordinate Order="17" X="49731.9" Y="22177.6" />
				<Coordinate Order="18" X="49722.3" Y="22140.2" />
				<Coordinate Order="19" X="49706.9" Y="22102.8" />
				<Coordinate Order="20" X="49685.9" Y="22068.3" />
				<Coordinate Order="21" X="49689.7" Y="22027.1" />
				<Coordinate Order="22" X="49719.4" Y="21999.3" />
				<Coordinate Order="23" X="49742.4" Y="21967.7" />
			</Coordinates>
		</Annotation>
		<Annotation Name="Annotation 38" Type="Polygon" PartOfGroup="metastases" Color="#F4FA58">
			<Coordinates>
				<Coordinate Order="0" X="50216.9" Y="21733.8" />
				<Coordinate Order="1" X="50209.2" Y="21773.1" />
				<Coordinate Order="2" X="50215.9" Y="21811.4" />
				<Coordinate Order="3" X="50246.6" Y="21836.4" />
				<Coordinate Order="4" X="50268.7" Y="21824.9" />
				<Coordinate Order="5" X="50289.8" Y="21858.4" />
				<Coordinate Order="6" X="50308.9" Y="21892" />
				<Coordinate Order="7" X="50339.6" Y="21920.7" />
				<Coordinate Order="8" X="50359.7" Y="21930.3" />
				<Coordinate Order="9" X="50356.9" Y="21968.6" />
				<Coordinate Order="10" X="50376" Y="22003.1" />
				<Coordinate Order="11" X="50415.3" Y="21994.5" />
				<Coordinate Order="12" X="50438.3" Y="21961.9" />
				<Coordinate Order="13" X="50474.8" Y="21949.5" />
				<Coordinate Order="14" X="50510.2" Y="21930.3" />
				<Coordinate Order="15" X="50507.4" Y="21892" />
				<Coordinate Order="16" X="50466.1" Y="21883.3" />
				<Coordinate Order="17" X="50416.3" Y="21881.4" />
				<Coordinate Order="18" X="50396.2" Y="21845.9" />
				<Coordinate Order="19" X="50391.4" Y="21805.7" />
				<Coordinate Order="20" X="50379.9" Y="21763.5" />
				<Coordinate Order="21" X="50360.7" Y="21728" />
				<Coordinate Order="22" X="50326.2" Y="21704.1" />
				<Coordinate Order="23" X="50291.7" Y="21683.9" />
				<Coordinate Order="24" X="50250.5" Y="21687.8" />
				<Coordinate Order="25" X="50227.5" Y="21719.4" />
			</Coordinates>
		</Annotation>
		<Annotation Name="Annotation 39" Type="Polygon" PartOfGroup="metastases" Color="#F4FA58">
			<Coordinates>
				<Coordinate Order="0" X="50052" Y="22401.9" />
				<Coordinate Order="1" X="50090.4" Y="22414.4" />
				<Coordinate Order="2" X="50130.6" Y="22409.6" />
				<Coordinate Order="3" X="50165.1" Y="22390.4" />
				<Coordinate Order="4" X="50195.8" Y="22363.6" />
				<Coordinate Order="5" X="50192" Y="22323.3" />
				<Coordinate Order="6" X="50180.5" Y="22284" />
				<Coordinate Order="7" X="50150.8" Y="22256.2" />
				<Coordinate Order="8" X="50114.3" Y="22226.5" />
				<Coordinate Order="9" X="50076" Y="22214" />
				<Coordinate Order="10" X="50037.7" Y="22224.6" />
				<Coordinate Order="11" X="50033.8" Y="22262.9" />
				<Coordinate Order="12" X="50062.6" Y="22288.8" />
				<Coordinate Order="13" X="50040.5" Y="22323.3" />
				<Coordinate Order="14" X="50007.9" Y="22344.4" />
				<Coordinate Order="15" X="50005.1" Y="22382.7" />
			</Coordinates>
		</Annotation>
		<Annotation Name="Annotation 40" Type="Polygon" PartOfGroup="metastases" Color="#F4FA58">
			<Coordinates>
				<Coordinate Order="0" X="49767.3" Y="22674.2" />
				<Coordinate Order="1" X="49804.7" Y="22658.8" />
				<Coordinate Order="2" X="49843.1" Y="22651.1" />
				<Coordinate Order="3" X="49881.4" Y="22648.3" />
				<Coordinate Order="4" X="49910.2" Y="22614.7" />
				<Coordinate Order="5" X="49901.5" Y="22568.7" />
				<Coordinate Order="6" X="49879.5" Y="22532.3" />
				<Coordinate Order="7" X="49844" Y="22515" />
				<Coordinate Order="8" X="49805.7" Y="22533.2" />
				<Coordinate Order="9" X="49774" Y="22556.2" />
				<Coordinate Order="10" X="49744.3" Y="22584" />
				<Coordinate Order="11" X="49727.1" Y="22620.5" />
				<Coordinate Order="12" X="49712.7" Y="22657.9" />
				<Coordinate Order="13" X="49745.3" Y="22680.9" />
			</Coordinates>
		</Annotation>
		<Annotation Name="Annotation 41" Type="Polygon" PartOfGroup="metastases" Color="#F4FA58">
			<Coordinates>
				<Coordinate Order="0" X="50456.4" Y="22584.1" />
				<Coordinate Order="1" X="50424.5" Y="22556.9" />
				<Coordinate Order="2" X="50405.7" Y="22572.5" />
				<Coordinate Order="3" X="50397.1" Y="22614.6" />
				<Coordinate Order="4" X="50445" Y="22622.6" />
				<Coordinate Order="5" X="50454.6" Y="22664.6" />
				<Coordinate Order="6" X="50451.8" Y="22708.7" />
				<Coordinate Order="7" X="50457.5" Y="22747" />
				<Coordinate Order="8" X="50472.8" Y="22782.5" />
				<Coordinate Order="9" X="50504.5" Y="22806.4" />
				<Coordinate Order="10" X="50542.8" Y="22795.9" />
				<Coordinate Order="11" X="50580.2" Y="22782.5" />
				<Coordinate Order="12" X="50599.4" Y="22744.1" />
				<Coordinate Order="13" X="50615.7" Y="22706.7" />
				<Coordinate Order="14" X="50623.3" Y="22667.4" />
				<Coordinate Order="15" X="50610.9" Y="22628.1" />
				<Coordinate Order="16" X="50593.6" Y="22587.9" />
				<Coordinate Order="17" X="50589.8" Y="22548.6" />
				<Coordinate Order="18" X="50589.8" Y="22509.3" />
				<Coordinate Order="19" X="50603.2" Y="22471.9" />
				<Coordinate Order="20" X="50606.1" Y="22431.6" />
				<Coordinate Order="21" X="50573.5" Y="22390.4" />
				<Coordinate Order="22" X="50535.2" Y="22402.9" />
				<Coordinate Order="23" X="50514.1" Y="22440.3" />
				<Coordinate Order="24" X="50515" Y="22482.4" />
				<Coordinate Order="25" X="50516.9" Y="22520.8" />
				<Coordinate Order="26" X="50495.9" Y="22557.2" />
				<Coordinate Order="27" X="50464.2" Y="22647.3" />
			</Coordinates>
		</Annotation>
		<Annotation Name="Annotation 42" Type="Polygon" PartOfGroup="metastases" Color="#F4FA58">
			<Coordinates>
				<Coordinate Order="0" X="50768.1" Y="23030.7" />
				<Coordinate Order="1" X="50802.6" Y="23010.6" />
				<Coordinate Order="2" X="50840" Y="22991.4" />
				<Coordinate Order="3" X="50877.4" Y="22978" />
				<Coordinate Order="4" X="50910" Y="23003.9" />
				<Coordinate Order="5" X="50938.7" Y="23029.8" />
				<Coordinate Order="6" X="50962.7" Y="23064.3" />
				<Coordinate Order="7" X="50960.8" Y="23102.6" />
				<Coordinate Order="8" X="50934.9" Y="23136.2" />
				<Coordinate Order="9" X="50888.9" Y="23133.3" />
				<Coordinate Order="10" X="50854.4" Y="23151.5" />
				<Coordinate Order="11" X="50837.1" Y="23188.9" />
				<Coordinate Order="12" X="50816" Y="23224.4" />
				<Coordinate Order="13" X="50779.6" Y="23247.4" />
				<Coordinate Order="14" X="50743.2" Y="23266.6" />
				<Coordinate Order="15" X="50704.8" Y="23276.1" />
				<Coordinate Order="16" X="50667.4" Y="23264.6" />
				<Coordinate Order="17" X="50637.7" Y="23234.9" />
				<Coordinate Order="18" X="50628.1" Y="23191.8" />
				<Coordinate Order="19" X="50627.2" Y="23153.4" />
				<Coordinate Order="20" X="50637.7" Y="23116.1" />
				<Coordinate Order="21" X="50647.3" Y="23078.7" />
				<Coordinate Order="22" X="50676.1" Y="23049.9" />
				<Coordinate Order="23" X="50712.5" Y="23034.6" />
				<Coordinate Order="24" X="50751.8" Y="23030.7" />
			</Coordinates>
		</Annotation>
		<Annotation Name="Annotation 43" Type="Polygon" PartOfGroup="metastases" Color="#F4FA58">
			<Coordinates>
				<Coordinate Order="0" X="50594.6" Y="22175.7" />
				<Coordinate Order="1" X="50622.4" Y="22202.5" />
				<Coordinate Order="2" X="50660.7" Y="22209.2" />
				<Coordinate Order="3" X="50696.2" Y="22187.2" />
				<Coordinate Order="4" X="50725" Y="22160.4" />
				<Coordinate Order="5" X="50692.4" Y="22134.5" />
				<Coordinate Order="6" X="50669.4" Y="22100.9" />
				<Coordinate Order="7" X="50629.1" Y="22089.4" />
				<Coordinate Order="8" X="50590.8" Y="22099" />
				<Coordinate Order="9" X="50576.4" Y="22136.4" />
			</Coordinates>
		</Annotation>
		<Annotation Name="Annotation 44" Type="Polygon" PartOfGroup="metastases" Color="#F4FA58">
			<Coordinates>
				<Coordinate Order="0" X="50911.9" Y="21940.8" />
				<Coordinate Order="1" X="50966.5" Y="21930.3" />
				<Coordinate Order="2" X="50994.3" Y="21898.7" />
				<Coordinate Order="3" X="51008.7" Y="21861.3" />
				<Coordinate Order="4" X="51013.5" Y="21820.1" />
				<Coordinate Order="5" X="51011.6" Y="21789.4" />
				<Coordinate Order="6" X="50967.5" Y="21760.6" />
				<Coordinate Order="7" X="50930.1" Y="21747.2" />
				<Coordinate Order="8" X="50891.7" Y="21755.8" />
				<Coordinate Order="9" X="50870.7" Y="21790.3" />
				<Coordinate Order="10" X="50843.8" Y="21818.1" />
				<Coordinate Order="11" X="50830.4" Y="21855.5" />
				<Coordinate Order="12" X="50857.2" Y="21887.2" />
				<Coordinate Order="13" X="50871.6" Y="21925.5" />
			</Coordinates>
		</Annotation>
		<Annotation Name="Annotation 45" Type="Polygon" PartOfGroup="metastases" Color="#F4FA58">
			<Coordinates>
				<Coordinate Order="0" X="51299.1" Y="21216.2" />
				<Coordinate Order="1" X="51331.7" Y="21188.4" />
				<Coordinate Order="2" X="51351.9" Y="21154.8" />
				<Coordinate Order="3" X="51341.3" Y="21117.4" />
				<Coordinate Order="4" X="51308.7" Y="21091.5" />
				<Coordinate Order="5" X="51268.5" Y="21084.8" />
				<Coordinate Order="6" X="51230.1" Y="21093.5" />
				<Coordinate Order="7" X="51205.2" Y="21124.1" />
				<Coordinate Order="8" X="51189.9" Y="21159.6" />
				<Coordinate Order="9" X="51187" Y="21197.9" />
				<Coordinate Order="10" X="51200.4" Y="21236.3" />
				<Coordinate Order="11" X="51237.8" Y="21244.9" />
				<Coordinate Order="12" X="51278.1" Y="21228.6" />
			</Coordinates>
		</Annotation>
		<Annotation Name="Annotation 46" Type="Polygon" PartOfGroup="metastases" Color="#F4FA58">
			<Coordinates>
				<Coordinate Order="0" X="52072.7" Y="21127" />
				<Coordinate Order="1" X="52100.5" Y="21153.8" />
				<Coordinate Order="2" X="52133.1" Y="21175.9" />
				<Coordinate Order="3" X="52168.6" Y="21201.8" />
				<Coordinate Order="4" X="52204" Y="21219" />
				<Coordinate Order="5" X="52242.4" Y="21234.4" />
				<Coordinate Order="6" X="52278.8" Y="21214.2" />
				<Coordinate Order="7" X="52284.6" Y="21171.1" />
				<Coordinate Order="8" X="52270.2" Y="21128" />
				<Coordinate Order="9" X="52246.2" Y="21090.6" />
				<Coordinate Order="10" X="52219.4" Y="21062.8" />
				<Coordinate Order="11" X="52192.5" Y="21035" />
				<Coordinate Order="12" X="52160.9" Y="21012" />
				<Coordinate Order="13" X="52112" Y="20989.9" />
				<Coordinate Order="14" X="52075.6" Y="20973.6" />
				<Coordinate Order="15" X="52035.3" Y="20961.2" />
				<Coordinate Order="16" X="51996" Y="20951.6" />
				<Coordinate Order="17" X="51960.6" Y="20935.3" />
				<Coordinate Order="18" X="51923.2" Y="20923.8" />
				<Coordinate Order="19" X="51885.8" Y="20938.2" />
				<Coordinate Order="20" X="51882" Y="20977.5" />
				<Coordinate Order="21" X="51883.9" Y="21015.8" />
				<Coordinate Order="22" X="51860.9" Y="21050.3" />
				<Coordinate Order="23" X="51878.1" Y="21086.8" />
				<Coordinate Order="24" X="51899.2" Y="21120.3" />
				<Coordinate Order="25" X="51922.2" Y="21156.7" />
				<Coordinate Order="26" X="51954.8" Y="21128.9" />
				<Coordinate Order="27" X="51975.9" Y="21094.4" />
				<Coordinate Order="28" X="52020.9" Y="21091.5" />
				<Coordinate Order="29" X="52054.5" Y="21110.7" />
			</Coordinates>
		</Annotation>
		<Annotation Name="Annotation 47" Type="Polygon" PartOfGroup="metastases" Color="#F4FA58">
			<Coordinates>
				<Coordinate Order="0" X="52384.2" Y="21433.8" />
				<Coordinate Order="1" X="52393.8" Y="21471.1" />
				<Coordinate Order="2" X="52429.3" Y="21491.3" />
				<Coordinate Order="3" X="52475.3" Y="21505.6" />
				<Coordinate Order="4" X="52516.5" Y="21501.8" />
				<Coordinate Order="5" X="52537.6" Y="21468.3" />
				<Coordinate Order="6" X="52545.3" Y="21429.9" />
				<Coordinate Order="7" X="52524.2" Y="21393.5" />
				<Coordinate Order="8" X="52485.9" Y="21376.2" />
				<Coordinate Order="9" X="52447.5" Y="21367.6" />
				<Coordinate Order="10" X="52408.2" Y="21365.7" />
				<Coordinate Order="11" X="52392.9" Y="21402.1" />
			</Coordinates>
		</Annotation>
		<Annotation Name="Annotation 48" Type="Polygon" PartOfGroup="metastases" Color="#F4FA58">
			<Coordinates>
				<Coordinate Order="0" X="52609.5" Y="21637" />
				<Coordinate Order="1" X="52614.3" Y="21675.3" />
				<Coordinate Order="2" X="52634.4" Y="21716.5" />
				<Coordinate Order="3" X="52660.3" Y="21746.3" />
				<Coordinate Order="4" X="52697.7" Y="21774" />
				<Coordinate Order="5" X="52736" Y="21772.1" />
				<Coordinate Order="6" X="52759.1" Y="21770.2" />
				<Coordinate Order="7" X="52785.9" Y="21740.5" />
				<Coordinate Order="8" X="52774.4" Y="21703.1" />
				<Coordinate Order="9" X="52745.6" Y="21669.6" />
				<Coordinate Order="10" X="52721.7" Y="21634.1" />
				<Coordinate Order="11" X="52687.2" Y="21612" />
				<Coordinate Order="12" X="52651.7" Y="21595.8" />
				<Coordinate Order="13" X="52615.3" Y="21580.4" />
				<Coordinate Order="14" X="52590.3" Y="21591.9" />
			</Coordinates>
		</Annotation>
		<Annotation Name="Annotation 49" Type="Polygon" PartOfGroup="metastases" Color="#F4FA58">
			<Coordinates>
				<Coordinate Order="0" X="50345.4" Y="21241.1" />
				<Coordinate Order="1" X="50390.4" Y="21228.6" />
				<Coordinate Order="2" X="50418.2" Y="21197.9" />
				<Coordinate Order="3" X="50424" Y="21158.6" />
				<Coordinate Order="4" X="50406.7" Y="21124.1" />
				<Coordinate Order="5" X="50367.4" Y="21119.3" />
				<Coordinate Order="6" X="50327.1" Y="21119.3" />
				<Coordinate Order="7" X="50293.6" Y="21142.3" />
				<Coordinate Order="8" X="50271.5" Y="21177.8" />
				<Coordinate Order="9" X="50266.8" Y="21217.1" />
				<Coordinate Order="10" X="50294.6" Y="21248.7" />
				<Coordinate Order="11" X="50333.9" Y="21250.7" />
			</Coordinates>
		</Annotation>
		<Annotation Name="Annotation 50" Type="Polygon" PartOfGroup="metastases" Color="#F4FA58">
			<Coordinates>
				<Coordinate Order="0" X="50426.8" Y="20856.7" />
				<Coordinate Order="1" X="50436.4" Y="20817.4" />
				<Coordinate Order="2" X="50459.4" Y="20782.9" />
				<Coordinate Order="3" X="50493.9" Y="20762.8" />
				<Coordinate Order="4" X="50531.3" Y="20752.2" />
				<Coordinate Order="5" X="50570.6" Y="20763.7" />
				<Coordinate Order="6" X="50580.2" Y="20801.1" />
				<Coordinate Order="7" X="50582.1" Y="20839.4" />
				<Coordinate Order="8" X="50567.7" Y="20876.8" />
				<Coordinate Order="9" X="50534.2" Y="20899.8" />
				<Coordinate Order="10" X="50501.6" Y="20922.8" />
				<Coordinate Order="11" X="50471.9" Y="20947.8" />
				<Coordinate Order="12" X="50433.5" Y="20936.3" />
				<Coordinate Order="13" X="50423" Y="20897.9" />
			</Coordinates>
		</Annotation>
		<Annotation Name="Annotation 51" Type="Polygon" PartOfGroup="metastases" Color="#F4FA58">
			<Coordinates>
				<Coordinate Order="0" X="50144.1" Y="20913.2" />
				<Coordinate Order="1" X="50179.5" Y="20894.1" />
				<Coordinate Order="2" X="50212.1" Y="20869.2" />
				<Coordinate Order="3" X="50229.4" Y="20832.7" />
				<Coordinate Order="4" X="50207.3" Y="20798.2" />
				<Coordinate Order="5" X="50166.1" Y="20802.1" />
				<Coordinate Order="6" X="50128.7" Y="20812.6" />
				<Coordinate Order="7" X="50101.9" Y="20840.4" />
				<Coordinate Order="8" X="50080.8" Y="20873.9" />
				<Coordinate Order="9" X="50099" Y="20908.5" />
			</Coordinates>
		</Annotation>
		<Annotation Name="Annotation 52" Type="Polygon" PartOfGroup="metastases" Color="#F4FA58">
			<Coordinates>
				<Coordinate Order="0" X="49915" Y="20861.5" />
				<Coordinate Order="1" X="49876.6" Y="20868.2" />
				<Coordinate Order="2" X="49856.5" Y="20901.7" />
				<Coordinate Order="3" X="49854.6" Y="20943" />
				<Coordinate Order="4" X="49881.4" Y="20971.7" />
				<Coordinate Order="5" X="49918.8" Y="20989" />
				<Coordinate Order="6" X="49957.1" Y="20977.5" />
				<Coordinate Order="7" X="49981.1" Y="20942" />
				<Coordinate Order="8" X="49971.5" Y="20903.7" />
				<Coordinate Order="9" X="49954.3" Y="20868.2" />
			</Coordinates>
		</Annotation>
		<Annotation Name="Annotation 53" Type="Polygon" PartOfGroup="metastases" Color="#F4FA58">
			<Coordinates>
				<Coordinate Order="0" X="50499.7" Y="20152.1" />
				<Coordinate Order="1" X="50516" Y="20189.5" />
				<Coordinate Order="2" X="50535.2" Y="20225.9" />
				<Coordinate Order="3" X="50572.5" Y="20240.3" />
				<Coordinate Order="4" X="50611.8" Y="20233.6" />
				<Coordinate Order="5" X="50649.2" Y="20211.6" />
				<Coordinate Order="6" X="50678" Y="20181.9" />
				<Coordinate Order="7" X="50678.9" Y="20143.5" />
				<Coordinate Order="8" X="50677" Y="20104.2" />
				<Coordinate Order="9" X="50668.4" Y="20066.8" />
				<Coordinate Order="10" X="50655" Y="20029.4" />
				<Coordinate Order="11" X="50613.8" Y="20022.7" />
				<Coordinate Order="12" X="50573.5" Y="20017" />
				<Coordinate Order="13" X="50542.8" Y="20040.9" />
				<Coordinate Order="14" X="50542.8" Y="20081.2" />
				<Coordinate Order="15" X="50519.8" Y="20114.8" />
			</Coordinates>
		</Annotation>
		<Annotation Name="Annotation 54" Type="Polygon" PartOfGroup="metastases" Color="#F4FA58">
			<Coordinates>
				<Coordinate Order="0" X="51119.9" Y="19715" />
				<Coordinate Order="1" X="51134.3" Y="19754.3" />
				<Coordinate Order="2" X="51145.8" Y="19795.5" />
				<Coordinate Order="3" X="51173.6" Y="19830.1" />
				<Coordinate Order="4" X="51204.2" Y="19863.6" />
				<Coordinate Order="5" X="51234.9" Y="19888.5" />
				<Coordinate Order="6" X="51274.2" Y="19900" />
				<Coordinate Order="7" X="51303" Y="19873.2" />
				<Coordinate Order="8" X="51295.3" Y="19833.9" />
				<Coordinate Order="9" X="51280" Y="19796.5" />
				<Coordinate Order="10" X="51272.3" Y="19757.2" />
				<Coordinate Order="11" X="51260.8" Y="19718.9" />
				<Coordinate Order="12" X="51248.3" Y="19681.5" />
				<Coordinate Order="13" X="51228.2" Y="19640.3" />
				<Coordinate Order="14" X="51203.3" Y="19604.8" />
				<Coordinate Order="15" X="51164" Y="19601" />
				<Coordinate Order="16" X="51130.4" Y="19620.1" />
				<Coordinate Order="17" X="51105.5" Y="19652.7" />
				<Coordinate Order="18" X="51103.6" Y="19693" />
			</Coordinates>
		</Annotation>
		<Annotation Name="Annotation 55" Type="Polygon" PartOfGroup="metastases" Color="#F4FA58">
			<Coordinates>
				<Coordinate Order="0" X="50947.3" Y="19782.1" />
				<Coordinate Order="1" X="50927.2" Y="19816.6" />
				<Coordinate Order="2" X="50933.9" Y="19856.9" />
				<Coordinate Order="3" X="50949.3" Y="19892.4" />
				<Coordinate Order="4" X="50953.1" Y="19932.6" />
				<Coordinate Order="5" X="50956" Y="19971" />
				<Coordinate Order="6" X="50966.5" Y="20008.4" />
				<Coordinate Order="7" X="50987.6" Y="20041.9" />
				<Coordinate Order="8" X="51019.2" Y="20065.9" />
				<Coordinate Order="9" X="51056.6" Y="20053.4" />
				<Coordinate Order="10" X="51078.7" Y="20018.9" />
				<Coordinate Order="11" X="51080.6" Y="19980.6" />
				<Coordinate Order="12" X="51062.4" Y="19943.2" />
				<Coordinate Order="13" X="51059.5" Y="19899.1" />
				<Coordinate Order="14" X="51067.2" Y="19859.8" />
				<Coordinate Order="15" X="51073.9" Y="19821.4" />
				<Coordinate Order="16" X="51042.2" Y="19795.5" />
				<Coordinate Order="17" X="51003.9" Y="19802.3" />
				<Coordinate Order="18" X="50966.5" Y="19791.7" />
			</Coordinates>
		</Annotation>
		<Annotation Name="Annotation 56" Type="Polygon" PartOfGroup="metastases" Color="#F4FA58">
			<Coordinates>
				<Coordinate Order="0" X="49901.5" Y="19476.3" />
				<Coordinate Order="1" X="49916.9" Y="19513.7" />
				<Coordinate Order="2" X="49929.3" Y="19550.2" />
				<Coordinate Order="3" X="49956.2" Y="19580.8" />
				<Coordinate Order="4" X="49994.5" Y="19594.2" />
				<Coordinate Order="5" X="50032.9" Y="19593.3" />
				<Coordinate Order="6" X="50058.7" Y="19563.6" />
				<Coordinate Order="7" X="50079.8" Y="19529.1" />
				<Coordinate Order="8" X="50080.8" Y="19488.8" />
				<Coordinate Order="9" X="50063.5" Y="19433.2" />
				<Coordinate Order="10" X="50027.1" Y="19409.2" />
				<Coordinate Order="11" X="49992.6" Y="19390.1" />
				<Coordinate Order="12" X="49952.3" Y="19385.3" />
				<Coordinate Order="13" X="49916.9" Y="19402.5" />
				<Coordinate Order="14" X="49894.8" Y="19434.2" />
			</Coordinates>
		</Annotation>
		<Annotation Name="Annotation 57" Type="Polygon" PartOfGroup="metastases" Color="#F4FA58">
			<Coordinates>
				<Coordinate Order="0" X="50424.9" Y="18961.6" />
				<Coordinate Order="1" X="50459.4" Y="18983.6" />
				<Coordinate Order="2" X="50485.3" Y="19016.2" />
				<Coordinate Order="3" X="50509.3" Y="19046.9" />
				<Coordinate Order="4" X="50545.7" Y="19060.3" />
				<Coordinate Order="5" X="50579.3" Y="19092" />
				<Coordinate Order="6" X="50604.2" Y="19126.5" />
				<Coordinate Order="7" X="50648.3" Y="19129.3" />
				<Coordinate Order="8" X="50686.6" Y="19135.1" />
				<Coordinate Order="9" X="50726.9" Y="19156.2" />
				<Coordinate Order="10" X="50758.5" Y="19183" />
				<Coordinate Order="11" X="50786.3" Y="19211.8" />
				<Coordinate Order="12" X="50825.6" Y="19218.5" />
				<Coordinate Order="13" X="50853.4" Y="19190.7" />
				<Coordinate Order="14" X="50854.4" Y="19151.4" />
				<Coordinate Order="15" X="50871.6" Y="19114" />
				<Coordinate Order="16" X="50883.1" Y="19076.6" />
				<Coordinate Order="17" X="50867.8" Y="19038.3" />
				<Coordinate Order="18" X="50838.1" Y="19012.4" />
				<Coordinate Order="19" X="50799.7" Y="19009.5" />
				<Coordinate Order="20" X="50759.5" Y="19007.6" />
				<Coordinate Order="21" X="50712.5" Y="18995.1" />
				<Coordinate Order="22" X="50670.3" Y="18977.9" />
				<Coordinate Order="23" X="50649.2" Y="18945.3" />
				<Coordinate Order="24" X="50623.3" Y="18912.7" />
				<Coordinate Order="25" X="50589.8" Y="18887.8" />
				<Coordinate Order="26" X="50552.4" Y="18876.3" />
				<Coordinate Order="27" X="50509.3" Y="18872.4" />
				<Coordinate Order="28" X="50470.9" Y="18866.7" />
				<Coordinate Order="29" X="50430.7" Y="18862.9" />
				<Coordinate Order="30" X="50389.5" Y="18863.8" />
				<Coordinate Order="31" X="50356.9" Y="18887.8" />
				<Coordinate Order="32" X="50377.9" Y="18925.2" />
				<Coordinate Order="33" X="50406.7" Y="18953" />
			</Coordinates>
		</Annotation>
		<Annotation Name="Annotation 58" Type="Polygon" PartOfGroup="metastases" Color="#F4FA58">
			<Coordinates>
				<Coordinate Order="0" X="50175.7" Y="18531.2" />
				<Coordinate Order="1" X="50205.4" Y="18557.1" />
				<Coordinate Order="2" X="50231.3" Y="18585.8" />
				<Coordinate Order="3" X="50249.5" Y="18621.3" />
				<Coordinate Order="4" X="50271.5" Y="18652.9" />
				<Coordinate Order="5" X="50305.1" Y="18687.4" />
				<Coordinate Order="6" X="50339.6" Y="18710.4" />
				<Coordinate Order="7" X="50377.9" Y="18728.7" />
				<Coordinate Order="8" X="50415.3" Y="18742.1" />
				<Coordinate Order="9" X="50451.8" Y="18727.7" />
				<Coordinate Order="10" X="50470" Y="18692.2" />
				<Coordinate Order="11" X="50471.9" Y="18652" />
				<Coordinate Order="12" X="50450.8" Y="18619.4" />
				<Coordinate Order="13" X="50417.3" Y="18597.3" />
				<Coordinate Order="14" X="50384.7" Y="18574.3" />
				<Coordinate Order="15" X="50339.6" Y="18547.5" />
				<Coordinate Order="16" X="50319.5" Y="18513.9" />
				<Coordinate Order="17" X="50295.5" Y="18479.4" />
				<Coordinate Order="18" X="50252.4" Y="18467" />
				<Coordinate Order="19" X="50225.5" Y="18437.2" />
				<Coordinate Order="20" X="50215" Y="18394.1" />
				<Coordinate Order="21" X="50196.8" Y="18357.7" />
				<Coordinate Order="22" X="50164.2" Y="18334.7" />
				<Coordinate Order="23" X="50134.5" Y="18308.8" />
				<Coordinate Order="24" X="50103.8" Y="18279.1" />
				<Coordinate Order="25" X="50064.5" Y="18282.9" />
				<Coordinate Order="26" X="50062.6" Y="18323.2" />
				<Coordinate Order="27" X="50086.5" Y="18353.8" />
				<Coordinate Order="28" X="50085.6" Y="18395.1" />
				<Coordinate Order="29" X="50075" Y="18432.5" />
				<Coordinate Order="30" X="50081.8" Y="18470.8" />
				<Coordinate Order="31" X="50122" Y="18500.5" />
				<Coordinate Order="32" X="50164.2" Y="18519.7" />
			</Coordinates>
		</Annotation>
		<Annotation Name="Annotation 59" Type="Polygon" PartOfGroup="metastases" Color="#F4FA58">
			<Coordinates>
				<Coordinate Order="0" X="48861.5" Y="17753.8" />
				<Coordinate Order="1" X="48883.5" Y="17721.2" />
				<Coordinate Order="2" X="48890.2" Y="17682.8" />
				<Coordinate Order="3" X="48890.2" Y="17642.6" />
				<Coordinate Order="4" X="48876.8" Y="17606.2" />
				<Coordinate Order="5" X="48842.3" Y="17584.1" />
				<Coordinate Order="6" X="48800.1" Y="17587.9" />
				<Coordinate Order="7" X="48766.6" Y="17609" />
				<Coordinate Order="8" X="48734.9" Y="17634.9" />
				<Coordinate Order="9" X="48696.6" Y="17646.4" />
				<Coordinate Order="10" X="48663.1" Y="17667.5" />
				<Coordinate Order="11" X="48672.6" Y="17706.8" />
				<Coordinate Order="12" X="48691.8" Y="17744.2" />
				<Coordinate Order="13" X="48702.4" Y="17786.4" />
				<Coordinate Order="14" X="48724.4" Y="17818" />
				<Coordinate Order="15" X="48746.5" Y="17849.6" />
				<Coordinate Order="16" X="48783.8" Y="17859.2" />
				<Coordinate Order="17" X="48824.1" Y="17856.3" />
				<Coordinate Order="18" X="48856.7" Y="17833.3" />
				<Coordinate Order="19" X="48862.4" Y="17795" />
			</Coordinates>
		</Annotation>
		<Annotation Name="Annotation 60" Type="Polygon" PartOfGroup="metastases" Color="#F4FA58">
			<Coordinates>
				<Coordinate Order="0" X="49008.1" Y="17657.9" />
				<Coordinate Order="1" X="49007.2" Y="17697.2" />
				<Coordinate Order="2" X="49033.1" Y="17730.8" />
				<Coordinate Order="3" X="49077.2" Y="17734.6" />
				<Coordinate Order="4" X="49103" Y="17703.9" />
				<Coordinate Order="5" X="49099.2" Y="17665.6" />
				<Coordinate Order="6" X="49077.2" Y="17631.1" />
				<Coordinate Order="7" X="49035.9" Y="17626.3" />
			</Coordinates>
		</Annotation>
		<Annotation Name="Annotation 61" Type="Polygon" PartOfGroup="metastases" Color="#F4FA58">
			<Coordinates>
				<Coordinate Order="0" X="48960.2" Y="17055" />
				<Coordinate Order="1" X="48989.9" Y="17085.7" />
				<Coordinate Order="2" X="49025.4" Y="17101.9" />
				<Coordinate Order="3" X="49061.8" Y="17120.2" />
				<Coordinate Order="4" X="49088.7" Y="17148.9" />
				<Coordinate Order="5" X="49120.3" Y="17171" />
				<Coordinate Order="6" X="49161.5" Y="17174.8" />
				<Coordinate Order="7" X="49200.8" Y="17183.4" />
				<Coordinate Order="8" X="49244.9" Y="17195.9" />
				<Coordinate Order="9" X="49285.2" Y="17207.4" />
				<Coordinate Order="10" X="49313" Y="17192.1" />
				<Coordinate Order="11" X="49287.1" Y="17162.3" />
				<Coordinate Order="12" X="49265" Y="17126.9" />
				<Coordinate Order="13" X="49217.1" Y="17107.7" />
				<Coordinate Order="14" X="49180.7" Y="17091.4" />
				<Coordinate Order="15" X="49150" Y="17063.6" />
				<Coordinate Order="16" X="49115.5" Y="17044.4" />
				<Coordinate Order="17" X="49078.1" Y="17027.2" />
				<Coordinate Order="18" X="49040.7" Y="17015.7" />
				<Coordinate Order="19" X="48998.6" Y="17000.3" />
				<Coordinate Order="20" X="48956.4" Y="16986.9" />
				<Coordinate Order="21" X="48922.8" Y="16999.4" />
				<Coordinate Order="22" X="48937.2" Y="17035.8" />
			</Coordinates>
		</Annotation>
		<Annotation Name="Annotation 62" Type="Polygon" PartOfGroup="metastases" Color="#F4FA58">
			<Coordinates>
				<Coordinate Order="0" X="48179" Y="17021.4" />
				<Coordinate Order="1" X="48161.7" Y="16983.1" />
				<Coordinate Order="2" X="48145.4" Y="16947.6" />
				<Coordinate Order="3" X="48141.6" Y="16905.4" />
				<Coordinate Order="4" X="48176.1" Y="16887.2" />
				<Coordinate Order="5" X="48214.4" Y="16877.6" />
				<Coordinate Order="6" X="48247" Y="16852.7" />
				<Coordinate Order="7" X="48250.9" Y="16812.5" />
				<Coordinate Order="8" X="48280.6" Y="16784.7" />
				<Coordinate Order="9" X="48319.9" Y="16796.2" />
				<Coordinate Order="10" X="48342.9" Y="16827.8" />
				<Coordinate Order="11" X="48360.1" Y="16865.2" />
				<Coordinate Order="12" X="48373.6" Y="16903.5" />
				<Coordinate Order="13" X="48374.5" Y="16950.5" />
				<Coordinate Order="14" X="48386" Y="16993.6" />
				<Coordinate Order="15" X="48407.1" Y="17026.2" />
				<Coordinate Order="16" X="48438.8" Y="17049.2" />
				<Coordinate Order="17" X="48464.6" Y="17079.9" />
				<Coordinate Order="18" X="48473.3" Y="17117.3" />
				<Coordinate Order="19" X="48474.2" Y="17156.6" />
				<Coordinate Order="20" X="48471.3" Y="17196.8" />
				<Coordinate Order="21" X="48455" Y="17236.2" />
				<Coordinate Order="22" X="48477.1" Y="17271.6" />
				<Coordinate Order="23" X="48467.5" Y="17311.9" />
				<Coordinate Order="24" X="48430.1" Y="17327.2" />
				<Coordinate Order="25" X="48382.2" Y="17312.8" />
				<Coordinate Order="26" X="48364" Y="17278.3" />
				<Coordinate Order="27" X="48365.9" Y="17237.1" />
				<Coordinate Order="28" X="48380.3" Y="17199.7" />
				<Coordinate Order="29" X="48387" Y="17159.5" />
				<Coordinate Order="30" X="48361.1" Y="17130.7" />
				<Coordinate Order="31" X="48320.8" Y="17137.4" />
				<Coordinate Order="32" X="48288.3" Y="17164.3" />
				<Coordinate Order="33" X="48249" Y="17171.9" />
				<Coordinate Order="34" X="48206.8" Y="17171.9" />
				<Coordinate Order="35" X="48168.4" Y="17165.2" />
				<Coordinate Order="36" X="48142.6" Y="17134.5" />
				<Coordinate Order="37" X="48147.3" Y="17095.2" />
				<Coordinate Order="38" X="48166.5" Y="17061.7" />
			</Coordinates>
		</Annotation>
		<Annotation Name="Annotation 63" Type="Polygon" PartOfGroup="metastases" Color="#F4FA58">
			<Coordinates>
				<Coordinate Order="0" X="48182.8" Y="18351" />
				<Coordinate Order="1" X="48212.5" Y="18326.1" />
				<Coordinate Order="2" X="48247" Y="18305" />
				<Coordinate Order="3" X="48282.5" Y="18282.9" />
				<Coordinate Order="4" X="48320.8" Y="18272.4" />
				<Coordinate Order="5" X="48345.8" Y="18310.7" />
				<Coordinate Order="6" X="48346.7" Y="18351" />
				<Coordinate Order="7" X="48342.9" Y="18392.2" />
				<Coordinate Order="8" X="48314.1" Y="18419" />
				<Coordinate Order="9" X="48281.5" Y="18440.1" />
				<Coordinate Order="10" X="48242.2" Y="18452.6" />
				<Coordinate Order="11" X="48203.9" Y="18469.8" />
				<Coordinate Order="12" X="48168.4" Y="18488.1" />
				<Coordinate Order="13" X="48129.1" Y="18490" />
				<Coordinate Order="14" X="48090.8" Y="18476.5" />
				<Coordinate Order="15" X="48051.5" Y="18477.5" />
				<Coordinate Order="16" X="48024.6" Y="18449.7" />
				<Coordinate Order="17" X="48020.8" Y="18408.5" />
				<Coordinate Order="18" X="48055.3" Y="18382.6" />
				<Coordinate Order="19" X="48092.7" Y="18360.6" />
				<Coordinate Order="20" X="48117.6" Y="18329.9" />
				<Coordinate Order="21" X="48083.1" Y="18305.9" />
				<Coordinate Order="22" X="48048.6" Y="18323.2" />
				<Coordinate Order="23" X="48039" Y="18285.8" />
				<Coordinate Order="24" X="48017" Y="18249.4" />
				<Coordinate Order="25" X="48002.6" Y="18205.3" />
				<Coordinate Order="26" X="47967.1" Y="18176.5" />
				<Coordinate Order="27" X="47934.5" Y="18151.6" />
				<Coordinate Order="28" X="47928.8" Y="18108.5" />
				<Coordinate Order="29" X="47962.3" Y="18078.7" />
				<Coordinate Order="30" X="47991.1" Y="18052.9" />
				<Coordinate Order="31" X="48012.2" Y="18020.3" />
				<Coordinate Order="32" X="47997.8" Y="17981.9" />
				<Coordinate Order="33" X="48027.5" Y="17954.1" />
				<Coordinate Order="34" X="48058.2" Y="17929.2" />
				<Coordinate Order="35" X="48097.5" Y="17931.1" />
				<Coordinate Order="36" X="48107.1" Y="17968.5" />
				<Coordinate Order="37" X="48122.4" Y="18006.8" />
				<Coordinate Order="38" X="48150.2" Y="18040.4" />
				<Coordinate Order="39" X="48161.7" Y="18078.7" />
				<Coordinate Order="40" X="48187.6" Y="18112.3" />
				<Coordinate Order="41" X="48185.7" Y="18153.5" />
				<Coordinate Order="42" X="48172.3" Y="18189.9" />
				<Coordinate Order="43" X="48152.1" Y="18226.4" />
				<Coordinate Order="44" X="48126.3" Y="18258" />
				<Coordinate Order="45" X="48101.3" Y="18288.7" />
				<Coordinate Order="46" X="48138.7" Y="18298.3" />
				<Coordinate Order="47" X="48178" Y="18312.6" />
			</Coordinates>
		</Annotation>
		<Annotation Name="Annotation 64" Type="Polygon" PartOfGroup="metastases" Color="#F4FA58">
			<Coordinates>
				<Coordinate Order="0" X="48014.1" Y="18921.3" />
				<Coordinate Order="1" X="48053.4" Y="18930" />
				<Coordinate Order="2" X="48097.5" Y="18938.6" />
				<Coordinate Order="3" X="48139.7" Y="18930.9" />
				<Coordinate Order="4" X="48180.9" Y="18918.5" />
				<Coordinate Order="5" X="48209.6" Y="18886.8" />
				<Coordinate Order="6" X="48207.7" Y="18847.5" />
				<Coordinate Order="7" X="48182.8" Y="18817.8" />
				<Coordinate Order="8" X="48155" Y="18791" />
				<Coordinate Order="9" X="48122.4" Y="18769.9" />
				<Coordinate Order="10" X="48083.1" Y="18753.6" />
				<Coordinate Order="11" X="48042.9" Y="18746.9" />
				<Coordinate Order="12" X="48003.6" Y="18751.7" />
				<Coordinate Order="13" X="47971" Y="18772.7" />
				<Coordinate Order="14" X="47934.5" Y="18795.8" />
				<Coordinate Order="15" X="47925" Y="18837" />
				<Coordinate Order="16" X="47944.1" Y="18872.4" />
				<Coordinate Order="17" X="47975.8" Y="18899.3" />
			</Coordinates>
		</Annotation>
		<Annotation Name="Annotation 65" Type="Polygon" PartOfGroup="metastases" Color="#F4FA58">
			<Coordinates>
				<Coordinate Order="0" X="47236.7" Y="19738" />
				<Coordinate Order="1" X="47263.5" Y="19765.8" />
				<Coordinate Order="2" X="47301.9" Y="19769.7" />
				<Coordinate Order="3" X="47333.5" Y="19747.6" />
				<Coordinate Order="4" X="47341.2" Y="19705.4" />
				<Coordinate Order="5" X="47331.6" Y="19666.1" />
				<Coordinate Order="6" X="47304.8" Y="19637.4" />
				<Coordinate Order="7" X="47266.4" Y="19633.5" />
				<Coordinate Order="8" X="47233.8" Y="19654.6" />
				<Coordinate Order="9" X="47223.3" Y="19692" />
			</Coordinates>
		</Annotation>
		<Annotation Name="Annotation 66" Type="Polygon" PartOfGroup="metastases" Color="#F4FA58">
			<Coordinates>
				<Coordinate Order="0" X="46850.4" Y="19451.4" />
				<Coordinate Order="1" X="46895.4" Y="19440.9" />
				<Coordinate Order="2" X="46935.7" Y="19437" />
				<Coordinate Order="3" X="46983.6" Y="19437" />
				<Coordinate Order="4" X="47026.8" Y="19427.5" />
				<Coordinate Order="5" X="47066.1" Y="19412.1" />
				<Coordinate Order="6" X="47099.6" Y="19392.9" />
				<Coordinate Order="7" X="47130.3" Y="19366.1" />
				<Coordinate Order="8" X="47140.8" Y="19326.8" />
				<Coordinate Order="9" X="47133.2" Y="19287.5" />
				<Coordinate Order="10" X="47095.8" Y="19262.6" />
				<Coordinate Order="11" X="47051.7" Y="19262.6" />
				<Coordinate Order="12" X="47012.4" Y="19262.6" />
				<Coordinate Order="13" X="46973.1" Y="19270.2" />
				<Coordinate Order="14" X="46934.7" Y="19286.5" />
				<Coordinate Order="15" X="46895.4" Y="19278.9" />
				<Coordinate Order="16" X="46853.3" Y="19272.2" />
				<Coordinate Order="17" X="46817.8" Y="19291.3" />
				<Coordinate Order="18" X="46815.9" Y="19330.6" />
				<Coordinate Order="19" X="46799.6" Y="19366.1" />
				<Coordinate Order="20" X="46820.7" Y="19398.7" />
				<Coordinate Order="21" X="46837" Y="19434.2" />
			</Coordinates>
		</Annotation>
		<Annotation Name="Annotation 67" Type="Polygon" PartOfGroup="metastases" Color="#F4FA58">
			<Coordinates>
				<Coordinate Order="0" X="47366.1" Y="18835.1" />
				<Coordinate Order="1" X="47346" Y="18873.4" />
				<Coordinate Order="2" X="47345" Y="18912.7" />
				<Coordinate Order="3" X="47374.7" Y="18939.5" />
				<Coordinate Order="4" X="47401.6" Y="18910.8" />
				<Coordinate Order="5" X="47406.4" Y="18871.5" />
				<Coordinate Order="6" X="47422.7" Y="18833.1" />
				<Coordinate Order="7" X="47437" Y="18794.8" />
				<Coordinate Order="8" X="47450.5" Y="18758.4" />
				<Coordinate Order="9" X="47412.1" Y="18744.9" />
				<Coordinate Order="10" X="47389.1" Y="18776.6" />
				<Coordinate Order="11" X="47377.6" Y="18815.9" />
			</Coordinates>
		</Annotation>
		<Annotation Name="Annotation 68" Type="Polygon" PartOfGroup="metastases" Color="#F4FA58">
			<Coordinates>
				<Coordinate Order="0" X="46717.1" Y="20418.6" />
				<Coordinate Order="1" X="46761.2" Y="20410" />
				<Coordinate Order="2" X="46795.8" Y="20388.9" />
				<Coordinate Order="3" X="46824.5" Y="20362.1" />
				<Coordinate Order="4" X="46836" Y="20319.9" />
				<Coordinate Order="5" X="46837" Y="20277.7" />
				<Coordinate Order="6" X="46822.6" Y="20239.4" />
				<Coordinate Order="7" X="46790" Y="20216.4" />
				<Coordinate Order="8" X="46752.6" Y="20225.9" />
				<Coordinate Order="9" X="46713.3" Y="20223.1" />
				<Coordinate Order="10" X="46679.8" Y="20202" />
				<Coordinate Order="11" X="46639.5" Y="20193.4" />
				<Coordinate Order="12" X="46600.2" Y="20204.9" />
				<Coordinate Order="13" X="46575.3" Y="20234.6" />
				<Coordinate Order="14" X="46532.1" Y="20236.5" />
				<Coordinate Order="15" X="46504.3" Y="20265.3" />
				<Coordinate Order="16" X="46501.5" Y="20303.6" />
				<Coordinate Order="17" X="46509.1" Y="20341.9" />
				<Coordinate Order="18" X="46525.4" Y="20377.4" />
				<Coordinate Order="19" X="46558" Y="20354.4" />
				<Coordinate Order="20" X="46601.2" Y="20351.5" />
				<Coordinate Order="21" X="46638.5" Y="20364" />
				<Coordinate Order="22" X="46672.1" Y="20383.2" />
			</Coordinates>
		</Annotation>
		<Annotation Name="Annotation 69" Type="Polygon" PartOfGroup="metastases" Color="#F4FA58">
			<Coordinates>
				<Coordinate Order="0" X="46060.5" Y="20415.7" />
				<Coordinate Order="1" X="46089.3" Y="20388.9" />
				<Coordinate Order="2" X="46119" Y="20362.1" />
				<Coordinate Order="3" X="46152.5" Y="20341" />
				<Coordinate Order="4" X="46188" Y="20364.9" />
				<Coordinate Order="5" X="46226.4" Y="20378.4" />
				<Coordinate Order="6" X="46259.9" Y="20356.3" />
				<Coordinate Order="7" X="46283.9" Y="20319.9" />
				<Coordinate Order="8" X="46291.5" Y="20281.5" />
				<Coordinate Order="9" X="46272.4" Y="20247" />
				<Coordinate Order="10" X="46229.2" Y="20242.2" />
				<Coordinate Order="11" X="46191.8" Y="20231.7" />
				<Coordinate Order="12" X="46153.5" Y="20225" />
				<Coordinate Order="13" X="46116.1" Y="20240.3" />
				<Coordinate Order="14" X="46072" Y="20242.2" />
				<Coordinate Order="15" X="46034.6" Y="20231.7" />
				<Coordinate Order="16" X="46007.8" Y="20260.5" />
				<Coordinate Order="17" X="45995.3" Y="20299.8" />
				<Coordinate Order="18" X="45964.7" Y="20326.6" />
				<Coordinate Order="19" X="45932.1" Y="20348.6" />
				<Coordinate Order="20" X="45894.7" Y="20368.8" />
				<Coordinate Order="21" X="45860.2" Y="20387" />
				<Coordinate Order="22" X="45846.8" Y="20426.3" />
				<Coordinate Order="23" X="45868.8" Y="20458.9" />
				<Coordinate Order="24" X="45898.5" Y="20485.7" />
				<Coordinate Order="25" X="45936.9" Y="20494.3" />
				<Coordinate Order="26" X="45974.3" Y="20482.8" />
				<Coordinate Order="27" X="46010.7" Y="20463.7" />
				<Coordinate Order="28" X="46040.4" Y="20437.8" />
			</Coordinates>
		</Annotation>
		<Annotation Name="Annotation 70" Type="Polygon" PartOfGroup="metastases" Color="#F4FA58">
			<Coordinates>
				<Coordinate Order="0" X="46328.9" Y="19350.8" />
				<Coordinate Order="1" X="46352.9" Y="19381.4" />
				<Coordinate Order="2" X="46380.7" Y="19414" />
				<Coordinate Order="3" X="46419" Y="19413.1" />
				<Coordinate Order="4" X="46442" Y="19380.5" />
				<Coordinate Order="5" X="46439.2" Y="19340.2" />
				<Coordinate Order="6" X="46407.5" Y="19316.3" />
				<Coordinate Order="7" X="46370.1" Y="19305.7" />
				<Coordinate Order="8" X="46343.3" Y="19333.5" />
			</Coordinates>
		</Annotation>
		<Annotation Name="Annotation 71" Type="Polygon" PartOfGroup="metastases" Color="#F4FA58">
			<Coordinates>
				<Coordinate Order="0" X="46092.2" Y="19257.8" />
				<Coordinate Order="1" X="46088.3" Y="19219.4" />
				<Coordinate Order="2" X="46120.9" Y="19197.4" />
				<Coordinate Order="3" X="46136.3" Y="19160" />
				<Coordinate Order="4" X="46134.3" Y="19119.8" />
				<Coordinate Order="5" X="46096" Y="19123.6" />
				<Coordinate Order="6" X="46062.4" Y="19147.6" />
				<Coordinate Order="7" X="46036.6" Y="19180.1" />
				<Coordinate Order="8" X="46027" Y="19219.4" />
				<Coordinate Order="9" X="46036.6" Y="19257.8" />
				<Coordinate Order="10" X="46075.9" Y="19264.5" />
			</Coordinates>
		</Annotation>
		<Annotation Name="Annotation 72" Type="Polygon" PartOfGroup="metastases" Color="#F4FA58">
			<Coordinates>
				<Coordinate Order="0" X="45892.8" Y="19216.6" />
				<Coordinate Order="1" X="45892.8" Y="19256.8" />
				<Coordinate Order="2" X="45909.1" Y="19294.2" />
				<Coordinate Order="3" X="45945.5" Y="19314.3" />
				<Coordinate Order="4" X="45983.8" Y="19311.5" />
				<Coordinate Order="5" X="46001.1" Y="19277" />
				<Coordinate Order="6" X="45982.9" Y="19242.4" />
				<Coordinate Order="7" X="45953.2" Y="19215.6" />
				<Coordinate Order="8" X="45914.8" Y="19207.9" />
			</Coordinates>
		</Annotation>
		<Annotation Name="Annotation 73" Type="Polygon" PartOfGroup="metastases" Color="#F4FA58">
			<Coordinates>
				<Coordinate Order="0" X="46628.9" Y="21506.2" />
				<Coordinate Order="1" X="46631.7" Y="21544.8" />
				<Coordinate Order="2" X="46640.9" Y="21583.5" />
				<Coordinate Order="3" X="46658.4" Y="21623" />
				<Coordinate Order="4" X="46684.1" Y="21653.4" />
				<Coordinate Order="5" X="46724.6" Y="21663.5" />
				<Coordinate Order="6" X="46760.5" Y="21652.5" />
				<Coordinate Order="7" X="46790" Y="21623" />
				<Coordinate Order="8" X="46820.3" Y="21601.9" />
				<Coordinate Order="9" X="46836.9" Y="21567.8" />
				<Coordinate Order="10" X="46838.7" Y="21530.1" />
				<Coordinate Order="11" X="46820.3" Y="21491.4" />
				<Coordinate Order="12" X="46800.1" Y="21458.3" />
				<Coordinate Order="13" X="46780.8" Y="21422.4" />
				<Coordinate Order="14" X="46743.9" Y="21402.2" />
				<Coordinate Order="15" X="46706.2" Y="21391.1" />
				<Coordinate Order="16" X="46671.2" Y="21377.3" />
				<Coordinate Order="17" X="46638.1" Y="21395.7" />
				<Coordinate Order="18" X="46628" Y="21431.6" />
				<Coordinate Order="19" X="46618.8" Y="21468.4" />
			</Coordinates>
		</Annotation>
		<Annotation Name="Annotation 74" Type="Polygon" PartOfGroup="metastases" Color="#F4FA58">
			<Coordinates>
				<Coordinate Order="0" X="46854.4" Y="21299.1" />
				<Coordinate Order="1" X="46857.1" Y="21337.8" />
				<Coordinate Order="2" X="46859" Y="21374.6" />
				<Coordinate Order="3" X="46876.5" Y="21410.5" />
				<Coordinate Order="4" X="46899.5" Y="21442.7" />
				<Coordinate Order="5" X="46907.8" Y="21482.2" />
				<Coordinate Order="6" X="46917" Y="21521.8" />
				<Coordinate Order="7" X="46932.6" Y="21558.6" />
				<Coordinate Order="8" X="46952.8" Y="21590.8" />
				<Coordinate Order="9" X="46989.7" Y="21597.3" />
				<Coordinate Order="10" X="47007.1" Y="21563.2" />
				<Coordinate Order="11" X="47007.1" Y="21525.5" />
				<Coordinate Order="12" X="47000.7" Y="21487.8" />
				<Coordinate Order="13" X="46986.9" Y="21451" />
				<Coordinate Order="14" X="46974.9" Y="21413.2" />
				<Coordinate Order="15" X="46964.8" Y="21377.3" />
				<Coordinate Order="16" X="46950.1" Y="21343.3" />
				<Coordinate Order="17" X="46932.6" Y="21309.2" />
				<Coordinate Order="18" X="46917.9" Y="21270.6" />
				<Coordinate Order="19" X="46904.1" Y="21231.9" />
				<Coordinate Order="20" X="46867.3" Y="21220.9" />
				<Coordinate Order="21" X="46855.3" Y="21256.8" />
			</Coordinates>
		</Annotation>
		<Annotation Name="Annotation 75" Type="Polygon" PartOfGroup="metastases" Color="#F4FA58">
			<Coordinates>
				<Coordinate Order="0" X="47036.6" Y="22021.5" />
				<Coordinate Order="1" X="47063.3" Y="21994.8" />
				<Coordinate Order="2" X="47101.9" Y="21987.5" />
				<Coordinate Order="3" X="47132.3" Y="22014.1" />
				<Coordinate Order="4" X="47168.2" Y="21998.5" />
				<Coordinate Order="5" X="47186.6" Y="21962.6" />
				<Coordinate Order="6" X="47190.3" Y="21922.1" />
				<Coordinate Order="7" X="47182" Y="21880.7" />
				<Coordinate Order="8" X="47166.3" Y="21844.8" />
				<Coordinate Order="9" X="47142.4" Y="21811.7" />
				<Coordinate Order="10" X="47117.6" Y="21784.1" />
				<Coordinate Order="11" X="47078.9" Y="21782.2" />
				<Coordinate Order="12" X="47052.2" Y="21808" />
				<Coordinate Order="13" X="47020" Y="21828.3" />
				<Coordinate Order="14" X="46994.3" Y="21855.9" />
				<Coordinate Order="15" X="46984.1" Y="21891.8" />
				<Coordinate Order="16" X="46993.3" Y="21929.5" />
				<Coordinate Order="17" X="47005.3" Y="21965.4" />
				<Coordinate Order="18" X="47002.5" Y="22004.9" />
			</Coordinates>
		</Annotation>
		<Annotation Name="Annotation 76" Type="Polygon" PartOfGroup="metastases" Color="#F4FA58">
			<Coordinates>
				<Coordinate Order="0" X="46474.3" Y="22026.1" />
				<Coordinate Order="1" X="46513" Y="22029.8" />
				<Coordinate Order="2" X="46542.4" Y="22053.7" />
				<Coordinate Order="3" X="46581.1" Y="22058.3" />
				<Coordinate Order="4" X="46605.9" Y="22028" />
				<Coordinate Order="5" X="46595.8" Y="21988.4" />
				<Coordinate Order="6" X="46580.1" Y="21952.5" />
				<Coordinate Order="7" X="46547.9" Y="21934.1" />
				<Coordinate Order="8" X="46511.1" Y="21927.6" />
				<Coordinate Order="9" X="46477.1" Y="21944.2" />
				<Coordinate Order="10" X="46443" Y="21958.9" />
				<Coordinate Order="11" X="46409" Y="21977.3" />
				<Coordinate Order="12" X="46377.7" Y="22001.3" />
				<Coordinate Order="13" X="46372.2" Y="22028" />
				<Coordinate Order="14" X="46409.9" Y="22037.2" />
				<Coordinate Order="15" X="46444.9" Y="22024.3" />
			</Coordinates>
		</Annotation>
		<Annotation Name="Annotation 77" Type="Polygon" PartOfGroup="metastases" Color="#F4FA58">
			<Coordinates>
				<Coordinate Order="0" X="46364.8" Y="22211.1" />
				<Coordinate Order="1" X="46407.1" Y="22219.4" />
				<Coordinate Order="2" X="46443" Y="22201.9" />
				<Coordinate Order="3" X="46433.8" Y="22160.5" />
				<Coordinate Order="4" X="46396.1" Y="22152.2" />
				<Coordinate Order="5" X="46356.5" Y="22146.7" />
				<Coordinate Order="6" X="46327.1" Y="22173.4" />
				<Coordinate Order="7" X="46348.2" Y="22203.7" />
			</Coordinates>
		</Annotation>
	</Annotations>
	<AnnotationGroups>
		<Group Name="metastases" PartOfGroup="None" Color="#ff0000">
			<Attributes />
		</Group>
	</AnnotationGroups>
</ASAP_Annotations>
