<?xml version="1.0"?>
<ASAP_Annotations>
	<Annotations>
		<Annotation Name="Annotation 0" Type="Polygon" PartOfGroup="metastases" Color="#F4FA58">
			<Coordinates>
				<Coordinate Order="0" X="64516" Y="138902" />
				<Coordinate Order="1" X="64479.1" Y="138859" />
				<Coordinate Order="2" X="64433.7" Y="138833" />
				<Coordinate Order="3" X="64383.4" Y="138823" />
				<Coordinate Order="4" X="64332.6" Y="138826" />
				<Coordinate Order="5" X="64297.4" Y="138844" />
				<Coordinate Order="6" X="64290.4" Y="138815" />
				<Coordinate Order="7" X="64258.6" Y="138809" />
				<Coordinate Order="8" X="64252.1" Y="138853" />
				<Coordinate Order="9" X="64305.7" Y="138881" />
				<Coordinate Order="10" X="64442.9" Y="138926" />
				<Coordinate Order="11" X="64509.1" Y="138934" />
			</Coordinates>
		</Annotation>
	</Annotations>
	<AnnotationGroups>
		<Group Name="metastases" PartOfGroup="None" Color="#ff0000">
			<Attributes />
		</Group>
	</AnnotationGroups>
</ASAP_Annotations>
