<?xml version="1.0"?>
<ASAP_Annotations>
	<Annotations>
		<Annotation Name="Annotation 0" Type="Polygon" PartOfGroup="metastases" Color="#F4FA58">
			<Coordinates>
				<Coordinate Order="0" X="14417.2" Y="94526" />
				<Coordinate Order="1" X="14232.4" Y="94610.9" />
				<Coordinate Order="2" X="14057.5" Y="94720.8" />
				<Coordinate Order="3" X="13877.7" Y="94820.8" />
				<Coordinate Order="4" X="13687.8" Y="94895.7" />
				<Coordinate Order="5" X="13508" Y="94995.6" />
				<Coordinate Order="6" X="13338.1" Y="95105.5" />
				<Coordinate Order="7" X="13138.3" Y="95215.4" />
				<Coordinate Order="8" X="12958.5" Y="95315.3" />
				<Coordinate Order="9" X="12803.6" Y="95450.2" />
				<Coordinate Order="10" X="12643.8" Y="95590.1" />
				<Coordinate Order="11" X="12498.9" Y="95729.9" />
				<Coordinate Order="12" X="12354" Y="95884.8" />
				<Coordinate Order="13" X="12224.1" Y="96054.7" />
				<Coordinate Order="14" X="12094.3" Y="96219.5" />
				<Coordinate Order="15" X="11959.4" Y="96374.4" />
				<Coordinate Order="16" X="11794.5" Y="96509.3" />
				<Coordinate Order="17" X="11639.7" Y="96649.1" />
				<Coordinate Order="18" X="11484.8" Y="96809" />
				<Coordinate Order="19" X="11344.9" Y="96978.8" />
				<Coordinate Order="20" X="11210" Y="97143.7" />
				<Coordinate Order="21" X="11075.2" Y="97308.5" />
				<Coordinate Order="22" X="10965.3" Y="97498.4" />
				<Coordinate Order="23" X="10885.3" Y="97683.2" />
				<Coordinate Order="24" X="10880.3" Y="97648.2" />
				<Coordinate Order="25" X="10785.4" Y="97828.1" />
				<Coordinate Order="26" X="10675.5" Y="98012.9" />
				<Coordinate Order="27" X="10570.6" Y="98202.8" />
				<Coordinate Order="28" X="10485.7" Y="98402.6" />
				<Coordinate Order="29" X="10395.8" Y="98587.4" />
				<Coordinate Order="30" X="10290.9" Y="98762.3" />
				<Coordinate Order="31" X="10200.9" Y="98952.1" />
				<Coordinate Order="32" X="10111" Y="99141.9" />
				<Coordinate Order="33" X="10026.1" Y="99326.8" />
				<Coordinate Order="34" X="9966.15" Y="99526.6" />
				<Coordinate Order="35" X="9916.19" Y="99721.4" />
				<Coordinate Order="36" X="9881.22" Y="99931.2" />
				<Coordinate Order="37" X="9871.23" Y="100151" />
				<Coordinate Order="38" X="9866.23" Y="100361" />
				<Coordinate Order="39" X="9876.23" Y="100566" />
				<Coordinate Order="40" X="9921.19" Y="100760" />
				<Coordinate Order="41" X="9951.16" Y="100960" />
				<Coordinate Order="42" X="9916.19" Y="101160" />
				<Coordinate Order="43" X="9801.29" Y="101330" />
				<Coordinate Order="44" X="9736.35" Y="101415" />
				<Coordinate Order="45" X="9706.38" Y="101625" />
				<Coordinate Order="46" X="9686.39" Y="101825" />
				<Coordinate Order="47" X="9706.38" Y="102029" />
				<Coordinate Order="48" X="9771.32" Y="102219" />
				<Coordinate Order="49" X="9841.26" Y="102409" />
				<Coordinate Order="50" X="9916.19" Y="102604" />
				<Coordinate Order="51" X="9956.15" Y="102804" />
				<Coordinate Order="52" X="10011.1" Y="102998" />
				<Coordinate Order="53" X="10031.1" Y="103203" />
				<Coordinate Order="54" X="10166" Y="103358" />
				<Coordinate Order="55" X="10116" Y="103553" />
				<Coordinate Order="56" X="10166" Y="103748" />
				<Coordinate Order="57" X="10255.9" Y="103928" />
				<Coordinate Order="58" X="10325.8" Y="104117" />
				<Coordinate Order="59" X="10350.8" Y="104317" />
				<Coordinate Order="60" X="10385.8" Y="104517" />
				<Coordinate Order="61" X="10455.7" Y="104707" />
				<Coordinate Order="62" X="10515.7" Y="104917" />
				<Coordinate Order="63" X="10575.6" Y="105112" />
				<Coordinate Order="64" X="10575.6" Y="105212" />
				<Coordinate Order="65" X="10690.5" Y="105376" />
				<Coordinate Order="66" X="10805.4" Y="105551" />
				<Coordinate Order="67" X="10955.3" Y="105696" />
				<Coordinate Order="68" X="11130.1" Y="105796" />
				<Coordinate Order="69" X="11329.9" Y="105831" />
				<Coordinate Order="70" X="11544.7" Y="105891" />
				<Coordinate Order="71" X="11754.6" Y="105926" />
				<Coordinate Order="72" X="11964.4" Y="105976" />
				<Coordinate Order="73" X="12184.2" Y="106046" />
				<Coordinate Order="74" X="12379" Y="106101" />
				<Coordinate Order="75" X="12583.8" Y="106146" />
				<Coordinate Order="76" X="12793.6" Y="106211" />
				<Coordinate Order="77" X="12998.5" Y="106241" />
				<Coordinate Order="78" X="13193.3" Y="106291" />
				<Coordinate Order="79" X="13393.1" Y="106311" />
				<Coordinate Order="80" X="13627.9" Y="106341" />
				<Coordinate Order="81" X="13852.7" Y="106375" />
				<Coordinate Order="82" X="14062.5" Y="106361" />
				<Coordinate Order="83" X="14362.2" Y="106346" />
				<Coordinate Order="84" X="14567.1" Y="106301" />
				<Coordinate Order="85" X="14781.9" Y="106271" />
				<Coordinate Order="86" X="14976.7" Y="106206" />
				<Coordinate Order="87" X="15176.5" Y="106181" />
				<Coordinate Order="88" X="15386.3" Y="106166" />
				<Coordinate Order="89" X="15586.2" Y="106131" />
				<Coordinate Order="90" X="15791" Y="106061" />
				<Coordinate Order="91" X="15985.8" Y="105991" />
				<Coordinate Order="92" X="16165.6" Y="105896" />
				<Coordinate Order="93" X="16345.5" Y="105801" />
				<Coordinate Order="94" X="16535.3" Y="105691" />
				<Coordinate Order="95" X="16745.1" Y="105616" />
				<Coordinate Order="96" X="16930" Y="105516" />
				<Coordinate Order="97" X="17079.8" Y="105381" />
				<Coordinate Order="98" X="17269.7" Y="105366" />
				<Coordinate Order="99" X="17339.6" Y="105596" />
				<Coordinate Order="100" X="17659.3" Y="105581" />
				<Coordinate Order="101" X="17774.2" Y="105631" />
				<Coordinate Order="102" X="17794.2" Y="105776" />
				<Coordinate Order="103" X="17614.3" Y="105881" />
				<Coordinate Order="104" X="17414.5" Y="105876" />
				<Coordinate Order="105" X="17229.7" Y="105786" />
				<Coordinate Order="106" X="17029.9" Y="105726" />
				<Coordinate Order="107" X="16830" Y="105756" />
				<Coordinate Order="108" X="16665.2" Y="105876" />
				<Coordinate Order="109" X="16465.4" Y="105906" />
				<Coordinate Order="110" X="16420.4" Y="105931" />
				<Coordinate Order="111" X="16460.4" Y="105956" />
				<Coordinate Order="112" X="16580.3" Y="105956" />
				<Coordinate Order="113" X="16780.1" Y="105991" />
				<Coordinate Order="114" X="16775.1" Y="106041" />
				<Coordinate Order="115" X="16765.1" Y="106186" />
				<Coordinate Order="116" X="16830" Y="106226" />
				<Coordinate Order="117" X="16875" Y="106256" />
				<Coordinate Order="118" X="16875" Y="106306" />
				<Coordinate Order="119" X="17079.8" Y="106286" />
				<Coordinate Order="120" X="17244.7" Y="106361" />
				<Coordinate Order="121" X="17304.6" Y="106311" />
				<Coordinate Order="122" X="17454.5" Y="106266" />
				<Coordinate Order="123" X="17509.4" Y="106316" />
				<Coordinate Order="124" X="17579.4" Y="106356" />
				<Coordinate Order="125" X="17629.3" Y="106331" />
				<Coordinate Order="126" X="17684.3" Y="106226" />
				<Coordinate Order="127" X="17879.1" Y="106201" />
				<Coordinate Order="128" X="17974" Y="106231" />
				<Coordinate Order="129" X="18098.9" Y="106146" />
				<Coordinate Order="130" X="18213.8" Y="106086" />
				<Coordinate Order="131" X="18088.9" Y="106291" />
				<Coordinate Order="132" X="18073.9" Y="106395" />
				<Coordinate Order="133" X="18088.9" Y="106520" />
				<Coordinate Order="134" X="18108.9" Y="106575" />
				<Coordinate Order="135" X="18103.9" Y="106665" />
				<Coordinate Order="136" X="18083.9" Y="106770" />
				<Coordinate Order="137" X="18064" Y="106965" />
				<Coordinate Order="138" X="17889.1" Y="107065" />
				<Coordinate Order="139" X="17699.3" Y="107135" />
				<Coordinate Order="140" X="17594.4" Y="107265" />
				<Coordinate Order="141" X="17434.5" Y="107185" />
				<Coordinate Order="142" X="17184.7" Y="107190" />
				<Coordinate Order="143" X="16974.9" Y="107305" />
				<Coordinate Order="144" X="17039.9" Y="107420" />
				<Coordinate Order="145" X="17209.7" Y="107250" />
				<Coordinate Order="146" X="17359.6" Y="107330" />
				<Coordinate Order="147" X="17429.5" Y="107305" />
				<Coordinate Order="148" X="17634.3" Y="107325" />
				<Coordinate Order="149" X="17719.3" Y="107400" />
				<Coordinate Order="150" X="17804.2" Y="107350" />
				<Coordinate Order="151" X="17964" Y="107195" />
				<Coordinate Order="152" X="17989" Y="107195" />
				<Coordinate Order="153" X="18098.9" Y="107025" />
				<Coordinate Order="154" X="18258.8" Y="106895" />
				<Coordinate Order="155" X="18428.6" Y="106780" />
				<Coordinate Order="156" X="18598.5" Y="106670" />
				<Coordinate Order="157" X="18753.3" Y="106535" />
				<Coordinate Order="158" X="18923.2" Y="106410" />
				<Coordinate Order="159" X="19118" Y="106405" />
				<Coordinate Order="160" X="19148" Y="106475" />
				<Coordinate Order="161" X="19108" Y="106675" />
				<Coordinate Order="162" X="18968.1" Y="106835" />
				<Coordinate Order="163" X="18873.2" Y="106785" />
				<Coordinate Order="164" X="18763.3" Y="106660" />
				<Coordinate Order="165" X="18633.4" Y="106775" />
				<Coordinate Order="166" X="18543.5" Y="106925" />
				<Coordinate Order="167" X="18683.4" Y="107075" />
				<Coordinate Order="168" X="18768.3" Y="107050" />
				<Coordinate Order="169" X="18793.3" Y="107160" />
				<Coordinate Order="170" X="18598.5" Y="107210" />
				<Coordinate Order="171" X="18408.6" Y="107135" />
				<Coordinate Order="172" X="18318.7" Y="107135" />
				<Coordinate Order="173" X="18323.7" Y="107255" />
				<Coordinate Order="174" X="18328.7" Y="107360" />
				<Coordinate Order="175" X="18218.8" Y="107400" />
				<Coordinate Order="176" X="18133.9" Y="107360" />
				<Coordinate Order="177" X="18083.9" Y="107415" />
				<Coordinate Order="178" X="17994" Y="107524" />
				<Coordinate Order="179" X="17999" Y="107624" />
				<Coordinate Order="180" X="18108.9" Y="107639" />
				<Coordinate Order="181" X="18243.8" Y="107544" />
				<Coordinate Order="182" X="18333.7" Y="107599" />
				<Coordinate Order="183" X="18423.6" Y="107624" />
				<Coordinate Order="184" X="18493.6" Y="107654" />
				<Coordinate Order="185" X="18583.5" Y="107694" />
				<Coordinate Order="186" X="18548.5" Y="107864" />
				<Coordinate Order="187" X="18548.5" Y="108074" />
				<Coordinate Order="188" X="18503.6" Y="108269" />
				<Coordinate Order="189" X="18503.6" Y="108399" />
				<Coordinate Order="190" X="18638.4" Y="108319" />
				<Coordinate Order="191" X="18738.4" Y="108139" />
				<Coordinate Order="192" X="18873.2" Y="107989" />
				<Coordinate Order="193" X="19058.1" Y="107884" />
				<Coordinate Order="194" X="19113" Y="107884" />
				<Coordinate Order="195" X="19143" Y="107969" />
				<Coordinate Order="196" X="19103" Y="108004" />
				<Coordinate Order="197" X="18948.2" Y="108139" />
				<Coordinate Order="198" X="18848.3" Y="108314" />
				<Coordinate Order="199" X="18918.2" Y="108479" />
				<Coordinate Order="200" X="19023.1" Y="108414" />
				<Coordinate Order="201" X="19143" Y="108244" />
				<Coordinate Order="202" X="19232.9" Y="108064" />
				<Coordinate Order="203" X="19362.8" Y="107909" />
				<Coordinate Order="204" X="19497.7" Y="107759" />
				<Coordinate Order="205" X="19577.6" Y="107714" />
				<Coordinate Order="206" X="19542.6" Y="107924" />
				<Coordinate Order="207" X="19507.7" Y="108019" />
				<Coordinate Order="208" X="19547.6" Y="108119" />
				<Coordinate Order="209" X="19417.7" Y="108119" />
				<Coordinate Order="210" X="19422.7" Y="108229" />
				<Coordinate Order="211" X="19352.8" Y="108384" />
				<Coordinate Order="212" X="19227.9" Y="108479" />
				<Coordinate Order="213" X="19242.9" Y="108524" />
				<Coordinate Order="214" X="19427.7" Y="108544" />
				<Coordinate Order="215" X="19462.7" Y="108589" />
				<Coordinate Order="216" X="19587.6" Y="108484" />
				<Coordinate Order="217" X="19627.6" Y="108569" />
				<Coordinate Order="218" X="19747.5" Y="108658" />
				<Coordinate Order="219" X="19817.4" Y="108673" />
				<Coordinate Order="220" X="19992.2" Y="108673" />
				<Coordinate Order="221" X="20042.2" Y="108833" />
				<Coordinate Order="222" X="20187.1" Y="108868" />
				<Coordinate Order="223" X="20381.9" Y="108838" />
				<Coordinate Order="224" X="20361.9" Y="108589" />
				<Coordinate Order="225" X="20212" Y="108509" />
				<Coordinate Order="226" X="20047.2" Y="108564" />
				<Coordinate Order="227" X="19962.3" Y="108619" />
				<Coordinate Order="228" X="19872.3" Y="108424" />
				<Coordinate Order="229" X="20032.2" Y="108429" />
				<Coordinate Order="230" X="19977.3" Y="108294" />
				<Coordinate Order="231" X="20002.2" Y="108174" />
				<Coordinate Order="232" X="20037.2" Y="108104" />
				<Coordinate Order="233" X="19927.3" Y="108044" />
				<Coordinate Order="234" X="19977.3" Y="107914" />
				<Coordinate Order="235" X="19992.2" Y="107734" />
				<Coordinate Order="236" X="20142.1" Y="107684" />
				<Coordinate Order="237" X="20331.9" Y="107779" />
				<Coordinate Order="238" X="20391.9" Y="107739" />
				<Coordinate Order="239" X="20331.9" Y="107904" />
				<Coordinate Order="240" X="20232" Y="108009" />
				<Coordinate Order="241" X="20277" Y="108154" />
				<Coordinate Order="242" X="20297" Y="108204" />
				<Coordinate Order="243" X="20361.9" Y="108324" />
				<Coordinate Order="244" X="20416.9" Y="108424" />
				<Coordinate Order="245" X="20511.8" Y="108464" />
				<Coordinate Order="246" X="20571.7" Y="108454" />
				<Coordinate Order="247" X="20586.7" Y="108329" />
				<Coordinate Order="248" X="20591.7" Y="108139" />
				<Coordinate Order="249" X="20511.8" Y="107959" />
				<Coordinate Order="250" X="20436.8" Y="107819" />
				<Coordinate Order="251" X="20466.8" Y="107779" />
				<Coordinate Order="252" X="20566.7" Y="107794" />
				<Coordinate Order="253" X="20651.7" Y="107734" />
				<Coordinate Order="254" X="20631.7" Y="107549" />
				<Coordinate Order="255" X="20646.7" Y="107450" />
				<Coordinate Order="256" X="20776.5" Y="107604" />
				<Coordinate Order="257" X="20786.5" Y="107734" />
				<Coordinate Order="258" X="20816.5" Y="107789" />
				<Coordinate Order="259" X="20851.5" Y="107689" />
				<Coordinate Order="260" X="20921.4" Y="107729" />
				<Coordinate Order="261" X="21006.3" Y="107814" />
				<Coordinate Order="262" X="21081.3" Y="107729" />
				<Coordinate Order="263" X="21081.3" Y="107564" />
				<Coordinate Order="264" X="21101.3" Y="107365" />
				<Coordinate Order="265" X="21211.2" Y="107190" />
				<Coordinate Order="266" X="21246.1" Y="107005" />
				<Coordinate Order="267" X="21291.1" Y="106930" />
				<Coordinate Order="268" X="21441" Y="107090" />
				<Coordinate Order="269" X="21530.9" Y="107200" />
				<Coordinate Order="270" X="21515.9" Y="107085" />
				<Coordinate Order="271" X="21530.9" Y="106950" />
				<Coordinate Order="272" X="21585.8" Y="106850" />
				<Coordinate Order="273" X="21700.7" Y="106810" />
				<Coordinate Order="274" X="21710.7" Y="106705" />
				<Coordinate Order="275" X="21730.7" Y="106575" />
				<Coordinate Order="276" X="21725.7" Y="106341" />
				<Coordinate Order="277" X="21795.6" Y="106316" />
				<Coordinate Order="278" X="21855.6" Y="106470" />
				<Coordinate Order="279" X="21965.5" Y="106675" />
				<Coordinate Order="280" X="22065.4" Y="106855" />
				<Coordinate Order="281" X="22145.3" Y="107050" />
				<Coordinate Order="282" X="22240.2" Y="107240" />
				<Coordinate Order="283" X="22340.2" Y="107415" />
				<Coordinate Order="284" X="22470" Y="107584" />
				<Coordinate Order="285" X="22624.9" Y="107724" />
				<Coordinate Order="286" X="22764.8" Y="107899" />
				<Coordinate Order="287" X="22879.7" Y="108069" />
				<Coordinate Order="288" X="23014.6" Y="108219" />
				<Coordinate Order="289" X="23164.4" Y="108354" />
				<Coordinate Order="290" X="23324.3" Y="108494" />
				<Coordinate Order="291" X="23484.1" Y="108628" />
				<Coordinate Order="292" X="23639" Y="108773" />
				<Coordinate Order="293" X="23728.9" Y="108853" />
				<Coordinate Order="294" X="23893.8" Y="108968" />
				<Coordinate Order="295" X="24003.7" Y="109033" />
				<Coordinate Order="296" X="24168.5" Y="109158" />
				<Coordinate Order="297" X="24308.4" Y="109308" />
				<Coordinate Order="298" X="24468.3" Y="109433" />
				<Coordinate Order="299" X="24653.1" Y="109518" />
				<Coordinate Order="300" X="24837.9" Y="109598" />
				<Coordinate Order="301" X="25032.8" Y="109663" />
				<Coordinate Order="302" X="25232.6" Y="109683" />
				<Coordinate Order="303" X="25422.4" Y="109762" />
				<Coordinate Order="304" X="25632.2" Y="109822" />
				<Coordinate Order="305" X="25797.1" Y="109947" />
				<Coordinate Order="306" X="25996.9" Y="109987" />
				<Coordinate Order="307" X="26196.7" Y="110007" />
				<Coordinate Order="308" X="26396.5" Y="110017" />
				<Coordinate Order="309" X="26596.4" Y="110047" />
				<Coordinate Order="310" X="26796.2" Y="110087" />
				<Coordinate Order="311" X="26996" Y="110107" />
				<Coordinate Order="312" X="27075.9" Y="110122" />
				<Coordinate Order="313" X="27280.8" Y="110187" />
				<Coordinate Order="314" X="27320.7" Y="110122" />
				<Coordinate Order="315" X="27525.5" Y="110107" />
				<Coordinate Order="316" X="27725.4" Y="110102" />
				<Coordinate Order="317" X="27925.2" Y="110122" />
				<Coordinate Order="318" X="28115" Y="110047" />
				<Coordinate Order="319" X="28319.8" Y="110017" />
				<Coordinate Order="320" X="28524.7" Y="110012" />
				<Coordinate Order="321" X="28719.5" Y="109962" />
				<Coordinate Order="322" X="28924.3" Y="109922" />
				<Coordinate Order="323" X="29124.1" Y="109877" />
				<Coordinate Order="324" X="29323.9" Y="109837" />
				<Coordinate Order="325" X="29443.8" Y="109857" />
				<Coordinate Order="326" X="29423.9" Y="110057" />
				<Coordinate Order="327" X="29433.8" Y="110172" />
				<Coordinate Order="328" X="29573.7" Y="110152" />
				<Coordinate Order="329" X="29648.7" Y="109957" />
				<Coordinate Order="330" X="29588.7" Y="109762" />
				<Coordinate Order="331" X="29428.9" Y="109633" />
				<Coordinate Order="332" X="29224" Y="109598" />
				<Coordinate Order="333" X="29249" Y="109533" />
				<Coordinate Order="334" X="29403.9" Y="109403" />
				<Coordinate Order="335" X="29408.9" Y="109398" />
				<Coordinate Order="336" X="29314" Y="109318" />
				<Coordinate Order="337" X="29338.9" Y="109208" />
				<Coordinate Order="338" X="29373.9" Y="109103" />
				<Coordinate Order="339" X="29348.9" Y="108978" />
				<Coordinate Order="340" X="29269" Y="108788" />
				<Coordinate Order="341" X="29189.1" Y="108594" />
				<Coordinate Order="342" X="29094.2" Y="108404" />
				<Coordinate Order="343" X="28989.2" Y="108219" />
				<Coordinate Order="344" X="28884.3" Y="108039" />
				<Coordinate Order="345" X="28814.4" Y="107849" />
				<Coordinate Order="346" X="28754.5" Y="107644" />
				<Coordinate Order="347" X="28624.6" Y="107440" />
				<Coordinate Order="348" X="28569.6" Y="107235" />
				<Coordinate Order="349" X="28504.7" Y="107040" />
				<Coordinate Order="350" X="28439.7" Y="106850" />
				<Coordinate Order="351" X="28369.8" Y="106645" />
				<Coordinate Order="352" X="28274.9" Y="106465" />
				<Coordinate Order="353" X="28190" Y="106276" />
				<Coordinate Order="354" X="28115" Y="106081" />
				<Coordinate Order="355" X="28020.1" Y="105901" />
				<Coordinate Order="356" X="27935.2" Y="105716" />
				<Coordinate Order="357" X="27860.2" Y="105526" />
				<Coordinate Order="358" X="27805.3" Y="105331" />
				<Coordinate Order="359" X="27780.3" Y="105261" />
				<Coordinate Order="360" X="27690.4" Y="105077" />
				<Coordinate Order="361" X="27630.5" Y="104867" />
				<Coordinate Order="362" X="27570.5" Y="104672" />
				<Coordinate Order="363" X="27505.6" Y="104482" />
				<Coordinate Order="364" X="27435.6" Y="104282" />
				<Coordinate Order="365" X="27335.7" Y="104108" />
				<Coordinate Order="366" X="27235.8" Y="103933" />
				<Coordinate Order="367" X="27155.9" Y="103748" />
				<Coordinate Order="368" X="27041" Y="103578" />
				<Coordinate Order="369" X="26946.1" Y="103398" />
				<Coordinate Order="370" X="26916.1" Y="103193" />
				<Coordinate Order="371" X="26851.1" Y="103003" />
				<Coordinate Order="372" X="26756.2" Y="102824" />
				<Coordinate Order="373" X="26671.3" Y="102624" />
				<Coordinate Order="374" X="26581.4" Y="102439" />
				<Coordinate Order="375" X="26501.5" Y="102254" />
				<Coordinate Order="376" X="26476.5" Y="102214" />
				<Coordinate Order="377" X="26396.5" Y="102019" />
				<Coordinate Order="378" X="26341.6" Y="101825" />
				<Coordinate Order="379" X="26291.6" Y="101625" />
				<Coordinate Order="380" X="26216.7" Y="101435" />
				<Coordinate Order="381" X="26141.8" Y="101245" />
				<Coordinate Order="382" X="26071.8" Y="101050" />
				<Coordinate Order="383" X="25996.9" Y="100855" />
				<Coordinate Order="384" X="25922" Y="100666" />
				<Coordinate Order="385" X="25857" Y="100471" />
				<Coordinate Order="386" X="25772.1" Y="100281" />
				<Coordinate Order="387" X="25682.2" Y="100101" />
				<Coordinate Order="388" X="25577.3" Y="99926.2" />
				<Coordinate Order="389" X="25517.3" Y="99696.4" />
				<Coordinate Order="390" X="25462.4" Y="99501.6" />
				<Coordinate Order="391" X="25387.4" Y="99306.8" />
				<Coordinate Order="392" X="25292.5" Y="99121.9" />
				<Coordinate Order="393" X="25237.6" Y="98927.1" />
				<Coordinate Order="394" X="25167.6" Y="98737.3" />
				<Coordinate Order="395" X="25117.7" Y="98652.4" />
				<Coordinate Order="396" X="25047.7" Y="98457.5" />
				<Coordinate Order="397" X="24987.8" Y="98257.7" />
				<Coordinate Order="398" X="24907.9" Y="98067.9" />
				<Coordinate Order="399" X="24813" Y="97888" />
				<Coordinate Order="400" X="24728" Y="97703.2" />
				<Coordinate Order="401" X="24648.1" Y="97518.4" />
				<Coordinate Order="402" X="24578.2" Y="97328.5" />
				<Coordinate Order="403" X="24513.2" Y="97138.7" />
				<Coordinate Order="404" X="24428.3" Y="96953.9" />
				<Coordinate Order="405" X="24348.4" Y="96764" />
				<Coordinate Order="406" X="24248.5" Y="96589.2" />
				<Coordinate Order="407" X="24143.5" Y="96404.4" />
				<Coordinate Order="408" X="24063.6" Y="96209.5" />
				<Coordinate Order="409" X="23958.7" Y="96019.7" />
				<Coordinate Order="410" X="23773.9" Y="95819.9" />
				<Coordinate Order="411" X="23763.9" Y="95720" />
				<Coordinate Order="412" X="23798.9" Y="95665" />
				<Coordinate Order="413" X="23738.9" Y="95470.2" />
				<Coordinate Order="414" X="23669" Y="95280.3" />
				<Coordinate Order="415" X="23494.1" Y="95155.5" />
				<Coordinate Order="416" X="23299.3" Y="95110.5" />
				<Coordinate Order="417" X="23094.5" Y="95110.5" />
				<Coordinate Order="418" X="22884.7" Y="95115.5" />
				<Coordinate Order="419" X="22674.9" Y="95080.5" />
				<Coordinate Order="420" X="22470" Y="95060.5" />
				<Coordinate Order="421" X="22270.2" Y="95050.6" />
				<Coordinate Order="422" X="22065.4" Y="95025.6" />
				<Coordinate Order="423" X="21865.6" Y="94975.6" />
				<Coordinate Order="424" X="21645.8" Y="94975.6" />
				<Coordinate Order="425" X="21445.9" Y="95010.6" />
				<Coordinate Order="426" X="21171.2" Y="95015.6" />
				<Coordinate Order="427" X="20971.4" Y="94980.6" />
				<Coordinate Order="428" X="20781.5" Y="94900.7" />
				<Coordinate Order="429" X="20571.7" Y="94880.7" />
				<Coordinate Order="430" X="20371.9" Y="94895.7" />
				<Coordinate Order="431" X="20167.1" Y="94905.7" />
				<Coordinate Order="432" X="19962.3" Y="94925.7" />
				<Coordinate Order="433" X="19762.4" Y="94890.7" />
				<Coordinate Order="434" X="19582.6" Y="94785.8" />
				<Coordinate Order="435" X="19402.8" Y="94690.9" />
				<Coordinate Order="436" X="19212.9" Y="94620.9" />
				<Coordinate Order="437" X="19018.1" Y="94571" />
				<Coordinate Order="438" X="18818.3" Y="94541" />
				<Coordinate Order="439" X="18613.5" Y="94516" />
				<Coordinate Order="440" X="18413.6" Y="94486.1" />
				<Coordinate Order="441" X="18173.9" Y="94496" />
				<Coordinate Order="442" X="17964" Y="94511" />
				<Coordinate Order="443" X="17764.2" Y="94481.1" />
				<Coordinate Order="444" X="17569.4" Y="94436.1" />
				<Coordinate Order="445" X="17359.6" Y="94456.1" />
				<Coordinate Order="446" X="17169.7" Y="94391.1" />
				<Coordinate Order="447" X="16979.9" Y="94311.2" />
				<Coordinate Order="448" X="16780.1" Y="94301.2" />
				<Coordinate Order="449" X="16580.3" Y="94306.2" />
				<Coordinate Order="450" X="16370.5" Y="94306.2" />
				<Coordinate Order="451" X="16170.6" Y="94266.3" />
				<Coordinate Order="452" X="15965.8" Y="94236.3" />
				<Coordinate Order="453" X="15766" Y="94266.3" />
				<Coordinate Order="454" X="15566.2" Y="94296.2" />
				<Coordinate Order="455" X="15361.4" Y="94321.2" />
				<Coordinate Order="456" X="15161.5" Y="94346.2" />
				<Coordinate Order="457" X="14976.7" Y="94416.1" />
				<Coordinate Order="458" X="14776.9" Y="94451.1" />
				<Coordinate Order="459" X="14492.1" Y="94526" />
			</Coordinates>
		</Annotation>
	</Annotations>
	<AnnotationGroups>
		<Group Name="metastases" PartOfGroup="None" Color="#ff0000">
			<Attributes />
		</Group>
	</AnnotationGroups>
</ASAP_Annotations>
