<?xml version="1.0"?>
<ASAP_Annotations>
	<Annotations>
		<Annotation Name="Annotation 0" Type="Polygon" PartOfGroup="metastases" Color="#F4FA58">
			<Coordinates>
				<Coordinate Order="0" X="74182.6" Y="81764.8" />
				<Coordinate Order="1" X="73935.2" Y="81692.6" />
				<Coordinate Order="2" X="73713.5" Y="81589.5" />
				<Coordinate Order="3" X="73507.4" Y="81507.1" />
				<Coordinate Order="4" X="73301.2" Y="81455.5" />
				<Coordinate Order="5" X="73110.5" Y="81367.9" />
				<Coordinate Order="6" X="72981.6" Y="81197.8" />
				<Coordinate Order="7" X="72780.6" Y="81141.1" />
				<Coordinate Order="8" X="72564.1" Y="81084.4" />
				<Coordinate Order="9" X="72352.8" Y="81079.2" />
				<Coordinate Order="10" X="72229.1" Y="81146.2" />
				<Coordinate Order="11" X="72033.2" Y="81038" />
				<Coordinate Order="12" X="71754.9" Y="81001.9" />
				<Coordinate Order="13" X="71553.8" Y="80929.8" />
				<Coordinate Order="14" X="71327" Y="80909.1" />
				<Coordinate Order="15" X="71115.7" Y="80873.1" />
				<Coordinate Order="16" X="70909.5" Y="80898.8" />
				<Coordinate Order="17" X="70785.8" Y="81012.2" />
				<Coordinate Order="18" X="70615.7" Y="81130.8" />
				<Coordinate Order="19" X="70430.2" Y="81239" />
				<Coordinate Order="20" X="70249.8" Y="81352.4" />
				<Coordinate Order="21" X="70048.8" Y="81424.6" />
				<Coordinate Order="22" X="69852.9" Y="81517.4" />
				<Coordinate Order="23" X="69672.5" Y="81620.5" />
				<Coordinate Order="24" X="69497.2" Y="81733.9" />
				<Coordinate Order="25" X="69342.6" Y="81878.2" />
				<Coordinate Order="26" X="69249.8" Y="82074" />
				<Coordinate Order="27" X="69203.4" Y="82280.2" />
				<Coordinate Order="28" X="69053.9" Y="82424.5" />
				<Coordinate Order="29" X="68863.2" Y="82512.2" />
				<Coordinate Order="30" X="68682.8" Y="82625.6" />
				<Coordinate Order="31" X="68492.1" Y="82739" />
				<Coordinate Order="32" X="68327.2" Y="82873" />
				<Coordinate Order="33" X="68270.5" Y="83074" />
				<Coordinate Order="34" X="68151.9" Y="83254.4" />
				<Coordinate Order="35" X="68038.5" Y="83440" />
				<Coordinate Order="36" X="67997.3" Y="83646.1" />
				<Coordinate Order="37" X="67961.2" Y="83852.3" />
				<Coordinate Order="38" X="67968.6" Y="84089.3" />
				<Coordinate Order="39" X="67925.5" Y="84209.3" />
				<Coordinate Order="40" X="67922.4" Y="84335.6" />
				<Coordinate Order="41" X="67913.1" Y="84458.8" />
				<Coordinate Order="42" X="67903.9" Y="84582" />
				<Coordinate Order="43" X="67860.8" Y="84702" />
				<Coordinate Order="44" X="67836.2" Y="84825.2" />
				<Coordinate Order="45" X="67839.2" Y="84948.4" />
				<Coordinate Order="46" X="67848.5" Y="85074.7" />
				<Coordinate Order="47" X="67851.6" Y="85200.9" />
				<Coordinate Order="48" X="67851.6" Y="85333.3" />
				<Coordinate Order="49" X="67863.9" Y="85462.7" />
				<Coordinate Order="50" X="67867" Y="85585.8" />
				<Coordinate Order="51" X="67907" Y="85709" />
				<Coordinate Order="52" X="67934.7" Y="85832.2" />
				<Coordinate Order="53" X="68024" Y="85921.5" />
				<Coordinate Order="54" X="68070.2" Y="86044.7" />
				<Coordinate Order="55" X="68064" Y="86170.9" />
				<Coordinate Order="56" X="68039.4" Y="86294.1" />
				<Coordinate Order="57" X="67993.2" Y="86414.2" />
				<Coordinate Order="58" X="67956.3" Y="86534.3" />
				<Coordinate Order="59" X="67931.6" Y="86657.5" />
				<Coordinate Order="60" X="67894.7" Y="86780.6" />
				<Coordinate Order="61" X="67851.6" Y="86897.7" />
				<Coordinate Order="62" X="67814.6" Y="87020.8" />
				<Coordinate Order="63" X="67786.9" Y="87165.6" />
				<Coordinate Order="64" X="67756.1" Y="87291.8" />
				<Coordinate Order="65" X="67749.9" Y="87452" />
				<Coordinate Order="66" X="67771.5" Y="87581.3" />
				<Coordinate Order="67" X="67808.4" Y="87701.4" />
				<Coordinate Order="68" X="67848.5" Y="87818.4" />
				<Coordinate Order="69" X="67888.5" Y="87947.7" />
				<Coordinate Order="70" X="67953.2" Y="88064.8" />
				<Coordinate Order="71" X="68011.7" Y="88187.9" />
				<Coordinate Order="72" X="68091.8" Y="88289.6" />
				<Coordinate Order="73" X="68174.9" Y="88381.9" />
				<Coordinate Order="74" X="68239.6" Y="88489.7" />
				<Coordinate Order="75" X="68298.1" Y="88603.6" />
				<Coordinate Order="76" X="68390.5" Y="88702.2" />
				<Coordinate Order="77" X="68479.8" Y="88788.4" />
				<Coordinate Order="78" X="68618.3" Y="88843.8" />
				<Coordinate Order="79" X="68750.7" Y="88874.6" />
				<Coordinate Order="80" X="68778.5" Y="88963.9" />
				<Coordinate Order="81" X="68827.7" Y="89084" />
				<Coordinate Order="82" X="68920.1" Y="89167.2" />
				<Coordinate Order="83" X="69009.4" Y="89259.6" />
				<Coordinate Order="84" X="69117.2" Y="89324.2" />
				<Coordinate Order="85" X="69255.8" Y="89388.9" />
				<Coordinate Order="86" X="69375.9" Y="89422.8" />
				<Coordinate Order="87" X="69502.1" Y="89456.6" />
				<Coordinate Order="88" X="69625.3" Y="89438.2" />
				<Coordinate Order="89" X="69745.4" Y="89469" />
				<Coordinate Order="90" X="69766.9" Y="89592.1" />
				<Coordinate Order="91" X="69871.6" Y="89672.2" />
				<Coordinate Order="92" X="69988.7" Y="89733.8" />
				<Coordinate Order="93" X="70111.8" Y="89798.5" />
				<Coordinate Order="94" X="70247.3" Y="89813.9" />
				<Coordinate Order="95" X="70253.5" Y="89690.7" />
				<Coordinate Order="96" X="70158" Y="89604.5" />
				<Coordinate Order="97" X="70084.1" Y="89499.8" />
				<Coordinate Order="98" X="70053.3" Y="89379.7" />
				<Coordinate Order="99" X="69979.4" Y="89275" />
				<Coordinate Order="100" X="69948.6" Y="89148.7" />
				<Coordinate Order="101" X="69920.9" Y="89028.6" />
				<Coordinate Order="102" X="69800.8" Y="89056.3" />
				<Coordinate Order="103" X="69656.1" Y="89105.6" />
				<Coordinate Order="104" X="69588.3" Y="88985.5" />
				<Coordinate Order="105" X="69723.8" Y="88985.5" />
				<Coordinate Order="106" X="69813.1" Y="88973.2" />
				<Coordinate Order="107" X="69831.6" Y="88917.8" />
				<Coordinate Order="108" X="69813.1" Y="88850" />
				<Coordinate Order="109" X="69776.2" Y="88819.2" />
				<Coordinate Order="110" X="69865.5" Y="88720.7" />
				<Coordinate Order="111" X="69924" Y="88609.8" />
				<Coordinate Order="112" X="70020.7" Y="88473.6" />
				<Coordinate Order="113" X="69945.9" Y="88447.9" />
				<Coordinate Order="114" X="69882.5" Y="88404.3" />
				<Coordinate Order="115" X="69802.7" Y="88392.6" />
				<Coordinate Order="116" X="69766.7" Y="88460.7" />
				<Coordinate Order="117" X="69757.3" Y="88577.7" />
				<Coordinate Order="118" X="69707.2" Y="88556.6" />
				<Coordinate Order="119" X="69675.7" Y="88605.3" />
				<Coordinate Order="120" X="69618" Y="88588.9" />
				<Coordinate Order="121" X="69574.5" Y="88539.5" />
				<Coordinate Order="122" X="69503.6" Y="88541.1" />
				<Coordinate Order="123" X="69530.1" Y="88488.4" />
				<Coordinate Order="124" X="69579.6" Y="88458.8" />
				<Coordinate Order="125" X="69604.6" Y="88417" />
				<Coordinate Order="126" X="69639.6" Y="88395" />
				<Coordinate Order="127" X="69658.4" Y="88478.1" />
				<Coordinate Order="128" X="69704.1" Y="88466.9" />
				<Coordinate Order="129" X="69703.4" Y="88394.9" />
				<Coordinate Order="130" X="69761.3" Y="88385.4" />
				<Coordinate Order="131" X="69752" Y="88327.7" />
				<Coordinate Order="132" X="69812.6" Y="88240.9" />
				<Coordinate Order="133" X="69832.4" Y="88167.3" />
				<Coordinate Order="134" X="69865.1" Y="88121.8" />
				<Coordinate Order="135" X="69893.4" Y="88171.4" />
				<Coordinate Order="136" X="69989.8" Y="88195.4" />
				<Coordinate Order="137" X="69977.9" Y="88123.4" />
				<Coordinate Order="138" X="69929.8" Y="88063.6" />
				<Coordinate Order="139" X="70010.1" Y="88015.5" />
				<Coordinate Order="140" X="70048.3" Y="87987.4" />
				<Coordinate Order="141" X="70050.1" Y="87937.9" />
				<Coordinate Order="142" X="70106.6" Y="87932.8" />
				<Coordinate Order="143" X="70181.1" Y="87931.8" />
				<Coordinate Order="144" X="70155.1" Y="87993.2" />
				<Coordinate Order="145" X="70285" Y="88000.2" />
				<Coordinate Order="146" X="70397.3" Y="88024.3" />
				<Coordinate Order="147" X="70508.8" Y="88088.8" />
				<Coordinate Order="148" X="70575.8" Y="88096" />
				<Coordinate Order="149" X="70631.2" Y="88099.7" />
				<Coordinate Order="150" X="70722.6" Y="88106.3" />
				<Coordinate Order="151" X="70803.7" Y="88110.3" />
				<Coordinate Order="152" X="70911.3" Y="88087.4" />
				<Coordinate Order="153" X="70995.3" Y="88088" />
				<Coordinate Order="154" X="71068.3" Y="88070.7" />
				<Coordinate Order="155" X="71176" Y="88039.3" />
				<Coordinate Order="156" X="71213.3" Y="88011.3" />
				<Coordinate Order="157" X="71263.8" Y="87951.5" />
				<Coordinate Order="158" X="71339.3" Y="87974.1" />
				<Coordinate Order="159" X="71412.4" Y="87999.9" />
				<Coordinate Order="160" X="71477.4" Y="87972.6" />
				<Coordinate Order="161" X="71538.5" Y="87990.8" />
				<Coordinate Order="162" X="71572.3" Y="87988.2" />
				<Coordinate Order="163" X="71586.5" Y="87960.9" />
				<Coordinate Order="164" X="71582.6" Y="87903.7" />
				<Coordinate Order="165" X="71580" Y="87849.1" />
				<Coordinate Order="166" X="71574.9" Y="87792" />
				<Coordinate Order="167" X="71577.5" Y="87740" />
				<Coordinate Order="168" X="71596.9" Y="87688" />
				<Coordinate Order="169" X="71625.5" Y="87642.5" />
				<Coordinate Order="170" X="71549.3" Y="87379.8" />
				<Coordinate Order="171" X="71474.8" Y="87252.1" />
				<Coordinate Order="172" X="71435.8" Y="87113.8" />
				<Coordinate Order="173" X="71372" Y="86982.6" />
				<Coordinate Order="174" X="71191.1" Y="86933" />
				<Coordinate Order="175" X="71152.1" Y="86787.6" />
				<Coordinate Order="176" X="71127.3" Y="86645.7" />
				<Coordinate Order="177" X="71070.6" Y="86514.5" />
				<Coordinate Order="178" X="71012" Y="86401.4" />
				<Coordinate Order="179" X="70982.9" Y="86292.9" />
				<Coordinate Order="180" X="70924.7" Y="86195" />
				<Coordinate Order="181" X="70842.6" Y="86118.3" />
				<Coordinate Order="182" X="70773.8" Y="86033.6" />
				<Coordinate Order="183" X="70773.8" Y="85946.3" />
				<Coordinate Order="184" X="70718.3" Y="85853.7" />
				<Coordinate Order="185" X="70657.4" Y="85747.8" />
				<Coordinate Order="186" X="70609.8" Y="85649.9" />
				<Coordinate Order="187" X="70583.3" Y="85541.4" />
				<Coordinate Order="188" X="70530.4" Y="85438.2" />
				<Coordinate Order="189" X="70496" Y="85380" />
				<Coordinate Order="190" X="70583.3" Y="85456.8" />
				<Coordinate Order="191" X="70689.2" Y="85496.5" />
				<Coordinate Order="192" X="70789.7" Y="85544.1" />
				<Coordinate Order="193" X="70895.6" Y="85552" />
				<Coordinate Order="194" X="70985.5" Y="85491.2" />
				<Coordinate Order="195" X="71070.2" Y="85422.4" />
				<Coordinate Order="196" X="71146.9" Y="85335" />
				<Coordinate Order="197" X="71234.3" Y="85266.3" />
				<Coordinate Order="198" X="71321.6" Y="85205.4" />
				<Coordinate Order="199" X="71379.8" Y="85110.1" />
				<Coordinate Order="200" X="71451.2" Y="85030.8" />
				<Coordinate Order="201" X="71514.7" Y="84980.5" />
				<Coordinate Order="202" X="71551.8" Y="84858.8" />
				<Coordinate Order="203" X="71573" Y="84739.7" />
				<Coordinate Order="204" X="71573" Y="84628.6" />
				<Coordinate Order="205" X="71586.2" Y="84517.4" />
				<Coordinate Order="206" X="71586.2" Y="84395.7" />
				<Coordinate Order="207" X="71554.4" Y="84287.2" />
				<Coordinate Order="208" X="71596.8" Y="84186.7" />
				<Coordinate Order="209" X="71707.9" Y="84181.4" />
				<Coordinate Order="210" X="71829.6" Y="84181.4" />
				<Coordinate Order="211" X="71911.6" Y="84112.6" />
				<Coordinate Order="212" X="71969.9" Y="84017.3" />
				<Coordinate Order="213" X="72057.2" Y="83943.2" />
				<Coordinate Order="214" X="72107.5" Y="83845.3" />
				<Coordinate Order="215" X="72168.3" Y="83758" />
				<Coordinate Order="216" X="72221.2" Y="83853.3" />
				<Coordinate Order="217" X="72226.5" Y="83961.8" />
				<Coordinate Order="218" X="72242.4" Y="84072.9" />
				<Coordinate Order="219" X="72308.6" Y="84165.5" />
				<Coordinate Order="220" X="72414.4" Y="84199.9" />
				<Coordinate Order="221" X="72432.9" Y="84308.4" />
				<Coordinate Order="222" X="72398.5" Y="84408.9" />
				<Coordinate Order="223" X="72353.5" Y="84649.7" />
				<Coordinate Order="224" X="72372.1" Y="84755.6" />
				<Coordinate Order="225" X="72380" Y="84877.3" />
				<Coordinate Order="226" X="72276.8" Y="84901.1" />
				<Coordinate Order="227" X="72168.3" Y="84914.3" />
				<Coordinate Order="228" X="72057.2" Y="84962" />
				<Coordinate Order="229" X="71964.6" Y="85014.9" />
				<Coordinate Order="230" X="71885.2" Y="85089" />
				<Coordinate Order="231" X="71821.7" Y="85184.2" />
				<Coordinate Order="232" X="71787.3" Y="85284.8" />
				<Coordinate Order="233" X="71747.6" Y="85390.6" />
				<Coordinate Order="234" X="71782" Y="85499.1" />
				<Coordinate Order="235" X="71805.8" Y="85615.5" />
				<Coordinate Order="236" X="71789.9" Y="85721.4" />
				<Coordinate Order="237" X="71792.6" Y="85724" />
				<Coordinate Order="238" X="71816.4" Y="85859" />
				<Coordinate Order="239" X="71821.7" Y="85967.5" />
				<Coordinate Order="240" X="71856.1" Y="86057.4" />
				<Coordinate Order="241" X="71938.1" Y="85988.6" />
				<Coordinate Order="242" X="71922.2" Y="85877.5" />
				<Coordinate Order="243" X="71911.6" Y="85769" />
				<Coordinate Order="244" X="71906.4" Y="85660.5" />
				<Coordinate Order="245" X="71977.8" Y="85538.8" />
				<Coordinate Order="246" X="72014.8" Y="85483.2" />
				<Coordinate Order="247" X="71983.1" Y="85340.3" />
				<Coordinate Order="248" X="72094.2" Y="85377.4" />
				<Coordinate Order="249" X="72184.2" Y="85382.7" />
				<Coordinate Order="250" X="72274.2" Y="85298" />
				<Coordinate Order="251" X="72387.9" Y="85305.9" />
				<Coordinate Order="252" X="72496.4" Y="85210.7" />
				<Coordinate Order="253" X="72575.8" Y="85171" />
				<Coordinate Order="254" X="72642" Y="85128.7" />
				<Coordinate Order="255" X="72599.6" Y="85012.2" />
				<Coordinate Order="256" X="72549.3" Y="84914.3" />
				<Coordinate Order="257" X="72525.5" Y="84853.5" />
				<Coordinate Order="258" X="72525.5" Y="84745" />
				<Coordinate Order="259" X="72522.9" Y="84636.5" />
				<Coordinate Order="260" X="72565.2" Y="84538.6" />
				<Coordinate Order="261" X="72713.4" Y="84411.6" />
				<Coordinate Order="262" X="72821.9" Y="84414.2" />
				<Coordinate Order="263" X="72901.3" Y="84342.8" />
				<Coordinate Order="264" X="72903.9" Y="84234.3" />
				<Coordinate Order="265" X="72909.2" Y="84125.8" />
				<Coordinate Order="266" X="72911.9" Y="84012" />
				<Coordinate Order="267" X="72919.8" Y="83906.2" />
				<Coordinate Order="268" X="72996.5" Y="83813.6" />
				<Coordinate Order="269" X="73052.1" Y="83718.3" />
				<Coordinate Order="270" X="73038.9" Y="83612.5" />
				<Coordinate Order="271" X="73038.9" Y="83504" />
				<Coordinate Order="272" X="73099.7" Y="83406.1" />
				<Coordinate Order="273" X="73181.8" Y="83329.3" />
				<Coordinate Order="274" X="73292.9" Y="83294.9" />
				<Coordinate Order="275" X="73404" Y="83271.1" />
				<Coordinate Order="276" X="73509.9" Y="83250" />
				<Coordinate Order="277" X="73618.3" Y="83242" />
				<Coordinate Order="278" X="73726.8" Y="83242" />
				<Coordinate Order="279" X="73824.7" Y="83289.6" />
				<Coordinate Order="280" X="73986.1" Y="83321.4" />
				<Coordinate Order="281" X="74099.9" Y="83339.9" />
				<Coordinate Order="282" X="74203.1" Y="83363.7" />
				<Coordinate Order="283" X="74303.7" Y="83398.1" />
				<Coordinate Order="284" X="74414.8" Y="83382.3" />
				<Coordinate Order="285" X="74502.1" Y="83313.5" />
				<Coordinate Order="286" X="74589.4" Y="83250" />
				<Coordinate Order="287" X="74658.2" Y="83167.9" />
				<Coordinate Order="288" X="74716.5" Y="83078" />
				<Coordinate Order="289" X="74772" Y="82966.8" />
				<Coordinate Order="290" X="74806.4" Y="82861" />
				<Coordinate Order="291" X="74830.2" Y="82747.2" />
				<Coordinate Order="292" X="74838.2" Y="82636.1" />
				<Coordinate Order="293" X="74782.6" Y="82538.2" />
				<Coordinate Order="294" X="74679.4" Y="82495.8" />
				<Coordinate Order="295" X="74555" Y="82419.1" />
				<Coordinate Order="296" X="74512.7" Y="82321.2" />
				<Coordinate Order="297" X="74528.6" Y="82191.5" />
				<Coordinate Order="298" X="74615.9" Y="82130.7" />
				<Coordinate Order="299" X="74634.4" Y="82149.2" />
				<Coordinate Order="300" X="74645" Y="82255" />
				<Coordinate Order="301" X="74708.5" Y="82342.4" />
				<Coordinate Order="302" X="74814.4" Y="82321.2" />
				<Coordinate Order="303" X="74854" Y="82215.4" />
				<Coordinate Order="304" X="74872.6" Y="82109.5" />
				<Coordinate Order="305" X="74872.6" Y="81998.4" />
				<Coordinate Order="306" X="74822.3" Y="81903.1" />
				<Coordinate Order="307" X="74732.3" Y="81842.3" />
				<Coordinate Order="308" X="74626.5" Y="81852.8" />
				<Coordinate Order="309" X="74518" Y="81884.6" />
				<Coordinate Order="310" X="74412.2" Y="81900.5" />
				<Coordinate Order="311" X="74301" Y="81900.5" />
				<Coordinate Order="312" X="74271.9" Y="81792" />
			</Coordinates>
		</Annotation>
		<Annotation Name="Annotation 1" Type="Polygon" PartOfGroup="metastases" Color="#F4FA58">
			<Coordinates>
				<Coordinate Order="0" X="77377.4" Y="81976.1" />
				<Coordinate Order="1" X="77444.5" Y="82023.5" />
				<Coordinate Order="2" X="77517.5" Y="82055" />
				<Coordinate Order="3" X="77588.5" Y="82090.5" />
				<Coordinate Order="4" X="77665.4" Y="82130" />
				<Coordinate Order="5" X="77742.4" Y="82161.6" />
				<Coordinate Order="6" X="77827.2" Y="82185.2" />
				<Coordinate Order="7" X="77908.1" Y="82173.4" />
				<Coordinate Order="8" X="77985" Y="82137.9" />
				<Coordinate Order="9" X="78016.6" Y="82059" />
				<Coordinate Order="10" X="77977.1" Y="81989.9" />
				<Coordinate Order="11" X="77969.3" Y="81905.1" />
				<Coordinate Order="12" X="78006.7" Y="81834.1" />
				<Coordinate Order="13" X="78002.8" Y="81755.2" />
				<Coordinate Order="14" X="77929.8" Y="81717.7" />
				<Coordinate Order="15" X="77850.9" Y="81694" />
				<Coordinate Order="16" X="77939.7" Y="81664.4" />
				<Coordinate Order="17" X="77965.3" Y="81597.3" />
				<Coordinate Order="18" X="77931.8" Y="81546" />
				<Coordinate Order="19" X="77852.9" Y="81557.9" />
				<Coordinate Order="20" X="77744.3" Y="81524.3" />
				<Coordinate Order="21" X="77667.4" Y="81524.3" />
				<Coordinate Order="22" X="77602.3" Y="81514.5" />
				<Coordinate Order="23" X="77452.4" Y="81498.7" />
				<Coordinate Order="24" X="77371.5" Y="81471.1" />
				<Coordinate Order="25" X="77332" Y="81429.6" />
				<Coordinate Order="26" X="77278.8" Y="81425.7" />
				<Coordinate Order="27" X="77166.3" Y="81500.7" />
				<Coordinate Order="28" X="77067.7" Y="81550" />
				<Coordinate Order="29" X="77012.4" Y="81550" />
				<Coordinate Order="30" X="76986.8" Y="81638.8" />
				<Coordinate Order="31" X="77046" Y="81662.4" />
				<Coordinate Order="32" X="77067.7" Y="81772.9" />
				<Coordinate Order="33" X="77124.9" Y="81857.8" />
				<Coordinate Order="34" X="77213.6" Y="81851.8" />
				<Coordinate Order="35" X="77282.7" Y="81920.9" />
				<Coordinate Order="36" X="77343.9" Y="81952.4" />
			</Coordinates>
		</Annotation>
		<Annotation Name="Annotation 2" Type="Polygon" PartOfGroup="metastases" Color="#F4FA58">
			<Coordinates>
				<Coordinate Order="0" X="76957.2" Y="81922.9" />
				<Coordinate Order="1" X="76903.9" Y="81966.3" />
				<Coordinate Order="2" X="76937.4" Y="82047.1" />
				<Coordinate Order="3" X="77022.3" Y="82025.4" />
				<Coordinate Order="4" X="77004.5" Y="81936.7" />
			</Coordinates>
		</Annotation>
	</Annotations>
	<AnnotationGroups>
		<Group Name="metastases" PartOfGroup="None" Color="#ff0000">
			<Attributes />
		</Group>
	</AnnotationGroups>
</ASAP_Annotations>
