<?xml version="1.0"?>
<ASAP_Annotations>
	<Annotations>
		<Annotation Name="Annotation 0" Type="Polygon" PartOfGroup="metastases" Color="#F4FA58">
			<Coordinates>
				<Coordinate Order="0" X="8613.68" Y="47897.9" />
				<Coordinate Order="1" X="8580.83" Y="47847.2" />
				<Coordinate Order="2" X="8598.75" Y="47785.9" />
				<Coordinate Order="3" X="8610.7" Y="47724.7" />
				<Coordinate Order="4" X="8631.6" Y="47668" />
				<Coordinate Order="5" X="8680.88" Y="47632.1" />
				<Coordinate Order="6" X="8736.14" Y="47606.7" />
				<Coordinate Order="7" X="8789.9" Y="47633.6" />
				<Coordinate Order="8" X="8836.19" Y="47672.4" />
				<Coordinate Order="9" X="8889.95" Y="47700.8" />
				<Coordinate Order="10" X="8952.67" Y="47733.7" />
				<Coordinate Order="11" X="9007.93" Y="47759" />
				<Coordinate Order="12" X="9057.21" Y="47794.9" />
				<Coordinate Order="13" X="9097.53" Y="47841.2" />
				<Coordinate Order="14" X="9134.86" Y="47889" />
				<Coordinate Order="15" X="9128.89" Y="47950.2" />
				<Coordinate Order="16" X="9133.37" Y="48009.9" />
				<Coordinate Order="17" X="9140.84" Y="48071.2" />
				<Coordinate Order="18" X="9124.41" Y="48129.4" />
				<Coordinate Order="19" X="9102.01" Y="48186.1" />
				<Coordinate Order="20" X="9088.57" Y="48244.4" />
				<Coordinate Order="21" X="9060.2" Y="48262.3" />
				<Coordinate Order="22" X="9000.46" Y="48271.3" />
				<Coordinate Order="23" X="8963.13" Y="48278.7" />
				<Coordinate Order="24" X="8942.22" Y="48251.9" />
				<Coordinate Order="25" X="8910.86" Y="48198.1" />
				<Coordinate Order="26" X="8906.38" Y="48156.3" />
				<Coordinate Order="27" X="8872.03" Y="48132.4" />
				<Coordinate Order="28" X="8879.5" Y="48087.6" />
				<Coordinate Order="29" X="8889.95" Y="48027.9" />
				<Coordinate Order="30" X="8921.31" Y="47975.6" />
				<Coordinate Order="31" X="8909.37" Y="47956.2" />
				<Coordinate Order="32" X="8889.95" Y="47950.2" />
				<Coordinate Order="33" X="8867.55" Y="47924.8" />
				<Coordinate Order="34" X="8883.98" Y="47897.9" />
				<Coordinate Order="35" X="8872.03" Y="47859.1" />
				<Coordinate Order="36" X="8875.02" Y="47799.4" />
				<Coordinate Order="37" X="8869.05" Y="47765" />
				<Coordinate Order="38" X="8845.15" Y="47765" />
				<Coordinate Order="39" X="8806.33" Y="47742.6" />
				<Coordinate Order="40" X="8771.98" Y="47762" />
				<Coordinate Order="41" X="8764.51" Y="47778.5" />
				<Coordinate Order="42" X="8754.06" Y="47838.2" />
				<Coordinate Order="43" X="8770.49" Y="47896.4" />
				<Coordinate Order="44" X="8751.07" Y="47920.3" />
				<Coordinate Order="45" X="8694.32" Y="47942.7" />
				<Coordinate Order="46" X="8642.06" Y="47912.9" />
			</Coordinates>
		</Annotation>
		<Annotation Name="Annotation 1" Type="Polygon" PartOfGroup="metastases" Color="#F4FA58">
			<Coordinates>
				<Coordinate Order="0" X="8904.89" Y="48456.4" />
				<Coordinate Order="1" X="8909.13" Y="48508.8" />
				<Coordinate Order="2" X="8943.71" Y="48538.6" />
				<Coordinate Order="3" X="8979.55" Y="48561" />
				<Coordinate Order="4" X="9013.9" Y="48566.9" />
				<Coordinate Order="5" X="9034.52" Y="48537.4" />
				<Coordinate Order="6" X="9027.83" Y="48507.3" />
				<Coordinate Order="7" X="9033.32" Y="48465.4" />
				<Coordinate Order="8" X="9010.92" Y="48443" />
				<Coordinate Order="9" X="8976.57" Y="48393.7" />
				<Coordinate Order="10" X="8954.17" Y="48393.7" />
				<Coordinate Order="11" X="8930.27" Y="48425.1" />
			</Coordinates>
		</Annotation>
	</Annotations>
	<AnnotationGroups>
		<Group Name="metastases" PartOfGroup="None" Color="#ff0000">
			<Attributes />
		</Group>
	</AnnotationGroups>
</ASAP_Annotations>
