<?xml version="1.0"?>
<ASAP_Annotations>
	<Annotations>
		<Annotation Name="Annotation 0" Type="Polygon" PartOfGroup="metastases" Color="#F4FA58">
			<Coordinates>
				<Coordinate Order="0" X="31994.8" Y="72998.4" />
				<Coordinate Order="1" X="31999.3" Y="72933.9" />
				<Coordinate Order="2" X="31978.2" Y="72876.9" />
				<Coordinate Order="3" X="31972.2" Y="72813.8" />
				<Coordinate Order="4" X="31976.7" Y="72753.8" />
				<Coordinate Order="5" X="31958.7" Y="72692.3" />
				<Coordinate Order="6" X="31925.7" Y="72636.8" />
				<Coordinate Order="7" X="31924.2" Y="72573.8" />
				<Coordinate Order="8" X="31910.1" Y="72513.5" />
				<Coordinate Order="9" X="31875.7" Y="72448.1" />
				<Coordinate Order="10" X="31844.8" Y="72379.4" />
				<Coordinate Order="11" X="31841.3" Y="72307.1" />
				<Coordinate Order="12" X="31849.9" Y="72236.7" />
				<Coordinate Order="13" X="31817.3" Y="72174.8" />
				<Coordinate Order="14" X="31793.2" Y="72109.4" />
				<Coordinate Order="15" X="31810.4" Y="72038.9" />
				<Coordinate Order="16" X="31849.9" Y="71966.7" />
				<Coordinate Order="17" X="31808.7" Y="71963.3" />
				<Coordinate Order="18" X="31781.2" Y="71953" />
				<Coordinate Order="19" X="31786.3" Y="71925.4" />
				<Coordinate Order="20" X="31819" Y="71863.5" />
				<Coordinate Order="21" X="31798.4" Y="71825.7" />
				<Coordinate Order="22" X="31727.9" Y="71827.4" />
				<Coordinate Order="23" X="31695.2" Y="71763.8" />
				<Coordinate Order="24" X="31686.6" Y="71695" />
				<Coordinate Order="25" X="31731.3" Y="71621.1" />
				<Coordinate Order="26" X="31683.2" Y="71560.9" />
				<Coordinate Order="27" X="31645.3" Y="71502.5" />
				<Coordinate Order="28" X="31624.7" Y="71435.4" />
				<Coordinate Order="29" X="31614.4" Y="71364.9" />
				<Coordinate Order="30" X="31619.5" Y="71292.7" />
				<Coordinate Order="31" X="31635" Y="71222.2" />
				<Coordinate Order="32" X="31659.1" Y="71156.9" />
				<Coordinate Order="33" X="31686.6" Y="71093.3" />
				<Coordinate Order="34" X="31731.3" Y="71052" />
				<Coordinate Order="35" X="31676.3" Y="71064" />
				<Coordinate Order="36" X="31616.1" Y="71105.3" />
				<Coordinate Order="37" X="31593.8" Y="71098.4" />
				<Coordinate Order="38" X="31571.4" Y="71027.9" />
				<Coordinate Order="39" X="31576.6" Y="70959.1" />
				<Coordinate Order="40" X="31623" Y="70907.6" />
				<Coordinate Order="41" X="31621.3" Y="70838.8" />
				<Coordinate Order="42" X="31592" Y="70775.2" />
				<Coordinate Order="43" X="31593.8" Y="70706.4" />
				<Coordinate Order="44" X="31633.3" Y="70647.9" />
				<Coordinate Order="45" X="31597.2" Y="70582.6" />
				<Coordinate Order="46" X="31597.2" Y="70510.4" />
				<Coordinate Order="47" X="31621.3" Y="70445.1" />
				<Coordinate Order="48" X="31662.5" Y="70388.3" />
				<Coordinate Order="49" X="31688.3" Y="70323" />
				<Coordinate Order="50" X="31626.4" Y="70288.6" />
				<Coordinate Order="51" X="31595.5" Y="70221.5" />
				<Coordinate Order="52" X="31586.9" Y="70151" />
				<Coordinate Order="53" X="31592.9" Y="70075.1" />
				<Coordinate Order="54" X="31593" Y="70067.8" />
				<Coordinate Order="55" X="31609.8" Y="70043.6" />
				<Coordinate Order="56" X="31606.3" Y="70001.8" />
				<Coordinate Order="57" X="31592.9" Y="69933.5" />
				<Coordinate Order="58" X="31562.9" Y="69871.9" />
				<Coordinate Order="59" X="31572.9" Y="69801.9" />
				<Coordinate Order="60" X="31582.9" Y="69735.3" />
				<Coordinate Order="61" X="31587.9" Y="69668.7" />
				<Coordinate Order="62" X="31597.9" Y="69602.1" />
				<Coordinate Order="63" X="31606.3" Y="69535.4" />
				<Coordinate Order="64" X="31601.3" Y="69463.8" />
				<Coordinate Order="65" X="31651.2" Y="69385.5" />
				<Coordinate Order="66" X="31689.5" Y="69358.9" />
				<Coordinate Order="67" X="31726.2" Y="69365.5" />
				<Coordinate Order="68" X="31724.5" Y="69298.9" />
				<Coordinate Order="69" X="31711.2" Y="69232.3" />
				<Coordinate Order="70" X="31701.2" Y="69165.6" />
				<Coordinate Order="71" X="31704.5" Y="69099" />
				<Coordinate Order="72" X="31711.2" Y="69022.4" />
				<Coordinate Order="73" X="31729.5" Y="68949.1" />
				<Coordinate Order="74" X="31732.8" Y="68882.5" />
				<Coordinate Order="75" X="31732.8" Y="68812.5" />
				<Coordinate Order="76" X="31702.9" Y="68744.2" />
				<Coordinate Order="77" X="31691.2" Y="68677.6" />
				<Coordinate Order="78" X="31687.9" Y="68611" />
				<Coordinate Order="79" X="31717.9" Y="68551" />
				<Coordinate Order="80" X="31699.5" Y="68486" />
				<Coordinate Order="81" X="31704.5" Y="68429.4" />
				<Coordinate Order="82" X="31736.2" Y="68364.5" />
				<Coordinate Order="83" X="31749.5" Y="68294.5" />
				<Coordinate Order="84" X="31736.2" Y="68221.2" />
				<Coordinate Order="85" X="31761.2" Y="68157.9" />
				<Coordinate Order="86" X="31767.8" Y="68091.3" />
				<Coordinate Order="87" X="31789.5" Y="68028" />
				<Coordinate Order="88" X="31831.1" Y="67974.7" />
				<Coordinate Order="89" X="31881.1" Y="67924.7" />
				<Coordinate Order="90" X="31929.4" Y="67878.1" />
				<Coordinate Order="91" X="31942.7" Y="67811.4" />
				<Coordinate Order="92" X="31991" Y="67763.1" />
				<Coordinate Order="93" X="31996" Y="67696.5" />
				<Coordinate Order="94" X="32017.7" Y="67631.6" />
				<Coordinate Order="95" X="32066" Y="67584.9" />
				<Coordinate Order="96" X="32104.3" Y="67528.3" />
				<Coordinate Order="97" X="32137.6" Y="67468.3" />
				<Coordinate Order="98" X="32162.6" Y="67405" />
				<Coordinate Order="99" X="32220.9" Y="67368.4" />
				<Coordinate Order="100" X="32275.9" Y="67325.1" />
				<Coordinate Order="101" X="32325.8" Y="67278.4" />
				<Coordinate Order="102" X="32457.4" Y="67176.8" />
				<Coordinate Order="103" X="32492.4" Y="67118.5" />
				<Coordinate Order="104" X="32517.4" Y="67051.9" />
				<Coordinate Order="105" X="32539" Y="66981.9" />
				<Coordinate Order="106" X="32570.7" Y="66922" />
				<Coordinate Order="107" X="32637.3" Y="66913.6" />
				<Coordinate Order="108" X="32675.6" Y="66968.6" />
				<Coordinate Order="109" X="32737.3" Y="67010.3" />
				<Coordinate Order="110" X="32770.6" Y="66947" />
				<Coordinate Order="111" X="32787.2" Y="66877" />
				<Coordinate Order="112" X="32808.9" Y="66807" />
				<Coordinate Order="113" X="32840.5" Y="66747.1" />
				<Coordinate Order="114" X="32845.5" Y="66678.8" />
				<Coordinate Order="115" X="32842.2" Y="66610.5" />
				<Coordinate Order="116" X="32867.2" Y="66547.2" />
				<Coordinate Order="117" X="32893.8" Y="66485.6" />
				<Coordinate Order="118" X="32918.8" Y="66418.9" />
				<Coordinate Order="119" X="32960.5" Y="66357.3" />
				<Coordinate Order="120" X="32997.1" Y="66287.4" />
				<Coordinate Order="121" X="33023.7" Y="66219.1" />
				<Coordinate Order="122" X="33047.1" Y="66155.8" />
				<Coordinate Order="123" X="33068.7" Y="66090.8" />
				<Coordinate Order="124" X="33057.1" Y="66024.2" />
				<Coordinate Order="125" X="33087" Y="65957.5" />
				<Coordinate Order="126" X="33125.4" Y="65902.6" />
				<Coordinate Order="127" X="33162" Y="65844.3" />
				<Coordinate Order="128" X="33207" Y="65794.3" />
				<Coordinate Order="129" X="33172" Y="65736" />
				<Coordinate Order="130" X="33195.3" Y="65669.4" />
				<Coordinate Order="131" X="33235.3" Y="65607.8" />
				<Coordinate Order="132" X="33198.6" Y="65606.1" />
				<Coordinate Order="133" X="33190.3" Y="65569.4" />
				<Coordinate Order="134" X="33227" Y="65539.5" />
				<Coordinate Order="135" X="33256.9" Y="65562.8" />
				<Coordinate Order="136" X="33306.9" Y="65512.8" />
				<Coordinate Order="137" X="33371.9" Y="65484.5" />
				<Coordinate Order="138" X="33431.8" Y="65452.8" />
				<Coordinate Order="139" X="33456.8" Y="65416.2" />
				<Coordinate Order="140" X="33496.8" Y="65361.2" />
				<Coordinate Order="141" X="33498.5" Y="65349.6" />
				<Coordinate Order="142" X="33440.2" Y="65314.6" />
				<Coordinate Order="143" X="33421.8" Y="65246.3" />
				<Coordinate Order="144" X="33458.5" Y="65186.3" />
				<Coordinate Order="145" X="33543.4" Y="65179.7" />
				<Coordinate Order="146" X="33591.7" Y="65129.7" />
				<Coordinate Order="147" X="33605.1" Y="65063.1" />
				<Coordinate Order="148" X="33635.1" Y="64998.1" />
				<Coordinate Order="149" X="33688.4" Y="64953.1" />
				<Coordinate Order="150" X="33750" Y="64926.5" />
				<Coordinate Order="151" X="33748.3" Y="64853.2" />
				<Coordinate Order="152" X="33755" Y="64786.6" />
				<Coordinate Order="153" X="33796.6" Y="64733.3" />
				<Coordinate Order="154" X="33849.9" Y="64691.6" />
				<Coordinate Order="155" X="33919.9" Y="64665" />
				<Coordinate Order="156" X="33988.2" Y="64675" />
				<Coordinate Order="157" X="34038.1" Y="64630" />
				<Coordinate Order="158" X="33993.2" Y="64596.7" />
				<Coordinate Order="159" X="34004.8" Y="64528.4" />
				<Coordinate Order="160" X="34069.8" Y="64503.4" />
				<Coordinate Order="161" X="34136.4" Y="64506.7" />
				<Coordinate Order="162" X="34204.7" Y="64473.4" />
				<Coordinate Order="163" X="34264.7" Y="64438.4" />
				<Coordinate Order="164" X="34253" Y="64405.1" />
				<Coordinate Order="165" X="34246.4" Y="64338.5" />
				<Coordinate Order="166" X="34291.3" Y="64283.5" />
				<Coordinate Order="167" X="34356.3" Y="64256.9" />
				<Coordinate Order="168" X="34411.3" Y="64218.6" />
				<Coordinate Order="169" X="34466.2" Y="64175.3" />
				<Coordinate Order="170" X="34522.9" Y="64132" />
				<Coordinate Order="171" X="34531.2" Y="64113.6" />
				<Coordinate Order="172" X="34469.6" Y="64145.3" />
				<Coordinate Order="173" X="34407.9" Y="64171.9" />
				<Coordinate Order="174" X="34384.6" Y="64156.9" />
				<Coordinate Order="175" X="34399.6" Y="64090.3" />
				<Coordinate Order="176" X="34441.2" Y="64035.4" />
				<Coordinate Order="177" X="34492.9" Y="63992" />
				<Coordinate Order="178" X="34534.5" Y="63937.1" />
				<Coordinate Order="179" X="34491.2" Y="63880.4" />
				<Coordinate Order="180" X="34451.2" Y="63825.5" />
				<Coordinate Order="181" X="34477.9" Y="63755.5" />
				<Coordinate Order="182" X="34527.9" Y="63707.2" />
				<Coordinate Order="183" X="34587.8" Y="63670.6" />
				<Coordinate Order="184" X="34652.8" Y="63623.9" />
				<Coordinate Order="185" X="34717.7" Y="63603.9" />
				<Coordinate Order="186" X="34781" Y="63575.6" />
				<Coordinate Order="187" X="34851" Y="63569" />
				<Coordinate Order="188" X="34902.6" Y="63564" />
				<Coordinate Order="189" X="34842.7" Y="63534" />
				<Coordinate Order="190" X="34809.4" Y="63474" />
				<Coordinate Order="191" X="34852.7" Y="63422.4" />
				<Coordinate Order="192" X="34921" Y="63394.1" />
				<Coordinate Order="193" X="34985.9" Y="63414.1" />
				<Coordinate Order="194" X="35030.9" Y="63465.7" />
				<Coordinate Order="195" X="35080.9" Y="63512.3" />
				<Coordinate Order="196" X="35139.2" Y="63545.6" />
				<Coordinate Order="197" X="35199.1" Y="63514" />
				<Coordinate Order="198" X="35219.1" Y="63519" />
				<Coordinate Order="199" X="35275.7" Y="63482.3" />
				<Coordinate Order="200" X="35294.1" Y="63415.7" />
				<Coordinate Order="201" X="35362.4" Y="63387.4" />
				<Coordinate Order="202" X="35434" Y="63377.4" />
				<Coordinate Order="203" X="35498.9" Y="63402.4" />
				<Coordinate Order="204" X="35563.9" Y="63420.7" />
				<Coordinate Order="205" X="35633.9" Y="63449" />
				<Coordinate Order="206" X="35700.5" Y="63444" />
				<Coordinate Order="207" X="35772.1" Y="63439" />
				<Coordinate Order="208" X="35845.4" Y="63427.4" />
				<Coordinate Order="209" X="35915.4" Y="63427.4" />
				<Coordinate Order="210" X="35985.3" Y="63407.4" />
				<Coordinate Order="211" X="36053.6" Y="63392.4" />
				<Coordinate Order="212" X="36121.9" Y="63359.1" />
				<Coordinate Order="213" X="36171.9" Y="63314.1" />
				<Coordinate Order="214" X="36241.8" Y="63279.1" />
				<Coordinate Order="215" X="36303.5" Y="63249.2" />
				<Coordinate Order="216" X="36371.8" Y="63240.8" />
				<Coordinate Order="217" X="36440.1" Y="63225.8" />
				<Coordinate Order="218" X="36501.7" Y="63190.9" />
				<Coordinate Order="219" X="36561.6" Y="63157.5" />
				<Coordinate Order="220" X="36631.6" Y="63135.9" />
				<Coordinate Order="221" X="36698.2" Y="63124.2" />
				<Coordinate Order="222" X="36763.2" Y="63104.2" />
				<Coordinate Order="223" X="36823.2" Y="63074.3" />
				<Coordinate Order="224" X="36891.5" Y="63057.6" />
				<Coordinate Order="225" X="36953.1" Y="63030.9" />
				<Coordinate Order="226" X="37019.7" Y="63040.9" />
				<Coordinate Order="227" X="37044.7" Y="63084.3" />
				<Coordinate Order="228" X="37071.3" Y="63019.3" />
				<Coordinate Order="229" X="37119.7" Y="62969.3" />
				<Coordinate Order="230" X="37179.6" Y="62939.3" />
				<Coordinate Order="231" X="37247.9" Y="62929.3" />
				<Coordinate Order="232" X="37322.9" Y="62951" />
				<Coordinate Order="233" X="37386.2" Y="62972.7" />
				<Coordinate Order="234" X="37444.5" Y="63007.6" />
				<Coordinate Order="235" X="37504.4" Y="62972.7" />
				<Coordinate Order="236" X="37569.4" Y="62941" />
				<Coordinate Order="237" X="37641" Y="62937.7" />
				<Coordinate Order="238" X="37696" Y="62899.4" />
				<Coordinate Order="239" X="37755.9" Y="62867.7" />
				<Coordinate Order="240" X="37807.6" Y="62839.4" />
				<Coordinate Order="241" X="37874.2" Y="62826.1" />
				<Coordinate Order="242" X="37939.2" Y="62799.4" />
				<Coordinate Order="243" X="38010.8" Y="62804.4" />
				<Coordinate Order="244" X="38077.4" Y="62834.4" />
				<Coordinate Order="245" X="38144" Y="62859.4" />
				<Coordinate Order="246" X="38165.7" Y="62922.7" />
				<Coordinate Order="247" X="38150.7" Y="62984.3" />
				<Coordinate Order="248" X="38127.4" Y="63047.6" />
				<Coordinate Order="249" X="38084.1" Y="63099.2" />
				<Coordinate Order="250" X="38032.4" Y="63145.9" />
				<Coordinate Order="251" X="38002.5" Y="63180.9" />
				<Coordinate Order="252" X="38070.8" Y="63194.2" />
				<Coordinate Order="253" X="38144" Y="63190.9" />
				<Coordinate Order="254" X="38210.7" Y="63177.5" />
				<Coordinate Order="255" X="38272.3" Y="63149.2" />
				<Coordinate Order="256" X="38333.9" Y="63120.9" />
				<Coordinate Order="257" X="38388.9" Y="63082.6" />
				<Coordinate Order="258" X="38435.5" Y="63032.6" />
				<Coordinate Order="259" X="38492.2" Y="62994.3" />
				<Coordinate Order="260" X="38555.5" Y="62962.7" />
				<Coordinate Order="261" X="38623.8" Y="62944.3" />
				<Coordinate Order="262" X="38690.4" Y="62922.7" />
				<Coordinate Order="263" X="38757" Y="62929.3" />
				<Coordinate Order="264" X="38822" Y="62951" />
				<Coordinate Order="265" X="38886.9" Y="62974.3" />
				<Coordinate Order="266" X="38951.9" Y="62989.3" />
				<Coordinate Order="267" X="38985.2" Y="62999.3" />
				<Coordinate Order="268" X="38968.6" Y="63065.9" />
				<Coordinate Order="269" X="38906.9" Y="63097.6" />
				<Coordinate Order="270" X="38843.6" Y="63124.2" />
				<Coordinate Order="271" X="38797" Y="63172.5" />
				<Coordinate Order="272" X="38820.3" Y="63235.8" />
				<Coordinate Order="273" X="38885.3" Y="63254.2" />
				<Coordinate Order="274" X="38950.2" Y="63224.2" />
				<Coordinate Order="275" X="39020.2" Y="63200.8" />
				<Coordinate Order="276" X="39081.8" Y="63169.2" />
				<Coordinate Order="277" X="39126.8" Y="63117.6" />
				<Coordinate Order="278" X="39090.1" Y="63059.3" />
				<Coordinate Order="279" X="39030.2" Y="63027.6" />
				<Coordinate Order="280" X="39016.9" Y="63011" />
				<Coordinate Order="281" X="39071.8" Y="62971" />
				<Coordinate Order="282" X="39138.5" Y="62961" />
				<Coordinate Order="283" X="39205.1" Y="62956" />
				<Coordinate Order="284" X="39256.7" Y="63001" />
				<Coordinate Order="285" X="39295" Y="63055.9" />
				<Coordinate Order="286" X="39361.7" Y="63065.9" />
				<Coordinate Order="287" X="39429.9" Y="63050.9" />
				<Coordinate Order="288" X="39499.9" Y="63059.3" />
				<Coordinate Order="289" X="39564.9" Y="63079.3" />
				<Coordinate Order="290" X="39629.8" Y="63099.2" />
				<Coordinate Order="291" X="39696.5" Y="63122.6" />
				<Coordinate Order="292" X="39759.8" Y="63162.5" />
				<Coordinate Order="293" X="39828" Y="63177.5" />
				<Coordinate Order="294" X="39888" Y="63207.5" />
				<Coordinate Order="295" X="39938" Y="63252.5" />
				<Coordinate Order="296" X="39992.9" Y="63292.5" />
				<Coordinate Order="297" X="40034.6" Y="63347.4" />
				<Coordinate Order="298" X="40052.9" Y="63414.1" />
				<Coordinate Order="299" X="40052.9" Y="63472.4" />
				<Coordinate Order="300" X="40044.6" Y="63539" />
				<Coordinate Order="301" X="40087.9" Y="63592.3" />
				<Coordinate Order="302" X="40104.5" Y="63658.9" />
				<Coordinate Order="303" X="40097.9" Y="63728.9" />
				<Coordinate Order="304" X="40077.9" Y="63793.8" />
				<Coordinate Order="305" X="40022.9" Y="63842.1" />
				<Coordinate Order="306" X="39958" Y="63865.5" />
				<Coordinate Order="307" X="39884.7" Y="63887.1" />
				<Coordinate Order="308" X="39813.1" Y="63897.1" />
				<Coordinate Order="309" X="39746.4" Y="63885.4" />
				<Coordinate Order="310" X="39738.1" Y="63820.5" />
				<Coordinate Order="311" X="39784.7" Y="63772.2" />
				<Coordinate Order="312" X="39834.7" Y="63718.9" />
				<Coordinate Order="313" X="39864.7" Y="63655.6" />
				<Coordinate Order="314" X="39904.7" Y="63595.6" />
				<Coordinate Order="315" X="39934.6" Y="63527.3" />
				<Coordinate Order="316" X="39869.7" Y="63547.3" />
				<Coordinate Order="317" X="39801.4" Y="63559" />
				<Coordinate Order="318" X="39733.1" Y="63552.3" />
				<Coordinate Order="319" X="39643.2" Y="63555.6" />
				<Coordinate Order="320" X="39579.9" Y="63530.7" />
				<Coordinate Order="321" X="39526.6" Y="63485.7" />
				<Coordinate Order="322" X="39484.9" Y="63430.7" />
				<Coordinate Order="323" X="39468.3" Y="63364.1" />
				<Coordinate Order="324" X="39436.6" Y="63304.1" />
				<Coordinate Order="325" X="39375" Y="63274.1" />
				<Coordinate Order="326" X="39313.4" Y="63245.8" />
				<Coordinate Order="327" X="39248.4" Y="63230.8" />
				<Coordinate Order="328" X="39181.8" Y="63219.2" />
				<Coordinate Order="329" X="39115.1" Y="63220.8" />
				<Coordinate Order="330" X="39070.2" Y="63244.2" />
				<Coordinate Order="331" X="39093.5" Y="63307.5" />
				<Coordinate Order="332" X="39131.8" Y="63364.1" />
				<Coordinate Order="333" X="39176.8" Y="63415.7" />
				<Coordinate Order="334" X="39231.7" Y="63469" />
				<Coordinate Order="335" X="39291.7" Y="63500.7" />
				<Coordinate Order="336" X="39356.7" Y="63519" />
				<Coordinate Order="337" X="39380" Y="63585.6" />
				<Coordinate Order="338" X="39356.7" Y="63652.3" />
				<Coordinate Order="339" X="39376.6" Y="63718.9" />
				<Coordinate Order="340" X="39365" Y="63785.5" />
				<Coordinate Order="341" X="39316.7" Y="63832.1" />
				<Coordinate Order="342" X="39285" Y="63893.8" />
				<Coordinate Order="343" X="39251.7" Y="63953.7" />
				<Coordinate Order="344" X="39293.4" Y="64007" />
				<Coordinate Order="345" X="39361.7" Y="63993.7" />
				<Coordinate Order="346" X="39431.6" Y="63983.7" />
				<Coordinate Order="347" X="39501.6" Y="63990.4" />
				<Coordinate Order="348" X="39573.2" Y="63990.4" />
				<Coordinate Order="349" X="39643.2" Y="63985.4" />
				<Coordinate Order="350" X="39709.8" Y="63982.1" />
				<Coordinate Order="351" X="39778.1" Y="63993.7" />
				<Coordinate Order="352" X="39839.7" Y="64020.4" />
				<Coordinate Order="353" X="39813.1" Y="64082" />
				<Coordinate Order="354" X="39768.1" Y="64132" />
				<Coordinate Order="355" X="39699.8" Y="64185.3" />
				<Coordinate Order="356" X="39639.8" Y="64221.9" />
				<Coordinate Order="357" X="39574.9" Y="64258.6" />
				<Coordinate Order="358" X="39513.2" Y="64285.2" />
				<Coordinate Order="359" X="39443.3" Y="64310.2" />
				<Coordinate Order="360" X="39385" Y="64343.5" />
				<Coordinate Order="361" X="39318.3" Y="64363.5" />
				<Coordinate Order="362" X="39255.1" Y="64386.8" />
				<Coordinate Order="363" X="39198.4" Y="64425.1" />
				<Coordinate Order="364" X="39143.4" Y="64463.4" />
				<Coordinate Order="365" X="39090.1" Y="64508.4" />
				<Coordinate Order="366" X="39031.9" Y="64556.7" />
				<Coordinate Order="367" X="38973.6" Y="64591.7" />
				<Coordinate Order="368" X="38910.3" Y="64618.3" />
				<Coordinate Order="369" X="38870.3" Y="64673.3" />
				<Coordinate Order="370" X="38818.6" Y="64721.6" />
				<Coordinate Order="371" X="38721.2" Y="64757.4" />
				<Coordinate Order="372" X="38615.8" Y="64799.5" />
				<Coordinate Order="373" X="38510.5" Y="64841.6" />
				<Coordinate Order="374" X="38405.2" Y="64889" />
				<Coordinate Order="375" X="38305.1" Y="64931.2" />
				<Coordinate Order="376" X="38223.9" Y="64982.5" />
				<Coordinate Order="377" X="38143.9" Y="65005.1" />
				<Coordinate Order="378" X="38080.3" Y="65054.3" />
				<Coordinate Order="379" X="38078.3" Y="65138.4" />
				<Coordinate Order="380" X="38022.9" Y="65191.7" />
				<Coordinate Order="381" X="37951.1" Y="65148.7" />
				<Coordinate Order="382" X="37867" Y="65140.5" />
				<Coordinate Order="383" X="37791.1" Y="65177.4" />
				<Coordinate Order="384" X="37723.4" Y="65230.7" />
				<Coordinate Order="385" X="37657.7" Y="65284.1" />
				<Coordinate Order="386" X="37606.4" Y="65353.8" />
				<Coordinate Order="387" X="37588" Y="65433.8" />
				<Coordinate Order="388" X="37588" Y="65517.9" />
				<Coordinate Order="389" X="37526.4" Y="65585.6" />
				<Coordinate Order="390" X="37446.4" Y="65622.5" />
				<Coordinate Order="391" X="37372.6" Y="65659.5" />
				<Coordinate Order="392" X="37288.5" Y="65665.6" />
				<Coordinate Order="393" X="37206.4" Y="65675.9" />
				<Coordinate Order="394" X="37126.4" Y="65698.4" />
				<Coordinate Order="395" X="37044.4" Y="65706.6" />
				<Coordinate Order="396" X="36962.3" Y="65690.2" />
				<Coordinate Order="397" X="36878.2" Y="65702.5" />
				<Coordinate Order="398" X="36790" Y="65721" />
				<Coordinate Order="399" X="36714.1" Y="65755.9" />
				<Coordinate Order="400" X="36638.2" Y="65788.7" />
				<Coordinate Order="401" X="36558.2" Y="65833.8" />
				<Coordinate Order="402" X="36484.3" Y="65879" />
				<Coordinate Order="403" X="36402.3" Y="65911.8" />
				<Coordinate Order="404" X="36324.3" Y="65946.7" />
				<Coordinate Order="405" X="36246.4" Y="65981.5" />
				<Coordinate Order="406" X="36174.6" Y="66022.6" />
				<Coordinate Order="407" X="36106.9" Y="66075.9" />
				<Coordinate Order="408" X="36028.9" Y="66104.6" />
				<Coordinate Order="409" X="35950.9" Y="66149.8" />
				<Coordinate Order="410" X="35870.9" Y="66172.3" />
				<Coordinate Order="411" X="35799.1" Y="66217.4" />
				<Coordinate Order="412" X="35743.8" Y="66281" />
				<Coordinate Order="413" X="35657.6" Y="66297.5" />
				<Coordinate Order="414" X="35598.1" Y="66354.9" />
				<Coordinate Order="415" X="35550.9" Y="66422.6" />
				<Coordinate Order="416" X="35495.5" Y="66484.1" />
				<Coordinate Order="417" X="35427.8" Y="66531.3" />
				<Coordinate Order="418" X="35360.1" Y="66580.5" />
				<Coordinate Order="419" X="35302.7" Y="66642.1" />
				<Coordinate Order="420" X="35249.4" Y="66705.7" />
				<Coordinate Order="421" X="35202.2" Y="66777.5" />
				<Coordinate Order="422" X="35167.3" Y="66861.6" />
				<Coordinate Order="423" X="35146.8" Y="66947.8" />
				<Coordinate Order="424" X="35140.6" Y="67038" />
				<Coordinate Order="425" X="35103.7" Y="67113.9" />
				<Coordinate Order="426" X="35048.3" Y="67175.5" />
				<Coordinate Order="427" X="34986.8" Y="67214.4" />
				<Coordinate Order="428" X="34929.3" Y="67154.9" />
				<Coordinate Order="429" X="34908.8" Y="67072.9" />
				<Coordinate Order="430" X="34904.7" Y="66990.8" />
				<Coordinate Order="431" X="34904.7" Y="66986.7" />
				<Coordinate Order="432" X="34974.5" Y="66878" />
				<Coordinate Order="433" X="34906.8" Y="66927.2" />
				<Coordinate Order="434" X="34841.1" Y="66978.5" />
				<Coordinate Order="435" X="34787.8" Y="67044.2" />
				<Coordinate Order="436" X="34740.6" Y="67111.9" />
				<Coordinate Order="437" X="34691.4" Y="67181.6" />
				<Coordinate Order="438" X="34638" Y="67228.8" />
				<Coordinate Order="439" X="34597" Y="67302.6" />
				<Coordinate Order="440" X="34537.5" Y="67362.1" />
				<Coordinate Order="441" X="34496.5" Y="67436" />
				<Coordinate Order="442" X="34463.7" Y="67513.9" />
				<Coordinate Order="443" X="34424.7" Y="67587.8" />
				<Coordinate Order="444" X="34422.6" Y="67676" />
				<Coordinate Order="445" X="34389.8" Y="67754" />
				<Coordinate Order="446" X="34352.9" Y="67836" />
				<Coordinate Order="447" X="34369.3" Y="67918.1" />
				<Coordinate Order="448" X="34365.2" Y="67969.4" />
				<Coordinate Order="449" X="34322.1" Y="68041.1" />
				<Coordinate Order="450" X="34281.1" Y="68117" />
				<Coordinate Order="451" X="34240.1" Y="68190.9" />
				<Coordinate Order="452" X="34209.3" Y="68270.9" />
				<Coordinate Order="453" X="34180.6" Y="68348.9" />
				<Coordinate Order="454" X="34158" Y="68428.9" />
				<Coordinate Order="455" X="34156" Y="68517.1" />
				<Coordinate Order="456" X="34125.2" Y="68595" />
				<Coordinate Order="457" X="34112.9" Y="68677.1" />
				<Coordinate Order="458" X="34084.2" Y="68755" />
				<Coordinate Order="459" X="34057.5" Y="68859.7" />
				<Coordinate Order="460" X="34037" Y="68941.7" />
				<Coordinate Order="461" X="33963.1" Y="68978.6" />
				<Coordinate Order="462" X="33971.3" Y="68999.2" />
				<Coordinate Order="463" X="33979.5" Y="69079.2" />
				<Coordinate Order="464" X="33961.1" Y="69159.2" />
				<Coordinate Order="465" X="33913.9" Y="69226.9" />
				<Coordinate Order="466" X="33858.5" Y="69288.4" />
				<Coordinate Order="467" X="33829.8" Y="69370.5" />
				<Coordinate Order="468" X="33788.8" Y="69448.4" />
				<Coordinate Order="469" X="33749.8" Y="69522.3" />
				<Coordinate Order="470" X="33692.3" Y="69585.9" />
				<Coordinate Order="471" X="33622.6" Y="69631" />
				<Coordinate Order="472" X="33565.2" Y="69708.9" />
				<Coordinate Order="473" X="33520" Y="69780.7" />
				<Coordinate Order="474" X="33485.2" Y="69856.6" />
				<Coordinate Order="475" X="33474.9" Y="69938.7" />
				<Coordinate Order="476" X="33495.4" Y="70020.8" />
				<Coordinate Order="477" X="33524.1" Y="70104.9" />
				<Coordinate Order="478" X="33557" Y="70180.8" />
				<Coordinate Order="479" X="33591.8" Y="70256.7" />
				<Coordinate Order="480" X="33624.7" Y="70334.6" />
				<Coordinate Order="481" X="33624.7" Y="70418.7" />
				<Coordinate Order="482" X="33663.6" Y="70492.6" />
				<Coordinate Order="483" X="33608.2" Y="70535.7" />
				<Coordinate Order="484" X="33571.3" Y="70609.5" />
				<Coordinate Order="485" X="33595.9" Y="70689.5" />
				<Coordinate Order="486" X="33637" Y="70767.5" />
				<Coordinate Order="487" X="33673.9" Y="70845.4" />
				<Coordinate Order="488" X="33714.9" Y="70917.2" />
				<Coordinate Order="489" X="33770.3" Y="70978.8" />
				<Coordinate Order="490" X="33766.2" Y="71062.9" />
				<Coordinate Order="491" X="33792.9" Y="71142.9" />
				<Coordinate Order="492" X="33844.2" Y="71208.5" />
				<Coordinate Order="493" X="33928.3" Y="71204.4" />
				<Coordinate Order="494" X="33954.9" Y="71124.4" />
				<Coordinate Order="495" X="33934.4" Y="71044.4" />
				<Coordinate Order="496" X="33940.6" Y="70960.3" />
				<Coordinate Order="497" X="34012.4" Y="71001.3" />
				<Coordinate Order="498" X="34037" Y="71081.3" />
				<Coordinate Order="499" X="34032.9" Y="71165.4" />
				<Coordinate Order="500" X="34016.5" Y="71247.5" />
				<Coordinate Order="501" X="33998" Y="71331.6" />
				<Coordinate Order="502" X="33971.3" Y="71395.2" />
				<Coordinate Order="503" X="33887.2" Y="71395.2" />
				<Coordinate Order="504" X="33823.6" Y="71452.6" />
				<Coordinate Order="505" X="33780.6" Y="71528.5" />
				<Coordinate Order="506" X="33774.4" Y="71612.6" />
				<Coordinate Order="507" X="33838" Y="71700.9" />
				<Coordinate Order="508" X="33874.9" Y="71774.7" />
				<Coordinate Order="509" X="33885.2" Y="71858.8" />
				<Coordinate Order="510" X="33903.6" Y="71942.9" />
				<Coordinate Order="511" X="33899.5" Y="72016.8" />
				<Coordinate Order="512" X="33883.1" Y="72102.9" />
				<Coordinate Order="513" X="33911.8" Y="72182.9" />
				<Coordinate Order="514" X="33950.8" Y="72260.9" />
				<Coordinate Order="515" X="33967.2" Y="72275.3" />
				<Coordinate Order="516" X="33885.2" Y="72287.6" />
				<Coordinate Order="517" X="33848.3" Y="72369.6" />
				<Coordinate Order="518" X="33856.5" Y="72455.8" />
				<Coordinate Order="519" X="33893.4" Y="72529.6" />
				<Coordinate Order="520" X="33913.9" Y="72613.7" />
				<Coordinate Order="521" X="33905.7" Y="72656.8" />
				<Coordinate Order="522" X="33827.7" Y="72702" />
				<Coordinate Order="523" X="33778.5" Y="72771.7" />
				<Coordinate Order="524" X="33776.5" Y="72853.8" />
				<Coordinate Order="525" X="33844.2" Y="72905" />
				<Coordinate Order="526" X="33928.3" Y="72898.9" />
				<Coordinate Order="527" X="33975.4" Y="72966.6" />
				<Coordinate Order="528" X="33936.5" Y="73040.4" />
				<Coordinate Order="529" X="33901.6" Y="73128.6" />
				<Coordinate Order="530" X="33819.5" Y="73112.2" />
				<Coordinate Order="531" X="33764.1" Y="73079.4" />
				<Coordinate Order="532" X="33770.3" Y="73163.5" />
				<Coordinate Order="533" X="33794.9" Y="73243.5" />
				<Coordinate Order="534" X="33803.1" Y="73331.7" />
				<Coordinate Order="535" X="33741.6" Y="73389.2" />
				<Coordinate Order="536" X="33661.6" Y="73364.6" />
				<Coordinate Order="537" X="33626.7" Y="73288.7" />
				<Coordinate Order="538" X="33643.1" Y="73372.8" />
				<Coordinate Order="539" X="33647.2" Y="73454.8" />
				<Coordinate Order="540" X="33616.4" Y="73532.8" />
				<Coordinate Order="541" X="33534.4" Y="73538.9" />
				<Coordinate Order="542" X="33456.4" Y="73510.2" />
				<Coordinate Order="543" X="33372.3" Y="73536.9" />
				<Coordinate Order="544" X="33290.3" Y="73530.7" />
				<Coordinate Order="545" X="33204.1" Y="73549.2" />
				<Coordinate Order="546" X="33120" Y="73549.2" />
				<Coordinate Order="547" X="33058.5" Y="73493.8" />
				<Coordinate Order="548" X="32978.5" Y="73475.3" />
				<Coordinate Order="549" X="32968.2" Y="73450.7" />
				<Coordinate Order="550" X="32931.3" Y="73376.9" />
				<Coordinate Order="551" X="32849.2" Y="73385.1" />
				<Coordinate Order="552" X="32767.2" Y="73376.9" />
				<Coordinate Order="553" X="32789.7" Y="73456.9" />
				<Coordinate Order="554" X="32767.2" Y="73538.9" />
				<Coordinate Order="555" X="32720" Y="73608.7" />
				<Coordinate Order="556" X="32691.3" Y="73692.8" />
				<Coordinate Order="557" X="32670.7" Y="73772.8" />
				<Coordinate Order="558" X="32621.5" Y="73840.5" />
				<Coordinate Order="559" X="32560" Y="73926.6" />
				<Coordinate Order="560" X="32494.3" Y="73961.5" />
				<Coordinate Order="561" X="32488.2" Y="73877.4" />
				<Coordinate Order="562" X="32488.2" Y="73789.2" />
				<Coordinate Order="563" X="32508.7" Y="73703" />
				<Coordinate Order="564" X="32529.2" Y="73623" />
				<Coordinate Order="565" X="32496.4" Y="73536.9" />
				<Coordinate Order="566" X="32414.3" Y="73561.5" />
				<Coordinate Order="567" X="32336.4" Y="73528.7" />
				<Coordinate Order="568" X="32293.3" Y="73456.9" />
				<Coordinate Order="569" X="32272.8" Y="73387.1" />
				<Coordinate Order="570" X="32227.6" Y="73313.3" />
				<Coordinate Order="571" X="32221.5" Y="73229.2" />
				<Coordinate Order="572" X="32196.9" Y="73149.2" />
				<Coordinate Order="573" X="32125.1" Y="73106.1" />
				<Coordinate Order="574" X="32043" Y="73069.1" />
			</Coordinates>
		</Annotation>
		<Annotation Name="Annotation 1" Type="Polygon" PartOfGroup="metastases" Color="#F4FA58">
			<Coordinates>
				<Coordinate Order="0" X="32444.9" Y="66408.3" />
				<Coordinate Order="1" X="32489.9" Y="66410.8" />
				<Coordinate Order="2" X="32542.3" Y="66398.3" />
				<Coordinate Order="3" X="32587.3" Y="66368.4" />
				<Coordinate Order="4" X="32639.7" Y="66360.9" />
				<Coordinate Order="5" X="32689.7" Y="66338.4" />
				<Coordinate Order="6" X="32695.9" Y="66288.4" />
				<Coordinate Order="7" X="32657.2" Y="66254.7" />
				<Coordinate Order="8" X="32618.5" Y="66222.3" />
				<Coordinate Order="9" X="32583.5" Y="66186" />
				<Coordinate Order="10" X="32554.8" Y="66143.6" />
				<Coordinate Order="11" X="32536.1" Y="66094.9" />
				<Coordinate Order="12" X="32498.6" Y="66059.9" />
				<Coordinate Order="13" X="32449.9" Y="66079.9" />
				<Coordinate Order="14" X="32434.9" Y="66133.6" />
				<Coordinate Order="15" X="32464.9" Y="66174.8" />
				<Coordinate Order="16" X="32494.8" Y="66194.8" />
				<Coordinate Order="17" X="32443.6" Y="66186" />
				<Coordinate Order="18" X="32394.9" Y="66198.5" />
				<Coordinate Order="19" X="32356.2" Y="66231" />
				<Coordinate Order="20" X="32318.8" Y="66268.5" />
				<Coordinate Order="21" X="32313.8" Y="66323.4" />
				<Coordinate Order="22" X="32321.3" Y="66373.4" />
				<Coordinate Order="23" X="32360" Y="66405.8" />
				<Coordinate Order="24" X="32407.4" Y="66424.6" />
			</Coordinates>
		</Annotation>
		<Annotation Name="Annotation 2" Type="Polygon" PartOfGroup="metastases" Color="#F4FA58">
			<Coordinates>
				<Coordinate Order="0" X="32287.6" Y="66310.9" />
				<Coordinate Order="1" X="32281.3" Y="66261" />
				<Coordinate Order="2" X="32241.3" Y="66229.8" />
				<Coordinate Order="3" X="32191.4" Y="66226" />
				<Coordinate Order="4" X="32145.2" Y="66246" />
				<Coordinate Order="5" X="32135.2" Y="66298.4" />
				<Coordinate Order="6" X="32146.4" Y="66347.1" />
				<Coordinate Order="7" X="32145.2" Y="66397.1" />
				<Coordinate Order="8" X="32180.2" Y="66434.6" />
				<Coordinate Order="9" X="32232.6" Y="66420.8" />
				<Coordinate Order="10" X="32261.3" Y="66387.1" />
				<Coordinate Order="11" X="32278.8" Y="66347.1" />
			</Coordinates>
		</Annotation>
		<Annotation Name="Annotation 3" Type="Polygon" PartOfGroup="metastases" Color="#F4FA58">
			<Coordinates>
				<Coordinate Order="0" X="31607.8" Y="67493.3" />
				<Coordinate Order="1" X="31612.6" Y="67532.2" />
				<Coordinate Order="2" X="31633.5" Y="67539.8" />
				<Coordinate Order="3" X="31660" Y="67511.4" />
				<Coordinate Order="4" X="31665.7" Y="67460.1" />
				<Coordinate Order="5" X="31646.8" Y="67448.7" />
				<Coordinate Order="6" X="31621.1" Y="67468.7" />
			</Coordinates>
		</Annotation>
		<Annotation Name="Annotation 4" Type="Polygon" PartOfGroup="metastases" Color="#F4FA58">
			<Coordinates>
				<Coordinate Order="0" X="38886.3" Y="64742.2" />
				<Coordinate Order="1" X="38938.2" Y="64709.1" />
				<Coordinate Order="2" X="38990" Y="64681.7" />
				<Coordinate Order="3" X="39053.5" Y="64663" />
				<Coordinate Order="4" X="39112.6" Y="64664.4" />
				<Coordinate Order="5" X="39155.8" Y="64704.8" />
				<Coordinate Order="6" X="39164.4" Y="64763.9" />
				<Coordinate Order="7" X="39122.6" Y="64804.2" />
				<Coordinate Order="8" X="39067.9" Y="64824.4" />
				<Coordinate Order="9" X="39010.2" Y="64833" />
				<Coordinate Order="10" X="38954" Y="64846" />
				<Coordinate Order="11" X="38897.8" Y="64830.2" />
				<Coordinate Order="12" X="38866.1" Y="64797" />
			</Coordinates>
		</Annotation>
		<Annotation Name="Annotation 5" Type="Polygon" PartOfGroup="metastases" Color="#F4FA58">
			<Coordinates>
				<Coordinate Order="0" X="38473.1" Y="65210.4" />
				<Coordinate Order="1" X="38469.9" Y="65167.3" />
				<Coordinate Order="2" X="38505.5" Y="65142.5" />
				<Coordinate Order="3" X="38542.1" Y="65118.7" />
				<Coordinate Order="4" X="38586.3" Y="65102.6" />
				<Coordinate Order="5" X="38621.9" Y="65127.4" />
				<Coordinate Order="6" X="38619.7" Y="65141.4" />
				<Coordinate Order="7" X="38663.9" Y="65131.7" />
				<Coordinate Order="8" X="38692" Y="65169.4" />
				<Coordinate Order="9" X="38670.4" Y="65207.1" />
				<Coordinate Order="10" X="38631.6" Y="65226.5" />
				<Coordinate Order="11" X="38624.1" Y="65269.7" />
				<Coordinate Order="12" X="38621.9" Y="65304.2" />
				<Coordinate Order="13" X="38601.4" Y="65286.9" />
				<Coordinate Order="14" X="38572.3" Y="65254.6" />
				<Coordinate Order="15" X="38530.3" Y="65241.6" />
				<Coordinate Order="16" X="38490.4" Y="65238.4" />
			</Coordinates>
		</Annotation>
		<Annotation Name="Annotation 6" Type="Polygon" PartOfGroup="metastases" Color="#F4FA58">
			<Coordinates>
				<Coordinate Order="0" X="33744.6" Y="69779.3" />
				<Coordinate Order="1" X="33749.2" Y="69845.1" />
				<Coordinate Order="2" X="33755.7" Y="69883.9" />
				<Coordinate Order="3" X="33760.3" Y="69921.9" />
				<Coordinate Order="4" X="33753.9" Y="69960.8" />
				<Coordinate Order="5" X="33758.5" Y="69999.7" />
				<Coordinate Order="6" X="33766.8" Y="70031.1" />
				<Coordinate Order="7" X="33787.2" Y="70029.3" />
				<Coordinate Order="8" X="33806.6" Y="69996" />
				<Coordinate Order="9" X="33801.1" Y="69955.2" />
				<Coordinate Order="10" X="33804.8" Y="69917.3" />
				<Coordinate Order="11" X="33811.3" Y="69817.3" />
				<Coordinate Order="12" X="33805.7" Y="69691.4" />
				<Coordinate Order="13" X="33793.7" Y="69664.6" />
				<Coordinate Order="14" X="33756.6" Y="69661.8" />
				<Coordinate Order="15" X="33752.9" Y="69663.6" />
				<Coordinate Order="16" X="33746.5" Y="69684.9" />
				<Coordinate Order="17" X="33745.5" Y="69704.4" />
				<Coordinate Order="18" X="33737.2" Y="69746" />
			</Coordinates>
		</Annotation>
		<Annotation Name="Annotation 7" Type="Polygon" PartOfGroup="metastases" Color="#F4FA58">
			<Coordinates>
				<Coordinate Order="0" X="90484.3" Y="30020.9" />
				<Coordinate Order="1" X="90452.1" Y="30192.1" />
				<Coordinate Order="2" X="90423.2" Y="30272.8" />
				<Coordinate Order="3" X="90396.3" Y="30357.7" />
				<Coordinate Order="4" X="90381.8" Y="30448.8" />
				<Coordinate Order="5" X="90373.5" Y="30537.8" />
				<Coordinate Order="6" X="90342.4" Y="30618.6" />
				<Coordinate Order="7" X="90305.2" Y="30693.1" />
				<Coordinate Order="8" X="90257.6" Y="30777.9" />
				<Coordinate Order="9" X="90187.2" Y="30844.2" />
				<Coordinate Order="10" X="90112.6" Y="30881.5" />
				<Coordinate Order="11" X="90054.7" Y="30941.5" />
				<Coordinate Order="12" X="89996.7" Y="31001.5" />
				<Coordinate Order="13" X="89920.1" Y="31047.1" />
				<Coordinate Order="14" X="89893.2" Y="31049.1" />
				<Coordinate Order="15" X="89816.6" Y="31013.9" />
				<Coordinate Order="16" X="89771.1" Y="30935.3" />
				<Coordinate Order="17" X="89746.2" Y="30883.5" />
				<Coordinate Order="18" X="89709" Y="30958" />
				<Coordinate Order="19" X="89704.8" Y="31042.9" />
				<Coordinate Order="20" X="89700.7" Y="31125.7" />
				<Coordinate Order="21" X="89663.4" Y="31202.3" />
				<Coordinate Order="22" X="89599.3" Y="31258.2" />
				<Coordinate Order="23" X="89528.9" Y="31247.9" />
				<Coordinate Order="24" X="89504" Y="31208.5" />
				<Coordinate Order="25" X="89456.4" Y="31281" />
				<Coordinate Order="26" X="89413" Y="31353.4" />
				<Coordinate Order="27" X="89390.2" Y="31434.2" />
				<Coordinate Order="28" X="89408.8" Y="31517" />
				<Coordinate Order="29" X="89419.2" Y="31599.8" />
				<Coordinate Order="30" X="89402.6" Y="31649.5" />
				<Coordinate Order="31" X="89477.1" Y="31682.6" />
				<Coordinate Order="32" X="89510.3" Y="31601.8" />
				<Coordinate Order="33" X="89555.8" Y="31531.5" />
				<Coordinate Order="34" X="89617.9" Y="31539.7" />
				<Coordinate Order="35" X="89669.6" Y="31473.5" />
				<Coordinate Order="36" X="89694.5" Y="31390.7" />
				<Coordinate Order="37" X="89744.2" Y="31322.4" />
				<Coordinate Order="38" X="89818.7" Y="31283" />
				<Coordinate Order="39" X="89887" Y="31233.4" />
				<Coordinate Order="40" X="89955.3" Y="31183.7" />
				<Coordinate Order="41" X="90038.1" Y="31171.3" />
				<Coordinate Order="42" X="90040.2" Y="31254.1" />
				<Coordinate Order="43" X="89992.6" Y="31299.6" />
				<Coordinate Order="44" X="89963.6" Y="31378.3" />
				<Coordinate Order="45" X="89924.3" Y="31454.9" />
				<Coordinate Order="46" X="89872.5" Y="31523.2" />
				<Coordinate Order="47" X="89822.8" Y="31591.5" />
				<Coordinate Order="48" X="89752.5" Y="31641.2" />
				<Coordinate Order="49" X="89675.9" Y="31674.3" />
				<Coordinate Order="50" X="89648.9" Y="31682.6" />
				<Coordinate Order="51" X="89582.7" Y="31736.4" />
				<Coordinate Order="52" X="89518.5" Y="31790.2" />
				<Coordinate Order="53" X="89439.9" Y="31817.1" />
				<Coordinate Order="54" X="89276.3" Y="31885.4" />
				<Coordinate Order="55" X="89193.5" Y="31897.9" />
				<Coordinate Order="56" X="89181.1" Y="31815.1" />
				<Coordinate Order="57" X="89226.6" Y="31742.6" />
				<Coordinate Order="58" X="89253.6" Y="31661.9" />
				<Coordinate Order="59" X="89280.5" Y="31583.2" />
				<Coordinate Order="60" X="89315.7" Y="31506.6" />
				<Coordinate Order="61" X="89319.8" Y="31477.6" />
				<Coordinate Order="62" X="89261.8" Y="31413.5" />
				<Coordinate Order="63" X="89218.4" Y="31399" />
				<Coordinate Order="64" X="89139.7" Y="31365.8" />
				<Coordinate Order="65" X="89102.4" Y="31283" />
				<Coordinate Order="66" X="89154.2" Y="31216.8" />
				<Coordinate Order="67" X="89239.1" Y="31192" />
				<Coordinate Order="68" X="89319.8" Y="31171.3" />
				<Coordinate Order="69" X="89433.7" Y="31121.6" />
				<Coordinate Order="70" X="89491.6" Y="31061.5" />
				<Coordinate Order="71" X="89475.1" Y="30976.7" />
				<Coordinate Order="72" X="89456.4" Y="30895.9" />
				<Coordinate Order="73" X="89363.3" Y="30848.3" />
				<Coordinate Order="74" X="89284.6" Y="30819.3" />
				<Coordinate Order="75" X="89251.5" Y="30742.8" />
				<Coordinate Order="76" X="89303.2" Y="30676.5" />
				<Coordinate Order="77" X="89371.6" Y="30628.9" />
				<Coordinate Order="78" X="89404.7" Y="30552.3" />
				<Coordinate Order="79" X="89413" Y="30486.1" />
				<Coordinate Order="80" X="89334.3" Y="30442.6" />
				<Coordinate Order="81" X="89280.5" Y="30378.4" />
				<Coordinate Order="82" X="89278.4" Y="30378.4" />
				<Coordinate Order="83" X="89230.8" Y="30448.8" />
				<Coordinate Order="84" X="89197.7" Y="30531.6" />
				<Coordinate Order="85" X="89133.5" Y="30587.5" />
				<Coordinate Order="86" X="89061" Y="30542" />
				<Coordinate Order="87" X="89027.9" Y="30463.3" />
				<Coordinate Order="88" X="89027.9" Y="30376.4" />
				<Coordinate Order="89" X="89063.1" Y="30299.8" />
				<Coordinate Order="90" X="89135.6" Y="30258.4" />
				<Coordinate Order="91" X="89199.7" Y="30202.5" />
				<Coordinate Order="92" X="89208" Y="30119.7" />
				<Coordinate Order="93" X="89210.1" Y="30032.7" />
				<Coordinate Order="94" X="89212.2" Y="29972.7" />
				<Coordinate Order="95" X="89129.4" Y="29989.2" />
				<Coordinate Order="96" X="89061" Y="29939.6" />
				<Coordinate Order="97" X="88996.9" Y="29885.7" />
				<Coordinate Order="98" X="88945.1" Y="29819.5" />
				<Coordinate Order="99" X="88943" Y="29736.7" />
				<Coordinate Order="100" X="88970" Y="29656" />
				<Coordinate Order="101" X="89021.7" Y="29579.4" />
				<Coordinate Order="102" X="89025.9" Y="29494.5" />
				<Coordinate Order="103" X="89025.9" Y="29405.5" />
				<Coordinate Order="104" X="89079.7" Y="29341.3" />
				<Coordinate Order="105" X="89162.5" Y="29324.8" />
				<Coordinate Order="106" X="89245.3" Y="29293.7" />
				<Coordinate Order="107" X="89317.7" Y="29250.2" />
				<Coordinate Order="108" X="89402.6" Y="29215" />
				<Coordinate Order="109" X="89481.3" Y="29186.1" />
				<Coordinate Order="110" X="89499.9" Y="29099.1" />
				<Coordinate Order="111" X="89537.2" Y="29022.5" />
				<Coordinate Order="112" X="89599.3" Y="28964.6" />
				<Coordinate Order="113" X="89677.9" Y="28995.6" />
				<Coordinate Order="114" X="89665.5" Y="29078.4" />
				<Coordinate Order="115" X="89624.1" Y="29152.9" />
				<Coordinate Order="116" X="89576.5" Y="29223.3" />
				<Coordinate Order="117" X="89535.1" Y="29297.8" />
				<Coordinate Order="118" X="89514.4" Y="29384.8" />
				<Coordinate Order="119" X="89526.8" Y="29467.6" />
				<Coordinate Order="120" X="89557.9" Y="29546.3" />
				<Coordinate Order="121" X="89593.1" Y="29622.8" />
				<Coordinate Order="122" X="89593.1" Y="29622.8" />
				<Coordinate Order="123" X="89665.5" Y="29664.2" />
				<Coordinate Order="124" X="89731.8" Y="29720.1" />
				<Coordinate Order="125" X="89762.6" Y="29676.2" />
				<Coordinate Order="126" X="89762.6" Y="29547.6" />
				<Coordinate Order="127" X="89768.9" Y="29415.9" />
				<Coordinate Order="128" X="89819.1" Y="29296.7" />
				<Coordinate Order="129" X="89888.1" Y="29187" />
				<Coordinate Order="130" X="89991.6" Y="29114.8" />
				<Coordinate Order="131" X="90088.8" Y="29033.3" />
				<Coordinate Order="132" X="90208" Y="28989.4" />
				<Coordinate Order="133" X="90333.4" Y="28973.7" />
				<Coordinate Order="134" X="90449.5" Y="28917.2" />
				<Coordinate Order="135" X="90540.4" Y="28823.1" />
				<Coordinate Order="136" X="90625.1" Y="28729.1" />
				<Coordinate Order="137" X="90725.5" Y="28647.5" />
				<Coordinate Order="138" X="90839.4" Y="28553.9" />
				<Coordinate Order="139" X="90896.3" Y="28459.1" />
				<Coordinate Order="140" X="90964.1" Y="28367" />
				<Coordinate Order="141" X="91053.5" Y="28296.6" />
				<Coordinate Order="142" X="91148.3" Y="28234.2" />
				<Coordinate Order="143" X="91202.5" Y="28134" />
				<Coordinate Order="144" X="91237.7" Y="28031" />
				<Coordinate Order="145" X="91264.8" Y="27925.4" />
				<Coordinate Order="146" X="91221.4" Y="27808.9" />
				<Coordinate Order="147" X="91153.2" Y="27788.3" />
				<Coordinate Order="148" X="91129.8" Y="27857.1" />
				<Coordinate Order="149" X="91106.3" Y="27918.1" />
				<Coordinate Order="150" X="91078.1" Y="27977.6" />
				<Coordinate Order="151" X="91043.7" Y="28030.8" />
				<Coordinate Order="152" X="91014" Y="28073" />
				<Coordinate Order="153" X="90995.2" Y="28008.9" />
				<Coordinate Order="154" X="90984.3" Y="27946.3" />
				<Coordinate Order="155" X="91001.5" Y="27883.7" />
				<Coordinate Order="156" X="91028.1" Y="27825.8" />
				<Coordinate Order="157" X="91009.3" Y="27761.7" />
				<Coordinate Order="158" X="90960.8" Y="27717.9" />
				<Coordinate Order="159" X="90907.6" Y="27681.9" />
				<Coordinate Order="160" X="90849.7" Y="27655.3" />
				<Coordinate Order="161" X="90791.8" Y="27628.7" />
				<Coordinate Order="162" X="90724.5" Y="27620.9" />
				<Coordinate Order="163" X="90660.4" Y="27619.3" />
				<Coordinate Order="164" X="90597.8" Y="27603.7" />
				<Coordinate Order="165" X="90535.2" Y="27608.3" />
				<Coordinate Order="166" X="90488.3" Y="27653.7" />
				<Coordinate Order="167" X="90446" Y="27700.7" />
				<Coordinate Order="168" X="90399.1" Y="27746" />
				<Coordinate Order="169" X="90353.7" Y="27797.7" />
				<Coordinate Order="170" X="90297.4" Y="27833.6" />
				<Coordinate Order="171" X="90239.5" Y="27858.7" />
				<Coordinate Order="172" X="90192.6" Y="27900.9" />
				<Coordinate Order="173" X="90166" Y="27958.8" />
				<Coordinate Order="174" X="90130" Y="28010.4" />
				<Coordinate Order="175" X="90089.3" Y="28058.9" />
				<Coordinate Order="176" X="90045.5" Y="28104.3" />
				<Coordinate Order="177" X="89981.4" Y="28121.5" />
				<Coordinate Order="178" X="89918.8" Y="28123.1" />
				<Coordinate Order="179" X="89864" Y="28154.4" />
				<Coordinate Order="180" X="89806.1" Y="28181" />
				<Coordinate Order="181" X="89738.9" Y="28232.6" />
				<Coordinate Order="182" X="89709.1" Y="28288.9" />
				<Coordinate Order="183" X="89666.9" Y="28337.4" />
				<Coordinate Order="184" X="89620" Y="28381.2" />
				<Coordinate Order="185" X="89568.3" Y="28411" />
				<Coordinate Order="186" X="89519.8" Y="28467.3" />
				<Coordinate Order="187" X="89504.2" Y="28537.7" />
				<Coordinate Order="188" X="89479.1" Y="28595.6" />
				<Coordinate Order="189" X="89487" Y="28659.7" />
				<Coordinate Order="190" X="89458.8" Y="28717.6" />
				<Coordinate Order="191" X="89421.3" Y="28769.3" />
				<Coordinate Order="192" X="89363.4" Y="28795.9" />
				<Coordinate Order="193" X="89278.9" Y="28788" />
				<Coordinate Order="194" X="89275.8" Y="28725.4" />
				<Coordinate Order="195" X="89283.6" Y="28658.2" />
				<Coordinate Order="196" X="89274.2" Y="28595.6" />
				<Coordinate Order="197" X="89213.2" Y="28579.9" />
				<Coordinate Order="198" X="89152.1" Y="28619.1" />
				<Coordinate Order="199" X="89099" Y="28655" />
				<Coordinate Order="200" X="89084.9" Y="28717.6" />
				<Coordinate Order="201" X="89105.2" Y="28795.9" />
				<Coordinate Order="202" X="89095.8" Y="28858.4" />
				<Coordinate Order="203" X="89114.6" Y="28919.5" />
				<Coordinate Order="204" X="89089.6" Y="28977.3" />
				<Coordinate Order="205" X="89061.4" Y="29033.7" />
				<Coordinate Order="206" X="89016" Y="29079" />
				<Coordinate Order="207" X="88991" Y="29088.4" />
				<Coordinate Order="208" X="88964.4" Y="29029" />
				<Coordinate Order="209" X="88931.5" Y="28972.6" />
				<Coordinate Order="210" X="88898.7" Y="28917.9" />
				<Coordinate Order="211" X="88842.4" Y="28886.6" />
				<Coordinate Order="212" X="88790.7" Y="28845.9" />
				<Coordinate Order="213" X="88766.3" Y="28769.9" />
				<Coordinate Order="214" X="88731.2" Y="28728.6" />
				<Coordinate Order="215" X="88691.9" Y="28803" />
				<Coordinate Order="216" X="88619.6" Y="28846.4" />
				<Coordinate Order="217" X="88543.2" Y="28813.3" />
				<Coordinate Order="218" X="88539" Y="28728.6" />
				<Coordinate Order="219" X="88561.8" Y="28648" />
				<Coordinate Order="220" X="88479.1" Y="28633.6" />
				<Coordinate Order="221" X="88415.1" Y="28697.6" />
				<Coordinate Order="222" X="88349" Y="28753.4" />
				<Coordinate Order="223" X="88297.3" Y="28821.6" />
				<Coordinate Order="224" X="88241.5" Y="28883.6" />
				<Coordinate Order="225" X="88186.4" Y="28956.7" />
				<Coordinate Order="226" X="88122.1" Y="28984.5" />
				<Coordinate Order="227" X="88052.5" Y="28979.3" />
				<Coordinate Order="228" X="87995.1" Y="29021.1" />
				<Coordinate Order="229" X="87939.5" Y="29071.5" />
				<Coordinate Order="230" X="87890.8" Y="29121.9" />
				<Coordinate Order="231" X="87857.8" Y="29186.2" />
				<Coordinate Order="232" X="87836.9" Y="29259.3" />
				<Coordinate Order="233" X="87805.6" Y="29321.9" />
				<Coordinate Order="234" X="87767.4" Y="29381" />
				<Coordinate Order="235" X="87725.6" Y="29438.3" />
				<Coordinate Order="236" X="87647.4" Y="29457.5" />
				<Coordinate Order="237" X="87586.5" Y="29492.3" />
				<Coordinate Order="238" X="87527.4" Y="29530.5" />
				<Coordinate Order="239" X="87475.3" Y="29481.8" />
				<Coordinate Order="240" X="87483.9" Y="29412.3" />
				<Coordinate Order="241" X="87525.7" Y="29353.2" />
				<Coordinate Order="242" X="87565.7" Y="29292.3" />
				<Coordinate Order="243" X="87591.7" Y="29226.2" />
				<Coordinate Order="244" X="87595.2" Y="29154.9" />
				<Coordinate Order="245" X="87626.5" Y="29092.3" />
				<Coordinate Order="246" X="87670" Y="29035" />
				<Coordinate Order="247" X="87727.4" Y="28995" />
				<Coordinate Order="248" X="87781.3" Y="28949.8" />
				<Coordinate Order="249" X="87847.3" Y="28927.2" />
				<Coordinate Order="250" X="87882.1" Y="28861.1" />
				<Coordinate Order="251" X="87904.7" Y="28795" />
				<Coordinate Order="252" X="87973.4" Y="28601.2" />
				<Coordinate Order="253" X="87850.9" Y="28560.4" />
				<Coordinate Order="254" X="87759.9" Y="28648.3" />
				<Coordinate Order="255" X="87650" Y="28736.3" />
				<Coordinate Order="256" X="87549.5" Y="28821" />
				<Coordinate Order="257" X="87445.9" Y="28893.2" />
				<Coordinate Order="258" X="87314" Y="28902.7" />
				<Coordinate Order="259" X="87288.9" Y="28777.1" />
				<Coordinate Order="260" X="87367.4" Y="28673.5" />
				<Coordinate Order="261" X="87461.6" Y="28582.4" />
				<Coordinate Order="262" X="87562.1" Y="28503.9" />
				<Coordinate Order="263" X="87596.6" Y="28378.3" />
				<Coordinate Order="264" X="87706.5" Y="28309.2" />
				<Coordinate Order="265" X="87769.3" Y="28199.3" />
				<Coordinate Order="266" X="87825.8" Y="28086.3" />
				<Coordinate Order="267" X="87844.6" Y="27954.4" />
				<Coordinate Order="268" X="87894.9" Y="27835.1" />
				<Coordinate Order="269" X="87954.5" Y="27722.1" />
				<Coordinate Order="270" X="88023.6" Y="27609" />
				<Coordinate Order="271" X="88073.9" Y="27480.3" />
				<Coordinate Order="272" X="88139.8" Y="27370.4" />
				<Coordinate Order="273" X="88208.9" Y="27260.5" />
				<Coordinate Order="274" X="88237.2" Y="27216.3" />
				<Coordinate Order="275" X="88289.3" Y="27127" />
				<Coordinate Order="276" X="88329" Y="27025.4" />
				<Coordinate Order="277" X="88390.9" Y="26938.7" />
				<Coordinate Order="278" X="88470.2" Y="26842" />
				<Coordinate Order="279" X="88554.5" Y="26747.8" />
				<Coordinate Order="280" X="88591.7" Y="26653.6" />
				<Coordinate Order="281" X="88646.2" Y="26561.9" />
				<Coordinate Order="282" X="88728" Y="26504.9" />
				<Coordinate Order="283" X="88814.8" Y="26452.8" />
				<Coordinate Order="284" X="88886.7" Y="26361.1" />
				<Coordinate Order="285" X="88941.2" Y="26266.9" />
				<Coordinate Order="286" X="88995.7" Y="26177.7" />
				<Coordinate Order="287" X="89060.2" Y="26100.9" />
				<Coordinate Order="288" X="89117.2" Y="26029" />
				<Coordinate Order="289" X="89194" Y="25964.5" />
				<Coordinate Order="290" X="89275.8" Y="25907.5" />
				<Coordinate Order="291" X="89367.5" Y="25867.9" />
				<Coordinate Order="292" X="89461.7" Y="25828.2" />
				<Coordinate Order="293" X="89563.4" Y="25808.4" />
				<Coordinate Order="294" X="89625.3" Y="25724.1" />
				<Coordinate Order="295" X="89684.8" Y="25634.9" />
				<Coordinate Order="296" X="89776.5" Y="25587.8" />
				<Coordinate Order="297" X="89870.7" Y="25550.6" />
				<Coordinate Order="298" X="89972.3" Y="25538.2" />
				<Coordinate Order="299" X="90064.1" Y="25488.6" />
				<Coordinate Order="300" X="90158.3" Y="25451.4" />
				<Coordinate Order="301" X="90252.4" Y="25414.3" />
				<Coordinate Order="302" X="90351.6" Y="25419.2" />
				<Coordinate Order="303" X="90443.3" Y="25473.7" />
				<Coordinate Order="304" X="90522.6" Y="25550.6" />
				<Coordinate Order="305" X="90572.2" Y="25644.8" />
				<Coordinate Order="306" X="90619.3" Y="25734" />
				<Coordinate Order="307" X="90686.2" Y="25808.4" />
				<Coordinate Order="308" X="90785.4" Y="25825.7" />
				<Coordinate Order="309" X="90889.5" Y="25828.2" />
				<Coordinate Order="310" X="90983.7" Y="25776.1" />
				<Coordinate Order="311" X="91028.3" Y="25686.9" />
				<Coordinate Order="312" X="91060.5" Y="25582.8" />
				<Coordinate Order="313" X="91038.2" Y="25478.7" />
				<Coordinate Order="314" X="90981.2" Y="25391.9" />
				<Coordinate Order="315" X="90899.4" Y="25334.9" />
				<Coordinate Order="316" X="90815.1" Y="25280.4" />
				<Coordinate Order="317" X="90859.7" Y="25129.2" />
				<Coordinate Order="318" X="90924.2" Y="25052.4" />
				<Coordinate Order="319" X="90998.5" Y="24985.4" />
				<Coordinate Order="320" X="91070.4" Y="24908.6" />
				<Coordinate Order="321" X="91184.4" Y="24826.8" />
				<Coordinate Order="322" X="91276.1" Y="24782.2" />
				<Coordinate Order="323" X="91370.3" Y="24750" />
				<Coordinate Order="324" X="91479.4" Y="24732.6" />
				<Coordinate Order="325" X="91578.5" Y="24697.9" />
				<Coordinate Order="326" X="91677.7" Y="24658.2" />
				<Coordinate Order="327" X="91806.6" Y="24628.5" />
				<Coordinate Order="328" X="91903.3" Y="24601.2" />
				<Coordinate Order="329" X="91992.5" Y="24556.6" />
				<Coordinate Order="330" X="92084.2" Y="24517" />
				<Coordinate Order="331" X="92195.8" Y="24497.1" />
				<Coordinate Order="332" X="92293.4" Y="24508.4" />
				<Coordinate Order="333" X="92339.8" Y="24596.7" />
				<Coordinate Order="334" X="92408.3" Y="24667.6" />
				<Coordinate Order="335" X="92387" Y="24764.5" />
				<Coordinate Order="336" X="92299.6" Y="24814.1" />
				<Coordinate Order="337" X="92351.6" Y="24906.2" />
				<Coordinate Order="338" X="92434.3" Y="24955.9" />
				<Coordinate Order="339" X="92450.8" Y="25050.4" />
				<Coordinate Order="340" X="92379.9" Y="25116.5" />
				<Coordinate Order="341" X="92239.9" Y="25000.1" />
				<Coordinate Order="342" X="92237.1" Y="24878.4" />
				<Coordinate Order="343" X="92160.6" Y="24801.9" />
				<Coordinate Order="344" X="92053" Y="24765.1" />
				<Coordinate Order="345" X="91939.8" Y="24753.8" />
				<Coordinate Order="346" X="91820.9" Y="24756.6" />
				<Coordinate Order="347" X="91719" Y="24810.4" />
				<Coordinate Order="348" X="91602.9" Y="24844.4" />
				<Coordinate Order="349" X="91506.6" Y="24909.5" />
				<Coordinate Order="350" X="91418.8" Y="24983.1" />
				<Coordinate Order="351" X="91314.1" Y="25028.4" />
				<Coordinate Order="352" X="91297.1" Y="25104.9" />
				<Coordinate Order="353" X="91257.5" Y="25212.4" />
				<Coordinate Order="354" X="91220.6" Y="25334.2" />
				<Coordinate Order="355" X="91215" Y="25450.3" />
				<Coordinate Order="356" X="91141.4" Y="25538" />
				<Coordinate Order="357" X="91101.7" Y="25648.5" />
				<Coordinate Order="358" X="91147" Y="25756.1" />
				<Coordinate Order="359" X="91237.6" Y="25826.8" />
				<Coordinate Order="360" X="91353.7" Y="25781.5" />
				<Coordinate Order="361" X="91455.6" Y="25727.7" />
				<Coordinate Order="362" X="91484" Y="25727.7" />
				<Coordinate Order="363" X="91421.7" Y="25824" />
				<Coordinate Order="364" X="91328.2" Y="25892" />
				<Coordinate Order="365" X="91280.1" Y="25996.7" />
				<Coordinate Order="366" X="91217.8" Y="26095.8" />
				<Coordinate Order="367" X="91110.2" Y="26132.6" />
				<Coordinate Order="368" X="90999.8" Y="26093" />
				<Coordinate Order="369" X="90863.9" Y="26064.7" />
				<Coordinate Order="370" X="90861.1" Y="26177.9" />
				<Coordinate Order="371" X="90892.2" Y="26288.3" />
				<Coordinate Order="372" X="90903.5" Y="26404.4" />
				<Coordinate Order="373" X="90846.9" Y="26503.5" />
				<Coordinate Order="374" X="90971.5" Y="26531.8" />
				<Coordinate Order="375" X="91079.1" Y="26478" />
				<Coordinate Order="376" X="91155.5" Y="26390.3" />
				<Coordinate Order="377" X="91237.6" Y="26299.7" />
				<Coordinate Order="378" X="91342.4" Y="26251.5" />
				<Coordinate Order="379" X="91458.5" Y="26268.5" />
				<Coordinate Order="380" X="91503.8" Y="26376.1" />
				<Coordinate Order="381" X="91441.5" Y="26475.2" />
				<Coordinate Order="382" X="91433" Y="26594.1" />
				<Coordinate Order="383" X="91478.3" Y="26698.9" />
				<Coordinate Order="384" X="91594.4" Y="26707.4" />
				<Coordinate Order="385" X="91670.8" Y="26619.6" />
				<Coordinate Order="386" X="91702" Y="26500.7" />
				<Coordinate Order="387" X="91659.5" Y="26404.4" />
				<Coordinate Order="388" X="91696.3" Y="26294" />
				<Coordinate Order="389" X="91815.2" Y="26260" />
				<Coordinate Order="390" X="91917.1" Y="26319.5" />
				<Coordinate Order="391" X="91979.4" Y="26427.1" />
				<Coordinate Order="392" X="91973.8" Y="26546" />
				<Coordinate Order="393" X="92067.2" Y="26616.8" />
				<Coordinate Order="394" X="92146.5" Y="26698.9" />
				<Coordinate Order="395" X="92152.1" Y="26730" />
				<Coordinate Order="396" X="92146.5" Y="26843.3" />
				<Coordinate Order="397" X="92081.4" Y="26936.7" />
				<Coordinate Order="398" X="92070" Y="27049.9" />
				<Coordinate Order="399" X="92101.2" Y="27174.5" />
				<Coordinate Order="400" X="92098.3" Y="27296.3" />
				<Coordinate Order="401" X="92084.2" Y="27358.6" />
				<Coordinate Order="402" X="92169.1" Y="27435" />
				<Coordinate Order="403" X="92279.5" Y="27466.1" />
				<Coordinate Order="404" X="92392.8" Y="27463.3" />
				<Coordinate Order="405" X="92480.6" Y="27551.1" />
				<Coordinate Order="406" X="92548.5" Y="27644.5" />
				<Coordinate Order="407" X="92605.1" Y="27749.3" />
				<Coordinate Order="408" X="92707.1" Y="27808.7" />
				<Coordinate Order="409" X="92820.3" Y="27794.6" />
				<Coordinate Order="410" X="92927.9" Y="27737.9" />
				<Coordinate Order="411" X="93004.4" Y="27647.3" />
				<Coordinate Order="412" X="93007.2" Y="27531.3" />
				<Coordinate Order="413" X="92970.4" Y="27423.7" />
				<Coordinate Order="414" X="92896.8" Y="27335.9" />
				<Coordinate Order="415" X="92806.2" Y="27265.1" />
				<Coordinate Order="416" X="92692.9" Y="27282.1" />
				<Coordinate Order="417" X="92585.3" Y="27239.6" />
				<Coordinate Order="418" X="92551.3" Y="27129.2" />
				<Coordinate Order="419" X="92622.1" Y="27038.6" />
				<Coordinate Order="420" X="92701.4" Y="26953.7" />
				<Coordinate Order="421" X="92670.3" Y="26837.6" />
				<Coordinate Order="422" X="92593.8" Y="26741.3" />
				<Coordinate Order="423" X="92571.2" Y="26625.3" />
				<Coordinate Order="424" X="92633.5" Y="26526.2" />
				<Coordinate Order="425" X="92746.7" Y="26509.2" />
				<Coordinate Order="426" X="92857.1" Y="26537.5" />
				<Coordinate Order="427" X="92933.6" Y="26622.4" />
				<Coordinate Order="428" X="92987.4" Y="26653.6" />
				<Coordinate Order="429" X="93103.4" Y="26628.1" />
				<Coordinate Order="430" X="93222.4" Y="26588.4" />
				<Coordinate Order="431" X="93329.9" Y="26630.9" />
				<Coordinate Order="432" X="93363.9" Y="26673.4" />
				<Coordinate Order="433" X="93423.4" Y="26574.3" />
				<Coordinate Order="434" X="93485.7" Y="26475.2" />
				<Coordinate Order="435" X="93474.3" Y="26361.9" />
				<Coordinate Order="436" X="93448.9" Y="26268.5" />
				<Coordinate Order="437" X="93491.3" Y="26158.1" />
				<Coordinate Order="438" X="93610.2" Y="26110" />
				<Coordinate Order="439" X="93723.5" Y="26115.6" />
				<Coordinate Order="440" X="93842.4" Y="26135.4" />
				<Coordinate Order="441" X="93873.5" Y="26245.9" />
				<Coordinate Order="442" X="93850.9" Y="26361.9" />
				<Coordinate Order="443" X="93777.3" Y="26449.7" />
				<Coordinate Order="444" X="93729.2" Y="26554.5" />
				<Coordinate Order="445" X="93649.9" Y="26645.1" />
				<Coordinate Order="446" X="93593.3" Y="26752.7" />
				<Coordinate Order="447" X="93607.4" Y="26877.2" />
				<Coordinate Order="448" X="93621.6" Y="26990.5" />
				<Coordinate Order="449" X="93618.7" Y="27103.7" />
				<Coordinate Order="450" X="93669.7" Y="27208.5" />
				<Coordinate Order="451" X="93700.8" Y="27318.9" />
				<Coordinate Order="452" X="93681" Y="27437.8" />
				<Coordinate Order="453" X="93615.9" Y="27531.3" />
				<Coordinate Order="454" X="93542.3" Y="27627.5" />
				<Coordinate Order="455" X="93477.2" Y="27689.8" />
				<Coordinate Order="456" X="93380.9" Y="27754.9" />
				<Coordinate Order="457" X="93270.5" Y="27814.4" />
				<Coordinate Order="458" X="93177.1" Y="27879.5" />
				<Coordinate Order="459" X="93109.1" Y="27972.9" />
				<Coordinate Order="460" X="93052.5" Y="28072" />
				<Coordinate Order="461" X="92953.4" Y="28151.3" />
				<Coordinate Order="462" X="92837.3" Y="28196.6" />
				<Coordinate Order="463" X="92775" Y="28292.9" />
				<Coordinate Order="464" X="92715.6" Y="28392" />
				<Coordinate Order="465" X="92605.1" Y="28417.4" />
				<Coordinate Order="466" X="92497.6" Y="28462.7" />
				<Coordinate Order="467" X="92404.1" Y="28533.5" />
				<Coordinate Order="468" X="92288" Y="28553.3" />
				<Coordinate Order="469" X="92262.6" Y="28556.2" />
				<Coordinate Order="470" X="92256.9" Y="28635.5" />
				<Coordinate Order="471" X="92166.3" Y="28717.6" />
				<Coordinate Order="472" X="92067.2" Y="28791.2" />
				<Coordinate Order="473" X="91962.4" Y="28856.3" />
				<Coordinate Order="474" X="91860.5" Y="28915.7" />
				<Coordinate Order="475" X="91764.3" Y="28978" />
				<Coordinate Order="476" X="91665.2" Y="29037.5" />
				<Coordinate Order="477" X="91560.4" Y="29082.8" />
				<Coordinate Order="478" X="91455.6" Y="29128.1" />
				<Coordinate Order="479" X="91359.4" Y="29190.4" />
				<Coordinate Order="480" X="91288.6" Y="29167.7" />
				<Coordinate Order="481" X="91217.8" Y="29102.6" />
				<Coordinate Order="482" X="91135.7" Y="29181.9" />
				<Coordinate Order="483" X="91096.1" Y="29289.5" />
				<Coordinate Order="484" X="91036.6" Y="29388.6" />
				<Coordinate Order="485" X="90948.9" Y="29462.2" />
				<Coordinate Order="486" X="90914.9" Y="29479.2" />
				<Coordinate Order="487" X="90866.7" Y="29586.8" />
				<Coordinate Order="488" X="90773.3" Y="29651.9" />
				<Coordinate Order="489" X="90716.7" Y="29810.4" />
				<Coordinate Order="490" X="90611.9" Y="29855.7" />
				<Coordinate Order="491" X="90535.5" Y="29940.7" />
			</Coordinates>
		</Annotation>
		<Annotation Name="Annotation 8" Type="Polygon" PartOfGroup="metastases" Color="#F4FA58">
			<Coordinates>
				<Coordinate Order="0" X="86883.6" Y="38409.7" />
				<Coordinate Order="1" X="86946.8" Y="38434.6" />
				<Coordinate Order="2" X="87015" Y="38466.2" />
				<Coordinate Order="3" X="87079.9" Y="38486.2" />
				<Coordinate Order="4" X="87154.7" Y="38499.5" />
				<Coordinate Order="5" X="87199.6" Y="38449.6" />
				<Coordinate Order="6" X="87204.6" Y="38383.1" />
				<Coordinate Order="7" X="87244.5" Y="38324.9" />
				<Coordinate Order="8" X="87314.4" Y="38338.2" />
				<Coordinate Order="9" X="87385.9" Y="38361.4" />
				<Coordinate Order="10" X="87447.4" Y="38389.7" />
				<Coordinate Order="11" X="87510.6" Y="38416.3" />
				<Coordinate Order="12" X="87572.1" Y="38447.9" />
				<Coordinate Order="13" X="87637" Y="38474.5" />
				<Coordinate Order="14" X="87693.5" Y="38511.1" />
				<Coordinate Order="15" X="87755" Y="38537.7" />
				<Coordinate Order="16" X="87823.2" Y="38564.3" />
				<Coordinate Order="17" X="87889.7" Y="38567.7" />
				<Coordinate Order="18" X="87961.3" Y="38581" />
				<Coordinate Order="19" X="88029.4" Y="38594.3" />
				<Coordinate Order="20" X="88096" Y="38605.9" />
				<Coordinate Order="21" X="88155.8" Y="38634.2" />
				<Coordinate Order="22" X="88214" Y="38669.1" />
				<Coordinate Order="23" X="88280.5" Y="38655.8" />
				<Coordinate Order="24" X="88345.4" Y="38632.5" />
				<Coordinate Order="25" X="88411.9" Y="38635.8" />
				<Coordinate Order="26" X="88475.1" Y="38665.8" />
				<Coordinate Order="27" X="88525" Y="38714" />
				<Coordinate Order="28" X="88554.9" Y="38775.5" />
				<Coordinate Order="29" X="88606.5" Y="38822.1" />
				<Coordinate Order="30" X="88640" Y="38836.7" />
				<Coordinate Order="31" X="88700.5" Y="38808.1" />
				<Coordinate Order="32" X="88679.9" Y="38747.6" />
				<Coordinate Order="33" X="88644.8" Y="38693.4" />
				<Coordinate Order="34" X="88619.4" Y="38626.6" />
				<Coordinate Order="35" X="88603.4" Y="38562.9" />
				<Coordinate Order="36" X="88611.4" Y="38497.6" />
				<Coordinate Order="37" X="88620.9" Y="38433.9" />
				<Coordinate Order="38" X="88614.6" Y="38363.9" />
				<Coordinate Order="39" X="88617.8" Y="38332" />
				<Coordinate Order="40" X="88622.5" Y="38268.4" />
				<Coordinate Order="41" X="88617.8" Y="38204.7" />
				<Coordinate Order="42" X="88560.4" Y="38174.4" />
				<Coordinate Order="43" X="88539.7" Y="38104.4" />
				<Coordinate Order="44" X="88538.1" Y="38040.7" />
				<Coordinate Order="45" X="88484" Y="38002.5" />
				<Coordinate Order="46" X="88421.9" Y="38024.8" />
				<Coordinate Order="47" X="88372.6" Y="38066.2" />
				<Coordinate Order="48" X="88315.3" Y="38098" />
				<Coordinate Order="49" X="88261.1" Y="38133" />
				<Coordinate Order="50" X="88216.5" Y="38179.2" />
				<Coordinate Order="51" X="88184.7" Y="38234.9" />
				<Coordinate Order="52" X="88170.4" Y="38300.2" />
				<Coordinate Order="53" X="88146.5" Y="38360.7" />
				<Coordinate Order="54" X="88100.3" Y="38405.3" />
				<Coordinate Order="55" X="88035" Y="38403.7" />
				<Coordinate Order="56" X="87969.8" Y="38405.3" />
				<Coordinate Order="57" X="87904.5" Y="38418" />
				<Coordinate Order="58" X="87839.2" Y="38389.4" />
				<Coordinate Order="59" X="87775.5" Y="38370.2" />
				<Coordinate Order="60" X="87723" Y="38330.4" />
				<Coordinate Order="61" X="87664.1" Y="38301.8" />
				<Coordinate Order="62" X="87608.4" Y="38268.4" />
				<Coordinate Order="63" X="87554.2" Y="38231.7" />
				<Coordinate Order="64" X="87496.9" Y="38196.7" />
				<Coordinate Order="65" X="87447.5" Y="38155.3" />
				<Coordinate Order="66" X="87451.6" Y="38146.4" />
				<Coordinate Order="67" X="87388.3" Y="38113.9" />
				<Coordinate Order="68" X="87325" Y="38144.7" />
				<Coordinate Order="69" X="87261.6" Y="38172" />
				<Coordinate Order="70" X="87194.9" Y="38148.1" />
				<Coordinate Order="71" X="87138.4" Y="38108.7" />
				<Coordinate Order="72" X="87080.3" Y="38067.7" />
				<Coordinate Order="73" X="87030.6" Y="38012.9" />
				<Coordinate Order="74" X="86984.4" Y="37961.6" />
				<Coordinate Order="75" X="86960.5" Y="37934.2" />
				<Coordinate Order="76" X="86984.4" Y="37865.7" />
				<Coordinate Order="77" X="86993" Y="37792.2" />
				<Coordinate Order="78" X="87005" Y="37771.6" />
				<Coordinate Order="79" X="87075.1" Y="37800.7" />
				<Coordinate Order="80" X="87145.3" Y="37812.7" />
				<Coordinate Order="81" X="87213.7" Y="37804.1" />
				<Coordinate Order="82" X="87280.5" Y="37787" />
				<Coordinate Order="83" X="87348.9" Y="37775" />
				<Coordinate Order="84" X="87422.5" Y="37771.6" />
				<Coordinate Order="85" X="87489.2" Y="37790.4" />
				<Coordinate Order="86" X="87557.7" Y="37811" />
				<Coordinate Order="87" X="87624.4" Y="37826.4" />
				<Coordinate Order="88" X="87694.6" Y="37799" />
				<Coordinate Order="89" X="87757.9" Y="37780.2" />
				<Coordinate Order="90" X="87807.5" Y="37819.5" />
				<Coordinate Order="91" X="87745.9" Y="37850.3" />
				<Coordinate Order="92" X="87686" Y="37886.3" />
				<Coordinate Order="93" X="87689.4" Y="37956.4" />
				<Coordinate Order="94" X="87735.6" Y="38007.8" />
				<Coordinate Order="95" X="87804.1" Y="38012.9" />
				<Coordinate Order="96" X="87865.7" Y="37982.1" />
				<Coordinate Order="97" X="87903.3" Y="37922.2" />
				<Coordinate Order="98" X="87929" Y="37857.2" />
				<Coordinate Order="99" X="88006" Y="37846.9" />
				<Coordinate Order="100" X="88071" Y="37872.6" />
				<Coordinate Order="101" X="88139.5" Y="37882.9" />
				<Coordinate Order="102" X="88202.8" Y="37855.5" />
				<Coordinate Order="103" X="88273" Y="37819.5" />
				<Coordinate Order="104" X="88331.1" Y="37781.9" />
				<Coordinate Order="105" X="88389.3" Y="37742.5" />
				<Coordinate Order="106" X="88456.1" Y="37722" />
				<Coordinate Order="107" X="88524.5" Y="37734" />
				<Coordinate Order="108" X="88596.4" Y="37749.4" />
				<Coordinate Order="109" X="88666.5" Y="37764.8" />
				<Coordinate Order="110" X="88728.1" Y="37744.2" />
				<Coordinate Order="111" X="88794.9" Y="37713.4" />
				<Coordinate Order="112" X="88865" Y="37708.3" />
				<Coordinate Order="113" X="88931.8" Y="37728.8" />
				<Coordinate Order="114" X="89001.9" Y="37752.8" />
				<Coordinate Order="115" X="89070.4" Y="37769.9" />
				<Coordinate Order="116" X="89138.8" Y="37756.2" />
				<Coordinate Order="117" X="89188.5" Y="37708.3" />
				<Coordinate Order="118" X="89260.3" Y="37699.8" />
				<Coordinate Order="119" X="89325.4" Y="37722" />
				<Coordinate Order="120" X="89364.7" Y="37723.7" />
				<Coordinate Order="121" X="89383.5" Y="37657" />
				<Coordinate Order="122" X="89337.3" Y="37602.2" />
				<Coordinate Order="123" X="89268.9" Y="37581.7" />
				<Coordinate Order="124" X="89198.7" Y="37552.6" />
				<Coordinate Order="125" X="89133.7" Y="37580" />
				<Coordinate Order="126" X="89070.4" Y="37614.2" />
				<Coordinate Order="127" X="88998.5" Y="37607.3" />
				<Coordinate Order="128" X="88931.8" Y="37622.7" />
				<Coordinate Order="129" X="88858.2" Y="37641.6" />
				<Coordinate Order="130" X="88791.5" Y="37621" />
				<Coordinate Order="131" X="88726.4" Y="37597.1" />
				<Coordinate Order="132" X="88656.3" Y="37578.3" />
				<Coordinate Order="133" X="88591.3" Y="37556" />
				<Coordinate Order="134" X="88618.6" Y="37489.3" />
				<Coordinate Order="135" X="88678.5" Y="37448.2" />
				<Coordinate Order="136" X="88729.9" Y="37400.3" />
				<Coordinate Order="137" X="88745.3" Y="37333.6" />
				<Coordinate Order="138" X="88729.9" Y="37266.8" />
				<Coordinate Order="139" X="88668.3" Y="37236" />
				<Coordinate Order="140" X="88598.1" Y="37227.5" />
				<Coordinate Order="141" X="88533.1" Y="37249.7" />
				<Coordinate Order="142" X="88478.3" Y="37292.5" />
				<Coordinate Order="143" X="88456.1" Y="37357.5" />
				<Coordinate Order="144" X="88440.7" Y="37424.2" />
				<Coordinate Order="145" X="88373.9" Y="37403.7" />
				<Coordinate Order="146" X="88368.8" Y="37335.3" />
				<Coordinate Order="147" X="88353.4" Y="37263.4" />
				<Coordinate Order="148" X="88303.8" Y="37215.5" />
				<Coordinate Order="149" X="88255.9" Y="37164.1" />
				<Coordinate Order="150" X="88233.6" Y="37095.7" />
				<Coordinate Order="151" X="88247.3" Y="37025.5" />
				<Coordinate Order="152" X="88315.7" Y="37039.2" />
				<Coordinate Order="153" X="88380.8" Y="37066.6" />
				<Coordinate Order="154" X="88452.6" Y="37078.6" />
				<Coordinate Order="155" X="88522.8" Y="37063.2" />
				<Coordinate Order="156" X="88591.3" Y="37044.4" />
				<Coordinate Order="157" X="88656.3" Y="37070" />
				<Coordinate Order="158" X="88700.8" Y="37128.2" />
				<Coordinate Order="159" X="88717.9" Y="37194.9" />
				<Coordinate Order="160" X="88776.1" Y="37241.1" />
				<Coordinate Order="161" X="88837.7" Y="37208.6" />
				<Coordinate Order="162" X="88904.4" Y="37181.3" />
				<Coordinate Order="163" X="88974.6" Y="37193.2" />
				<Coordinate Order="164" X="89043" Y="37176.1" />
				<Coordinate Order="165" X="89120" Y="37184.7" />
				<Coordinate Order="166" X="89159.4" Y="37126.5" />
				<Coordinate Order="167" X="89109.8" Y="37078.6" />
				<Coordinate Order="168" X="89041.3" Y="37063.2" />
				<Coordinate Order="169" X="89097.8" Y="37034.1" />
				<Coordinate Order="170" X="89132" Y="36977.6" />
				<Coordinate Order="171" X="89072.1" Y="36941.7" />
				<Coordinate Order="172" X="89003.7" Y="36957.1" />
				<Coordinate Order="173" X="88935.2" Y="36970.8" />
				<Coordinate Order="174" X="88866.8" Y="36967.4" />
				<Coordinate Order="175" X="88817.1" Y="36919.4" />
				<Coordinate Order="176" X="88786.3" Y="36890.3" />
				<Coordinate Order="177" X="88735" Y="36844.1" />
				<Coordinate Order="178" X="88666.5" Y="36857.8" />
				<Coordinate Order="179" X="88601.5" Y="36825.3" />
				<Coordinate Order="180" X="88538.2" Y="36796.2" />
				<Coordinate Order="181" X="88553.6" Y="36727.8" />
				<Coordinate Order="182" X="88529.6" Y="36662.8" />
				<Coordinate Order="183" X="88490.3" Y="36604.6" />
				<Coordinate Order="184" X="88450.9" Y="36548.1" />
				<Coordinate Order="185" X="88435.5" Y="36476.2" />
				<Coordinate Order="186" X="88427" Y="36402.7" />
				<Coordinate Order="187" X="88372.2" Y="36358.2" />
				<Coordinate Order="188" X="88303.8" Y="36329.1" />
				<Coordinate Order="189" X="88243.9" Y="36288" />
				<Coordinate Order="190" X="88190.8" Y="36257.2" />
				<Coordinate Order="191" X="88134.4" Y="36205.9" />
				<Coordinate Order="192" X="88071" Y="36168.2" />
				<Coordinate Order="193" X="88018" Y="36123.7" />
				<Coordinate Order="194" X="87976.9" Y="36065.5" />
				<Coordinate Order="195" X="87932.4" Y="36002.2" />
				<Coordinate Order="196" X="87891.4" Y="35945.8" />
				<Coordinate Order="197" X="87886.2" Y="35877.3" />
				<Coordinate Order="198" X="87946.1" Y="35839.7" />
				<Coordinate Order="199" X="88012.9" Y="35856.8" />
				<Coordinate Order="200" X="88072.8" Y="35894.4" />
				<Coordinate Order="201" X="88129.2" Y="35935.5" />
				<Coordinate Order="202" X="88199.4" Y="35937.2" />
				<Coordinate Order="203" X="88313.8" Y="35971.5" />
				<Coordinate Order="204" X="88349.1" Y="36005.6" />
				<Coordinate Order="205" X="88397.7" Y="35998.3" />
				<Coordinate Order="206" X="88435.4" Y="35966.7" />
				<Coordinate Order="207" X="88485.3" Y="35954.5" />
				<Coordinate Order="208" X="88530.3" Y="35978.8" />
				<Coordinate Order="209" X="88559.5" Y="36021.4" />
				<Coordinate Order="210" X="88596" Y="36054.3" />
				<Coordinate Order="211" X="88639.8" Y="36078.6" />
				<Coordinate Order="212" X="88676.3" Y="36112.7" />
				<Coordinate Order="213" X="88688.5" Y="36160.1" />
				<Coordinate Order="214" X="88688.5" Y="36210" />
				<Coordinate Order="215" X="88684.9" Y="36263.5" />
				<Coordinate Order="216" X="88706.8" Y="36311" />
				<Coordinate Order="217" X="88744.5" Y="36342.6" />
				<Coordinate Order="218" X="88776.1" Y="36380.3" />
				<Coordinate Order="219" X="88790.7" Y="36429" />
				<Coordinate Order="220" X="88823.5" Y="36465.5" />
				<Coordinate Order="221" X="88868.6" Y="36488.6" />
				<Coordinate Order="222" X="88912.4" Y="36511.7" />
				<Coordinate Order="223" X="88925.7" Y="36509.3" />
				<Coordinate Order="224" X="88973.2" Y="36520.2" />
				<Coordinate Order="225" X="89017" Y="36547" />
				<Coordinate Order="226" X="89066.9" Y="36562.8" />
				<Coordinate Order="227" X="89114.3" Y="36582.3" />
				<Coordinate Order="228" X="89154.5" Y="36611.5" />
				<Coordinate Order="229" X="89195.8" Y="36638.2" />
				<Coordinate Order="230" X="89238.4" Y="36662.6" />
				<Coordinate Order="231" X="89287.1" Y="36676" />
				<Coordinate Order="232" X="89335.7" Y="36668.7" />
				<Coordinate Order="233" X="89369.8" Y="36633.4" />
				<Coordinate Order="234" X="89420.9" Y="36620" />
				<Coordinate Order="235" X="89469.6" Y="36618.8" />
				<Coordinate Order="236" X="89513.4" Y="36594.4" />
				<Coordinate Order="237" X="89484.2" Y="36550.6" />
				<Coordinate Order="238" X="89439.2" Y="36527.5" />
				<Coordinate Order="239" X="89389.3" Y="36521.4" />
				<Coordinate Order="240" X="89341.8" Y="36505.6" />
				<Coordinate Order="241" X="89301.7" Y="36477.6" />
				<Coordinate Order="242" X="89266.4" Y="36443.6" />
				<Coordinate Order="243" X="89240.8" Y="36401" />
				<Coordinate Order="244" X="89205.6" Y="36363.3" />
				<Coordinate Order="245" X="89152.6" Y="36347.2" />
				<Coordinate Order="246" X="89111" Y="36344.1" />
				<Coordinate Order="247" X="89073.6" Y="36325.4" />
				<Coordinate Order="248" X="89072.6" Y="36283.8" />
				<Coordinate Order="249" X="89101.7" Y="36253.7" />
				<Coordinate Order="250" X="89107.9" Y="36212.2" />
				<Coordinate Order="251" X="89087.1" Y="36174.8" />
				<Coordinate Order="252" X="89126.6" Y="36158.1" />
				<Coordinate Order="253" X="89169.2" Y="36163.3" />
				<Coordinate Order="254" X="89207.6" Y="36181" />
				<Coordinate Order="255" X="89248.1" Y="36194.5" />
				<Coordinate Order="256" X="89280.3" Y="36221.5" />
				<Coordinate Order="257" X="89309.4" Y="36253.7" />
				<Coordinate Order="258" X="89349.9" Y="36278.6" />
				<Coordinate Order="259" X="89381.1" Y="36312.9" />
				<Coordinate Order="260" X="89406" Y="36347.2" />
				<Coordinate Order="261" X="89437.2" Y="36382.5" />
				<Coordinate Order="262" X="89469.4" Y="36409.5" />
				<Coordinate Order="263" X="89507.8" Y="36435.5" />
				<Coordinate Order="264" X="89546.2" Y="36452.1" />
				<Coordinate Order="265" X="89587.8" Y="36457.3" />
				<Coordinate Order="266" X="89574.3" Y="36417.8" />
				<Coordinate Order="267" X="89555.6" Y="36377.3" />
				<Coordinate Order="268" X="89543.1" Y="36333.7" />
				<Coordinate Order="269" X="89523.4" Y="36296.3" />
				<Coordinate Order="270" X="89499.5" Y="36261" />
				<Coordinate Order="271" X="89488.7" Y="36214.6" />
				<Coordinate Order="272" X="89477.5" Y="36169.5" />
				<Coordinate Order="273" X="89459.5" Y="36126.7" />
				<Coordinate Order="274" X="89435.8" Y="36086.2" />
				<Coordinate Order="275" X="89400.9" Y="36052.4" />
				<Coordinate Order="276" X="89327" Y="36009.2" />
				<Coordinate Order="277" X="89266.5" Y="35978.2" />
				<Coordinate Order="278" X="89212.6" Y="35938.9" />
				<Coordinate Order="279" X="89147.3" Y="35930.8" />
				<Coordinate Order="280" X="89081.9" Y="35942.2" />
				<Coordinate Order="281" X="89018.2" Y="35956.9" />
				<Coordinate Order="282" X="88977.4" Y="35901.4" />
				<Coordinate Order="283" X="88949.6" Y="35839.3" />
				<Coordinate Order="284" X="88908.7" Y="35785.4" />
				<Coordinate Order="285" X="88845" Y="35770.7" />
				<Coordinate Order="286" X="88779.7" Y="35775.6" />
				<Coordinate Order="287" X="88732.3" Y="35821.3" />
				<Coordinate Order="288" X="88666.9" Y="35836" />
				<Coordinate Order="289" X="88606.5" Y="35867.1" />
				<Coordinate Order="290" X="88541.1" Y="35860.5" />
				<Coordinate Order="291" X="88518.2" Y="35913.9" />
				<Coordinate Order="292" X="88427.3" Y="35937.2" />
				<Coordinate Order="293" X="88329.3" Y="35948.9" />
				<Coordinate Order="294" X="88257" Y="35885.9" />
				<Coordinate Order="295" X="88212.7" Y="35797.3" />
				<Coordinate Order="296" X="88214.7" Y="35731.1" />
				<Coordinate Order="297" X="88206.9" Y="35665.5" />
				<Coordinate Order="298" X="88180.3" Y="35607.7" />
				<Coordinate Order="299" X="88155.3" Y="35548.3" />
				<Coordinate Order="300" X="88095.9" Y="35501.4" />
				<Coordinate Order="301" X="88044.4" Y="35463.9" />
				<Coordinate Order="302" X="87986.6" Y="35435.8" />
				<Coordinate Order="303" X="87927.2" Y="35456.1" />
				<Coordinate Order="304" X="87874.1" Y="35490.5" />
				<Coordinate Order="305" X="87814.8" Y="35470.2" />
				<Coordinate Order="306" X="87753.8" Y="35443.6" />
				<Coordinate Order="307" X="87696" Y="35406.1" />
				<Coordinate Order="308" X="87630.4" Y="35398.3" />
				<Coordinate Order="309" X="87569.5" Y="35418.6" />
				<Coordinate Order="310" X="87535.1" Y="35473.3" />
				<Coordinate Order="311" X="87507" Y="35532.7" />
				<Coordinate Order="312" X="87466.4" Y="35581.1" />
				<Coordinate Order="313" X="87419.5" Y="35623.3" />
				<Coordinate Order="314" X="87368" Y="35648.3" />
				<Coordinate Order="315" X="87314.9" Y="35726.4" />
				<Coordinate Order="316" X="87282.1" Y="35790.4" />
				<Coordinate Order="317" X="87241.4" Y="35838.9" />
				<Coordinate Order="318" X="87196.1" Y="35887.3" />
				<Coordinate Order="319" X="87161.8" Y="35940.4" />
				<Coordinate Order="320" X="87119.6" Y="35990.4" />
				<Coordinate Order="321" X="87054" Y="36021.6" />
				<Coordinate Order="322" X="87025.9" Y="36079.4" />
				<Coordinate Order="323" X="86963.4" Y="36095.1" />
				<Coordinate Order="324" X="86918.1" Y="36129.4" />
				<Coordinate Order="325" X="86916.5" Y="36066.9" />
				<Coordinate Order="326" X="86910.3" Y="36004.5" />
				<Coordinate Order="327" X="86857.1" Y="35967" />
				<Coordinate Order="328" X="86802.5" Y="35934.2" />
				<Coordinate Order="329" X="86786.9" Y="35868.5" />
				<Coordinate Order="330" X="86777.5" Y="35802.9" />
				<Coordinate Order="331" X="86788.4" Y="35740.4" />
				<Coordinate Order="332" X="86843.1" Y="35709.2" />
				<Coordinate Order="333" X="86900.9" Y="35678" />
				<Coordinate Order="334" X="86957.1" Y="35648.3" />
				<Coordinate Order="335" X="87008.7" Y="35604.5" />
				<Coordinate Order="336" X="87046.2" Y="35553" />
				<Coordinate Order="337" X="87063.4" Y="35492.1" />
				<Coordinate Order="338" X="87030.5" Y="35437.4" />
				<Coordinate Order="339" X="86979" Y="35401.5" />
				<Coordinate Order="340" X="86939.9" Y="35373.3" />
				<Coordinate Order="341" X="86977.4" Y="35315.5" />
				<Coordinate Order="342" X="86968.1" Y="35251.5" />
				<Coordinate Order="343" X="86954" Y="35189" />
				<Coordinate Order="344" X="86958.7" Y="35126.5" />
				<Coordinate Order="345" X="86963.4" Y="35062.5" />
				<Coordinate Order="346" X="86958.7" Y="35000" />
				<Coordinate Order="347" X="86971.2" Y="34937.5" />
				<Coordinate Order="348" X="86975.9" Y="34875" />
				<Coordinate Order="349" X="86982.1" Y="34811" />
				<Coordinate Order="350" X="86955.6" Y="34751.6" />
				<Coordinate Order="351" X="86910.3" Y="34707.9" />
				<Coordinate Order="352" X="86872.8" Y="34653.2" />
				<Coordinate Order="353" X="86844.7" Y="34595.4" />
				<Coordinate Order="354" X="86825.9" Y="34532.9" />
				<Coordinate Order="355" X="86790" Y="34481.4" />
				<Coordinate Order="356" X="86738.4" Y="34442.3" />
				<Coordinate Order="357" X="86680.6" Y="34407.9" />
				<Coordinate Order="358" X="86624.4" Y="34378.3" />
				<Coordinate Order="359" X="86565" Y="34351.7" />
				<Coordinate Order="360" X="86540" Y="34287.6" />
				<Coordinate Order="361" X="86540" Y="34222" />
				<Coordinate Order="362" X="86521.3" Y="34161.1" />
				<Coordinate Order="363" X="86479.1" Y="34106.4" />
				<Coordinate Order="364" X="86427.6" Y="34064.3" />
				<Coordinate Order="365" X="86371.3" Y="34092.4" />
				<Coordinate Order="366" X="86302.6" Y="34097.1" />
				<Coordinate Order="367" X="86255.7" Y="34054.9" />
				<Coordinate Order="368" X="86263.5" Y="34017.4" />
				<Coordinate Order="369" X="86251" Y="33954.9" />
				<Coordinate Order="370" X="86227.6" Y="33894" />
				<Coordinate Order="371" X="86183.9" Y="33844" />
				<Coordinate Order="372" X="86132.3" Y="33808.1" />
				<Coordinate Order="373" X="86068.3" Y="33783.1" />
				<Coordinate Order="374" X="86033.4" Y="33762.9" />
				<Coordinate Order="375" X="85932.4" Y="33762.9" />
				<Coordinate Order="376" X="85833.8" Y="33772.8" />
				<Coordinate Order="377" X="85745.2" Y="33819.6" />
				<Coordinate Order="378" X="85688.5" Y="33908.3" />
				<Coordinate Order="379" X="85639.2" Y="33994.5" />
				<Coordinate Order="380" X="85577.6" Y="34073.4" />
				<Coordinate Order="381" X="85511.1" Y="34152.2" />
				<Coordinate Order="382" X="85449.5" Y="34231" />
				<Coordinate Order="383" X="85402.7" Y="34319.7" />
				<Coordinate Order="384" X="85373.1" Y="34418.3" />
				<Coordinate Order="385" X="85336.2" Y="34514.4" />
				<Coordinate Order="386" X="85316.5" Y="34615.4" />
				<Coordinate Order="387" X="85341.1" Y="34718.9" />
				<Coordinate Order="388" X="85336.2" Y="34817.4" />
				<Coordinate Order="389" X="85323.4" Y="34920.9" />
				<Coordinate Order="390" X="85338.9" Y="34998.5" />
				<Coordinate Order="391" X="85329.2" Y="35078.1" />
				<Coordinate Order="392" X="85319.5" Y="35155.7" />
				<Coordinate Order="393" X="85323.4" Y="35235.2" />
				<Coordinate Order="394" X="85307.9" Y="35312.8" />
				<Coordinate Order="395" X="85292.4" Y="35390.4" />
				<Coordinate Order="396" X="85292.4" Y="35469.9" />
				<Coordinate Order="397" X="85309.8" Y="35565" />
				<Coordinate Order="398" X="85274.9" Y="35638.7" />
				<Coordinate Order="399" X="85286.6" Y="35728" />
				<Coordinate Order="400" X="85304" Y="35803.6" />
				<Coordinate Order="401" X="85311.8" Y="35881.2" />
				<Coordinate Order="402" X="85338.9" Y="35955" />
				<Coordinate Order="403" X="85348.6" Y="36017" />
				<Coordinate Order="404" X="85323.4" Y="36090.8" />
				<Coordinate Order="405" X="85284.6" Y="36158.7" />
				<Coordinate Order="406" X="85234.2" Y="36220.7" />
				<Coordinate Order="407" X="85187.6" Y="36286.7" />
				<Coordinate Order="408" X="85183.7" Y="36323.6" />
				<Coordinate Order="409" X="85222.5" Y="36393.4" />
				<Coordinate Order="410" X="85261.3" Y="36463.3" />
				<Coordinate Order="411" X="85335.1" Y="36474.9" />
				<Coordinate Order="412" X="85371.9" Y="36546.7" />
				<Coordinate Order="413" X="85414.6" Y="36612.6" />
				<Coordinate Order="414" X="85437.9" Y="36657.3" />
				<Coordinate Order="415" X="85449.5" Y="36734.9" />
				<Coordinate Order="416" X="85488.3" Y="36806.6" />
				<Coordinate Order="417" X="85550.4" Y="36862.9" />
				<Coordinate Order="418" X="85562" Y="36872.6" />
				<Coordinate Order="419" X="85571.8" Y="36950.2" />
				<Coordinate Order="420" X="85622.2" Y="37010.3" />
				<Coordinate Order="421" X="85690.1" Y="37053" />
				<Coordinate Order="422" X="85767.7" Y="37037.5" />
				<Coordinate Order="423" X="85800.7" Y="36965.7" />
				<Coordinate Order="424" X="85822" Y="36884.2" />
				<Coordinate Order="425" X="85853.1" Y="36810.5" />
				<Coordinate Order="426" X="85876.3" Y="36734.9" />
				<Coordinate Order="427" X="85936.5" Y="36676.7" />
				<Coordinate Order="428" X="86021.8" Y="36674.7" />
				<Coordinate Order="429" X="86097.5" Y="36701.9" />
				<Coordinate Order="430" X="86163.5" Y="36748.4" />
				<Coordinate Order="431" X="86213.9" Y="36810.5" />
				<Coordinate Order="432" X="86252.7" Y="36880.4" />
				<Coordinate Order="433" X="86307" Y="36936.6" />
				<Coordinate Order="434" X="86367.2" Y="36987.1" />
				<Coordinate Order="435" X="86427.2" Y="37028.1" />
				<Coordinate Order="436" X="86505.1" Y="37155.6" />
				<Coordinate Order="437" X="86491.9" Y="37262.4" />
				<Coordinate Order="438" X="86453.9" Y="37352.7" />
				<Coordinate Order="439" X="86358.9" Y="37367" />
				<Coordinate Order="440" X="86266.2" Y="37336.1" />
				<Coordinate Order="441" X="86199.7" Y="37267.2" />
				<Coordinate Order="442" X="86109.4" Y="37222.1" />
				<Coordinate Order="443" X="86019.1" Y="37184" />
				<Coordinate Order="444" X="85985.9" Y="37105.6" />
				<Coordinate Order="445" X="85905.1" Y="37060.5" />
				<Coordinate Order="446" X="85874.2" Y="37153.2" />
				<Coordinate Order="447" X="85814.8" Y="37231.6" />
				<Coordinate Order="448" X="85850.4" Y="37321.8" />
				<Coordinate Order="449" X="85895.6" Y="37407.4" />
				<Coordinate Order="450" X="85962.1" Y="37476.3" />
				<Coordinate Order="451" X="86054.8" Y="37519" />
				<Coordinate Order="452" X="86137.9" Y="37466.8" />
				<Coordinate Order="453" X="86216.3" Y="37407.4" />
				<Coordinate Order="454" X="86275.7" Y="37483.4" />
				<Coordinate Order="455" X="86233" Y="37571.3" />
				<Coordinate Order="456" X="86164.1" Y="37637.8" />
				<Coordinate Order="457" X="86118.9" Y="37725.7" />
				<Coordinate Order="458" X="86137.9" Y="37835" />
				<Coordinate Order="459" X="86185.4" Y="37920.5" />
				<Coordinate Order="460" X="86268.6" Y="37975.2" />
				<Coordinate Order="461" X="86356.5" Y="38015.6" />
				<Coordinate Order="462" X="86408.8" Y="38098.7" />
				<Coordinate Order="463" X="86465.8" Y="38177.1" />
				<Coordinate Order="464" X="86548.9" Y="38231.8" />
				<Coordinate Order="465" X="86632.1" Y="38279.3" />
				<Coordinate Order="466" X="86691.5" Y="38319.7" />
				<Coordinate Order="467" X="86774.6" Y="38367.2" />
			</Coordinates>
		</Annotation>
		<Annotation Name="Annotation 9" Type="Polygon" PartOfGroup="metastases" Color="#F4FA58">
			<Coordinates>
				<Coordinate Order="0" X="88709" Y="35499.7" />
				<Coordinate Order="1" X="88763.7" Y="35544.1" />
				<Coordinate Order="2" X="88828.6" Y="35576.6" />
				<Coordinate Order="3" X="88867.9" Y="35632.9" />
				<Coordinate Order="4" X="88910.6" Y="35689.3" />
				<Coordinate Order="5" X="88977.3" Y="35711.5" />
				<Coordinate Order="6" X="89047.3" Y="35732" />
				<Coordinate Order="7" X="89105.4" Y="35692.7" />
				<Coordinate Order="8" X="89136.1" Y="35629.5" />
				<Coordinate Order="9" X="89129.3" Y="35559.5" />
				<Coordinate Order="10" X="89061" Y="35540.7" />
				<Coordinate Order="11" X="88992.6" Y="35537.3" />
				<Coordinate Order="12" X="88929.4" Y="35509.9" />
				<Coordinate Order="13" X="88893.5" Y="35446.7" />
				<Coordinate Order="14" X="88862.8" Y="35385.2" />
				<Coordinate Order="15" X="88804.7" Y="35347.6" />
				<Coordinate Order="16" X="88738.1" Y="35366.4" />
				<Coordinate Order="17" X="88705.6" Y="35427.9" />
			</Coordinates>
		</Annotation>
		<Annotation Name="Annotation 10" Type="Polygon" PartOfGroup="metastases" Color="#F4FA58">
			<Coordinates>
				<Coordinate Order="0" X="88633.8" Y="35241.8" />
				<Coordinate Order="1" X="88683.5" Y="35263.3" />
				<Coordinate Order="2" X="88730.5" Y="35298.2" />
				<Coordinate Order="3" X="88787" Y="35288.8" />
				<Coordinate Order="4" X="88821.9" Y="35247.2" />
				<Coordinate Order="5" X="88817.9" Y="35236.4" />
				<Coordinate Order="6" X="88781.6" Y="35194.8" />
				<Coordinate Order="7" X="88733.2" Y="35170.6" />
				<Coordinate Order="8" X="88680.8" Y="35153.1" />
				<Coordinate Order="9" X="88625.8" Y="35158.5" />
				<Coordinate Order="10" X="88606.9" Y="35213.6" />
			</Coordinates>
		</Annotation>
		<Annotation Name="Annotation 11" Type="Polygon" PartOfGroup="metastases" Color="#F4FA58">
			<Coordinates>
				<Coordinate Order="0" X="31532.4" Y="70030.8" />
				<Coordinate Order="1" X="31551.4" Y="70033.3" />
				<Coordinate Order="2" X="31555.4" Y="70055.1" />
				<Coordinate Order="3" X="31552.2" Y="70075.2" />
				<Coordinate Order="4" X="31533.9" Y="70087" />
				<Coordinate Order="5" X="31515.6" Y="70087" />
				<Coordinate Order="6" X="31508.4" Y="70068" />
				<Coordinate Order="7" X="31515.6" Y="70055.5" />
				<Coordinate Order="8" X="31514.9" Y="70043" />
				<Coordinate Order="9" X="31522.4" Y="70034" />
			</Coordinates>
		</Annotation>
	</Annotations>
	<AnnotationGroups>
		<Group Name="metastases" PartOfGroup="None" Color="#ff0000">
			<Attributes />
		</Group>
	</AnnotationGroups>
</ASAP_Annotations>
