<?xml version="1.0"?>
<ASAP_Annotations>
	<Annotations>
		<Annotation Name="Annotation 0" Type="Polygon" PartOfGroup="metastases" Color="#F4FA58">
			<Coordinates>
				<Coordinate Order="0" X="26331.9" Y="89309.2" />
				<Coordinate Order="1" X="26304.2" Y="89283.1" />
				<Coordinate Order="2" X="26275.5" Y="89289.2" />
				<Coordinate Order="3" X="26265.2" Y="89318" />
				<Coordinate Order="4" X="26272" Y="89347.4" />
				<Coordinate Order="5" X="26285.1" Y="89374.8" />
				<Coordinate Order="6" X="26300.1" Y="89400.2" />
				<Coordinate Order="7" X="26320" Y="89420" />
				<Coordinate Order="8" X="26341.9" Y="89437.2" />
				<Coordinate Order="9" X="26369.3" Y="89435.1" />
				<Coordinate Order="10" X="26396" Y="89422.1" />
				<Coordinate Order="11" X="26408.3" Y="89397.4" />
				<Coordinate Order="12" X="26408.3" Y="89368" />
				<Coordinate Order="13" X="26390.5" Y="89344" />
				<Coordinate Order="14" X="26364.5" Y="89324.1" />
			</Coordinates>
		</Annotation>
		<Annotation Name="Annotation 1" Type="Polygon" PartOfGroup="metastases" Color="#F4FA58">
			<Coordinates>
				<Coordinate Order="0" X="26478.9" Y="89454.3" />
				<Coordinate Order="1" X="26448.8" Y="89450.9" />
				<Coordinate Order="2" X="26421.4" Y="89456.3" />
				<Coordinate Order="3" X="26402.9" Y="89480.3" />
				<Coordinate Order="4" X="26411.8" Y="89507.7" />
				<Coordinate Order="5" X="26433" Y="89529.6" />
				<Coordinate Order="6" X="26459.7" Y="89545.4" />
				<Coordinate Order="7" X="26481.6" Y="89563.9" />
				<Coordinate Order="8" X="26498.8" Y="89588.5" />
				<Coordinate Order="9" X="26517.3" Y="89611.1" />
				<Coordinate Order="10" X="26540.5" Y="89628.9" />
				<Coordinate Order="11" X="26563.1" Y="89650.2" />
				<Coordinate Order="12" X="26588.5" Y="89664.5" />
				<Coordinate Order="13" X="26616.6" Y="89665.2" />
				<Coordinate Order="14" X="26640.5" Y="89648.1" />
				<Coordinate Order="15" X="26650.8" Y="89619.3" />
				<Coordinate Order="16" X="26637.1" Y="89592.6" />
				<Coordinate Order="17" X="26612.5" Y="89575.5" />
				<Coordinate Order="18" X="26596.7" Y="89552.9" />
				<Coordinate Order="19" X="26574.8" Y="89531" />
				<Coordinate Order="20" X="26552.9" Y="89513.2" />
				<Coordinate Order="21" X="26530.9" Y="89494.7" />
				<Coordinate Order="22" X="26511.1" Y="89474.1" />
			</Coordinates>
		</Annotation>
	</Annotations>
	<AnnotationGroups>
		<Group Name="metastases" PartOfGroup="None" Color="#ff0000">
			<Attributes />
		</Group>
	</AnnotationGroups>
</ASAP_Annotations>
