<?xml version="1.0"?>
<ASAP_Annotations>
	<Annotations>
		<Annotation Name="Annotation 0" Type="Polygon" PartOfGroup="metastases" Color="#F4FA58">
			<Coordinates>
				<Coordinate Order="0" X="9458.66" Y="149327" />
				<Coordinate Order="1" X="9462.48" Y="149174" />
				<Coordinate Order="2" X="9305.98" Y="149197" />
				<Coordinate Order="3" X="9187.65" Y="149296" />
				<Coordinate Order="4" X="9034.97" Y="149316" />
				<Coordinate Order="5" X="8886.1" Y="149270" />
				<Coordinate Order="6" X="8748.69" Y="149193" />
				<Coordinate Order="7" X="8611.28" Y="149270" />
				<Coordinate Order="8" X="8531.12" Y="149243" />
				<Coordinate Order="9" X="8508.22" Y="149106" />
				<Coordinate Order="10" X="8504.4" Y="149106" />
				<Coordinate Order="11" X="8340.27" Y="149151" />
				<Coordinate Order="12" X="8191.4" Y="149171" />
				<Coordinate Order="13" X="7889.85" Y="149289" />
				<Coordinate Order="14" X="7828.78" Y="149270" />
				<Coordinate Order="15" X="7641.74" Y="149209" />
				<Coordinate Order="16" X="7615.03" Y="149213" />
				<Coordinate Order="17" X="7511.96" Y="149182" />
				<Coordinate Order="18" X="7393.64" Y="149239" />
				<Coordinate Order="19" X="7347.83" Y="149285" />
				<Coordinate Order="20" X="7309.66" Y="149274" />
				<Coordinate Order="21" X="7225.69" Y="149266" />
				<Coordinate Order="22" X="7214.23" Y="149335" />
				<Coordinate Order="23" X="7328.75" Y="149487" />
				<Coordinate Order="24" X="7321.11" Y="149644" />
				<Coordinate Order="25" X="7263.86" Y="149789" />
				<Coordinate Order="26" X="7256.22" Y="149808" />
				<Coordinate Order="27" X="7172.25" Y="149678" />
				<Coordinate Order="28" X="7069.19" Y="149564" />
				<Coordinate Order="29" X="7057.74" Y="149407" />
				<Coordinate Order="30" X="7000.48" Y="149258" />
				<Coordinate Order="31" X="6840.16" Y="149232" />
				<Coordinate Order="32" X="6706.57" Y="149308" />
				<Coordinate Order="33" X="6550.07" Y="149331" />
				<Coordinate Order="34" X="6416.47" Y="149419" />
				<Coordinate Order="35" X="6343.95" Y="149556" />
				<Coordinate Order="36" X="6237.07" Y="149667" />
				<Coordinate Order="37" X="6149.28" Y="149797" />
				<Coordinate Order="38" X="6011.86" Y="149869" />
				<Coordinate Order="39" X="5981.33" Y="149858" />
				<Coordinate Order="40" X="5832.46" Y="149907" />
				<Coordinate Order="41" X="5702.68" Y="150003" />
				<Coordinate Order="42" X="5618.71" Y="150152" />
				<Coordinate Order="43" X="5519.46" Y="150274" />
				<Coordinate Order="44" X="5378.23" Y="150335" />
				<Coordinate Order="45" X="5225.55" Y="150377" />
				<Coordinate Order="46" X="5076.68" Y="150419" />
				<Coordinate Order="47" X="5111.04" Y="150262" />
				<Coordinate Order="48" X="5164.48" Y="150117" />
				<Coordinate Order="49" X="5057.6" Y="149999" />
				<Coordinate Order="50" X="4897.28" Y="149995" />
				<Coordinate Order="51" X="4756.05" Y="150056" />
				<Coordinate Order="52" X="4652.99" Y="150174" />
				<Coordinate Order="53" X="4626.27" Y="150327" />
				<Coordinate Order="54" X="4649.17" Y="150480" />
				<Coordinate Order="55" X="4588.1" Y="150655" />
				<Coordinate Order="56" X="4542.3" Y="150484" />
				<Coordinate Order="57" X="4458.32" Y="150342" />
				<Coordinate Order="58" X="4320.91" Y="150232" />
				<Coordinate Order="59" X="4175.86" Y="150285" />
				<Coordinate Order="60" X="4011.73" Y="150304" />
				<Coordinate Order="61" X="3859.04" Y="150339" />
				<Coordinate Order="62" X="3748.35" Y="150453" />
				<Coordinate Order="63" X="3672.01" Y="150587" />
				<Coordinate Order="64" X="3626.2" Y="150736" />
				<Coordinate Order="65" X="3603.3" Y="150896" />
				<Coordinate Order="66" X="3584.21" Y="151049" />
				<Coordinate Order="67" X="3591.85" Y="151213" />
				<Coordinate Order="68" X="3618.57" Y="151365" />
				<Coordinate Order="69" X="3660.56" Y="151518" />
				<Coordinate Order="70" X="3717.81" Y="151663" />
				<Coordinate Order="71" X="3786.52" Y="151743" />
				<Coordinate Order="72" X="3767.43" Y="151900" />
				<Coordinate Order="73" X="3775.07" Y="152056" />
				<Coordinate Order="74" X="3859.04" Y="152190" />
				<Coordinate Order="75" X="4015.54" Y="152178" />
				<Coordinate Order="76" X="4133.87" Y="152079" />
				<Coordinate Order="77" X="4191.13" Y="151934" />
				<Coordinate Order="78" X="4206.4" Y="151781" />
				<Coordinate Order="79" X="4271.29" Y="151594" />
				<Coordinate Order="80" X="4431.6" Y="151487" />
				<Coordinate Order="81" X="4614.82" Y="151407" />
				<Coordinate Order="82" X="4683.53" Y="151384" />
				<Coordinate Order="83" X="4603.37" Y="151518" />
				<Coordinate Order="84" X="4465.95" Y="151613" />
				<Coordinate Order="85" X="4450.69" Y="151655" />
				<Coordinate Order="86" X="4607.19" Y="151747" />
				<Coordinate Order="87" X="4866.75" Y="151827" />
				<Coordinate Order="88" X="4939.27" Y="151820" />
				<Coordinate Order="89" X="4790.4" Y="151907" />
				<Coordinate Order="90" X="4637.72" Y="152167" />
				<Coordinate Order="91" X="4721.7" Y="152411" />
				<Coordinate Order="92" X="4836.21" Y="152476" />
				<Coordinate Order="93" X="4882.01" Y="152602" />
				<Coordinate Order="94" X="4965.99" Y="152739" />
				<Coordinate Order="95" X="5038.51" Y="152877" />
				<Coordinate Order="96" X="5137.76" Y="152995" />
				<Coordinate Order="97" X="5290.44" Y="153014" />
				<Coordinate Order="98" X="5443.12" Y="152991" />
				<Coordinate Order="99" X="5294.26" Y="153068" />
				<Coordinate Order="100" X="5217.91" Y="153205" />
				<Coordinate Order="101" X="5149.21" Y="153346" />
				<Coordinate Order="102" X="5160.66" Y="153503" />
				<Coordinate Order="103" X="5076.68" Y="153636" />
				<Coordinate Order="104" X="5004.16" Y="153774" />
				<Coordinate Order="105" X="4901.1" Y="153892" />
				<Coordinate Order="106" X="4778.95" Y="153988" />
				<Coordinate Order="107" X="4668.26" Y="154098" />
				<Coordinate Order="108" X="4591.92" Y="154232" />
				<Coordinate Order="109" X="4527.03" Y="154373" />
				<Coordinate Order="110" X="4485.04" Y="154522" />
				<Coordinate Order="111" X="4450.69" Y="154679" />
				<Coordinate Order="112" X="4416.33" Y="154827" />
				<Coordinate Order="113" X="4389.61" Y="154984" />
				<Coordinate Order="114" X="4389.61" Y="155140" />
				<Coordinate Order="115" X="4397.25" Y="155297" />
				<Coordinate Order="116" X="4385.8" Y="155476" />
				<Coordinate Order="117" X="4370.53" Y="155633" />
				<Coordinate Order="118" X="4393.43" Y="155785" />
				<Coordinate Order="119" X="4439.24" Y="155938" />
				<Coordinate Order="120" X="4496.49" Y="156087" />
				<Coordinate Order="121" X="4542.3" Y="156236" />
				<Coordinate Order="122" X="4565.2" Y="156389" />
				<Coordinate Order="123" X="4584.28" Y="156541" />
				<Coordinate Order="124" X="4660.62" Y="156675" />
				<Coordinate Order="125" X="4790.4" Y="156766" />
				<Coordinate Order="126" X="4920.18" Y="156797" />
				<Coordinate Order="127" X="4908.73" Y="156950" />
				<Coordinate Order="128" X="4859.11" Y="157102" />
				<Coordinate Order="129" X="4805.67" Y="157247" />
				<Coordinate Order="130" X="4756.05" Y="157392" />
				<Coordinate Order="131" X="4698.79" Y="157545" />
				<Coordinate Order="132" X="4641.54" Y="157705" />
				<Coordinate Order="133" X="4595.73" Y="157854" />
				<Coordinate Order="134" X="4572.83" Y="158011" />
				<Coordinate Order="135" X="4614.82" Y="158164" />
				<Coordinate Order="136" X="4603.37" Y="158309" />
				<Coordinate Order="137" X="4588.1" Y="158461" />
				<Coordinate Order="138" X="4595.73" Y="158614" />
				<Coordinate Order="139" X="4603.37" Y="158767" />
				<Coordinate Order="140" X="4618.64" Y="158927" />
				<Coordinate Order="141" X="4611" Y="159087" />
				<Coordinate Order="142" X="4588.1" Y="159240" />
				<Coordinate Order="143" X="4572.83" Y="159396" />
				<Coordinate Order="144" X="4580.47" Y="159446" />
				<Coordinate Order="145" X="4572.83" Y="159599" />
				<Coordinate Order="146" X="4584.28" Y="159751" />
				<Coordinate Order="147" X="4603.37" Y="159904" />
				<Coordinate Order="148" X="4633.91" Y="160057" />
				<Coordinate Order="149" X="4652.99" Y="160209" />
				<Coordinate Order="150" X="4679.71" Y="160362" />
				<Coordinate Order="151" X="4717.88" Y="160511" />
				<Coordinate Order="152" X="4786.59" Y="160648" />
				<Coordinate Order="153" X="4859.11" Y="160790" />
				<Coordinate Order="154" X="4920.18" Y="160935" />
				<Coordinate Order="155" X="4965.99" Y="161084" />
				<Coordinate Order="156" X="5011.79" Y="161232" />
				<Coordinate Order="157" X="5061.42" Y="161381" />
				<Coordinate Order="158" X="5107.22" Y="161530" />
				<Coordinate Order="159" X="5172.11" Y="161671" />
				<Coordinate Order="160" X="5198.83" Y="161717" />
				<Coordinate Order="161" X="5256.08" Y="161862" />
				<Coordinate Order="162" X="5298.07" Y="162015" />
				<Coordinate Order="163" X="5336.24" Y="162164" />
				<Coordinate Order="164" X="5397.32" Y="162305" />
				<Coordinate Order="165" X="5439.3" Y="162458" />
				<Coordinate Order="166" X="5477.47" Y="162614" />
				<Coordinate Order="167" X="5515.65" Y="162763" />
				<Coordinate Order="168" X="5546.18" Y="162920" />
				<Coordinate Order="169" X="5633.97" Y="163046" />
				<Coordinate Order="170" X="5695.05" Y="163191" />
				<Coordinate Order="171" X="5744.67" Y="163347" />
				<Coordinate Order="172" X="5786.66" Y="163500" />
				<Coordinate Order="173" X="5847.73" Y="163645" />
				<Coordinate Order="174" X="5908.8" Y="163794" />
				<Coordinate Order="175" X="5996.59" Y="163931" />
				<Coordinate Order="176" X="6095.84" Y="164057" />
				<Coordinate Order="177" X="6229.43" Y="164133" />
				<Coordinate Order="178" X="6237.07" Y="164233" />
				<Coordinate Order="179" X="6321.04" Y="164370" />
				<Coordinate Order="180" X="6462.27" Y="164443" />
				<Coordinate Order="181" X="6614.96" Y="164473" />
				<Coordinate Order="182" X="6702.75" Y="164553" />
				<Coordinate Order="183" X="6821.08" Y="164660" />
				<Coordinate Order="184" X="6901.24" Y="164607" />
				<Coordinate Order="185" X="6889.78" Y="164435" />
				<Coordinate Order="186" X="6763.82" Y="164332" />
				<Coordinate Order="187" X="6630.23" Y="164248" />
				<Coordinate Order="188" X="6515.71" Y="164118" />
				<Coordinate Order="189" X="6634.04" Y="164019" />
				<Coordinate Order="190" X="6737.1" Y="163904" />
				<Coordinate Order="191" X="6889.78" Y="163862" />
				<Coordinate Order="192" X="7050.1" Y="163862" />
				<Coordinate Order="193" X="7145.53" Y="163927" />
				<Coordinate Order="194" X="7160.8" Y="164084" />
				<Coordinate Order="195" X="7145.53" Y="164236" />
				<Coordinate Order="196" X="7233.32" Y="164374" />
				<Coordinate Order="197" X="7298.21" Y="164404" />
				<Coordinate Order="198" X="7363.1" Y="164305" />
				<Coordinate Order="199" X="7443.26" Y="164446" />
				<Coordinate Order="200" X="7492.88" Y="164507" />
				<Coordinate Order="201" X="7637.93" Y="164462" />
				<Coordinate Order="202" X="7721.9" Y="164485" />
				<Coordinate Order="203" X="7824.96" Y="164542" />
				<Coordinate Order="204" X="7958.56" Y="164626" />
				<Coordinate Order="205" X="8118.88" Y="164626" />
				<Coordinate Order="206" X="8225.75" Y="164588" />
				<Coordinate Order="207" X="8210.49" Y="164523" />
				<Coordinate Order="208" X="8115.06" Y="164439" />
				<Coordinate Order="209" X="8172.32" Y="164317" />
				<Coordinate Order="210" X="8328.81" Y="164347" />
				<Coordinate Order="211" X="8485.31" Y="164366" />
				<Coordinate Order="212" X="8611.28" Y="164389" />
				<Coordinate Order="213" X="8393.71" Y="164492" />
				<Coordinate Order="214" X="8347.9" Y="164607" />
				<Coordinate Order="215" X="8260.11" Y="164710" />
				<Coordinate Order="216" X="8298.28" Y="164771" />
				<Coordinate Order="217" X="8447.14" Y="164817" />
				<Coordinate Order="218" X="8588.37" Y="164882" />
				<Coordinate Order="219" X="8741.06" Y="164927" />
				<Coordinate Order="220" X="8893.74" Y="164969" />
				<Coordinate Order="221" X="9046.42" Y="164985" />
				<Coordinate Order="222" X="9206.74" Y="164878" />
				<Coordinate Order="223" X="9275.44" Y="164683" />
				<Coordinate Order="224" X="9420.49" Y="164748" />
				<Coordinate Order="225" X="9367.05" Y="164832" />
				<Coordinate Order="226" X="9439.58" Y="164920" />
				<Coordinate Order="227" X="9561.72" Y="164927" />
				<Coordinate Order="228" X="9607.53" Y="165023" />
				<Coordinate Order="229" X="9699.14" Y="165030" />
				<Coordinate Order="230" X="9844.19" Y="165103" />
				<Coordinate Order="231" X="9985.42" Y="165164" />
				<Coordinate Order="232" X="10138.1" Y="165191" />
				<Coordinate Order="233" X="10294.6" Y="165210" />
				<Coordinate Order="234" X="10451.1" Y="165191" />
				<Coordinate Order="235" X="10603.8" Y="165149" />
				<Coordinate Order="236" X="10703" Y="165027" />
				<Coordinate Order="237" X="10729.7" Y="164889" />
				<Coordinate Order="238" X="10878.6" Y="164855" />
				<Coordinate Order="239" X="10935.9" Y="164798" />
				<Coordinate Order="240" X="10962.6" Y="164641" />
				<Coordinate Order="241" X="10962.6" Y="164477" />
				<Coordinate Order="242" X="11111.4" Y="164435" />
				<Coordinate Order="243" X="11191.6" Y="164359" />
				<Coordinate Order="244" X="11267.9" Y="164401" />
				<Coordinate Order="245" X="11420.6" Y="164423" />
				<Coordinate Order="246" X="11554.2" Y="164336" />
				<Coordinate Order="247" X="11615.3" Y="164191" />
				<Coordinate Order="248" X="11619.1" Y="164076" />
				<Coordinate Order="249" X="11756.5" Y="164160" />
				<Coordinate Order="250" X="11913" Y="164198" />
				<Coordinate Order="251" X="12069.5" Y="164206" />
				<Coordinate Order="252" X="12226" Y="164206" />
				<Coordinate Order="253" X="12378.7" Y="164172" />
				<Coordinate Order="254" X="12542.8" Y="164168" />
				<Coordinate Order="255" X="12695.5" Y="164183" />
				<Coordinate Order="256" X="12848.2" Y="164194" />
				<Coordinate Order="257" X="13004.7" Y="164198" />
				<Coordinate Order="258" X="13161.2" Y="164183" />
				<Coordinate Order="259" X="13313.9" Y="164130" />
				<Coordinate Order="260" X="13504.7" Y="164061" />
				<Coordinate Order="261" X="13615.4" Y="163946" />
				<Coordinate Order="262" X="13745.2" Y="163851" />
				<Coordinate Order="263" X="13855.9" Y="163744" />
				<Coordinate Order="264" X="13855.9" Y="163588" />
				<Coordinate Order="265" X="13844.5" Y="163435" />
				<Coordinate Order="266" X="13974.2" Y="163523" />
				<Coordinate Order="267" X="14084.9" Y="163484" />
				<Coordinate Order="268" X="14088.8" Y="163336" />
				<Coordinate Order="269" X="13909.3" Y="163297" />
				<Coordinate Order="270" X="13890.3" Y="163259" />
				<Coordinate Order="271" X="13920.8" Y="163049" />
				<Coordinate Order="272" X="14069.7" Y="163000" />
				<Coordinate Order="273" X="14214.7" Y="162939" />
				<Coordinate Order="274" X="14333" Y="162839" />
				<Coordinate Order="275" X="14325.4" Y="162752" />
				<Coordinate Order="276" X="14272" Y="162656" />
				<Coordinate Order="277" X="14314" Y="162629" />
				<Coordinate Order="278" X="14466.6" Y="162610" />
				<Coordinate Order="279" X="14512.4" Y="162587" />
				<Coordinate Order="280" X="14535.3" Y="162416" />
				<Coordinate Order="281" X="14493.4" Y="162343" />
				<Coordinate Order="282" X="14546.8" Y="162336" />
				<Coordinate Order="283" X="14699.5" Y="162339" />
				<Coordinate Order="284" X="14844.5" Y="162286" />
				<Coordinate Order="285" X="14924.7" Y="162152" />
				<Coordinate Order="286" X="14978.1" Y="162003" />
				<Coordinate Order="287" X="15008.7" Y="162015" />
				<Coordinate Order="288" X="15157.5" Y="161973" />
				<Coordinate Order="289" X="15153.7" Y="162042" />
				<Coordinate Order="290" X="15062.1" Y="162137" />
				<Coordinate Order="291" X="15153.7" Y="162225" />
				<Coordinate Order="292" X="15249.1" Y="162213" />
				<Coordinate Order="293" X="15226.2" Y="162114" />
				<Coordinate Order="294" X="15256.8" Y="162084" />
				<Coordinate Order="295" X="15325.5" Y="162080" />
				<Coordinate Order="296" X="15424.7" Y="161961" />
				<Coordinate Order="297" X="15371.3" Y="161820" />
				<Coordinate Order="298" X="15428.5" Y="161794" />
				<Coordinate Order="299" X="15535.4" Y="161671" />
				<Coordinate Order="300" X="15585" Y="161526" />
				<Coordinate Order="301" X="15527.8" Y="161377" />
				<Coordinate Order="302" X="15478.2" Y="161225" />
				<Coordinate Order="303" X="15356" Y="161145" />
				<Coordinate Order="304" X="15264.4" Y="160996" />
				<Coordinate Order="305" X="15157.5" Y="160965" />
				<Coordinate Order="306" X="15062.1" Y="161072" />
				<Coordinate Order="307" X="15039.2" Y="160919" />
				<Coordinate Order="308" X="15027.7" Y="160919" />
				<Coordinate Order="309" X="14907.4" Y="160849" />
				<Coordinate Order="310" X="14735" Y="160858" />
				<Coordinate Order="311" X="14587.9" Y="160761" />
				<Coordinate Order="312" X="14566.9" Y="160593" />
				<Coordinate Order="313" X="14604.7" Y="160429" />
				<Coordinate Order="314" X="14650.9" Y="160265" />
				<Coordinate Order="315" X="14739.2" Y="160118" />
				<Coordinate Order="316" X="14835.9" Y="159971" />
				<Coordinate Order="317" X="14911.6" Y="159815" />
				<Coordinate Order="318" X="14949.4" Y="159647" />
				<Coordinate Order="319" X="15008.3" Y="159483" />
				<Coordinate Order="320" X="15071.3" Y="159319" />
				<Coordinate Order="321" X="15163.8" Y="159172" />
				<Coordinate Order="322" X="15218.5" Y="159012" />
				<Coordinate Order="323" X="15247.9" Y="158844" />
				<Coordinate Order="324" X="15277.3" Y="158684" />
				<Coordinate Order="325" X="15306.8" Y="158516" />
				<Coordinate Order="326" X="15369.8" Y="158356" />
				<Coordinate Order="327" X="15504.4" Y="158415" />
				<Coordinate Order="328" X="15651.5" Y="158411" />
				<Coordinate Order="329" X="15723" Y="158352" />
				<Coordinate Order="330" X="15693.5" Y="158192" />
				<Coordinate Order="331" X="15584.2" Y="158176" />
				<Coordinate Order="332" X="15580" Y="158003" />
				<Coordinate Order="333" X="15567.4" Y="157831" />
				<Coordinate Order="334" X="15634.7" Y="157667" />
				<Coordinate Order="335" X="15710.4" Y="157507" />
				<Coordinate Order="336" X="15777.6" Y="157347" />
				<Coordinate Order="337" X="15832.3" Y="157183" />
				<Coordinate Order="338" X="15886.9" Y="157019" />
				<Coordinate Order="339" X="15912.1" Y="156847" />
				<Coordinate Order="340" X="15819.7" Y="156696" />
				<Coordinate Order="341" X="15718.8" Y="156549" />
				<Coordinate Order="342" X="15609.5" Y="156418" />
				<Coordinate Order="343" X="15483.3" Y="156338" />
				<Coordinate Order="344" X="15390.9" Y="156187" />
				<Coordinate Order="345" X="15281.5" Y="156057" />
				<Coordinate Order="346" X="15117.6" Y="156011" />
				<Coordinate Order="347" X="15004.1" Y="155968" />
				<Coordinate Order="348" X="14852.7" Y="155905" />
				<Coordinate Order="349" X="14777.1" Y="155678" />
				<Coordinate Order="350" X="14920" Y="155762" />
				<Coordinate Order="351" X="15067.1" Y="155889" />
				<Coordinate Order="352" X="15235.3" Y="155876" />
				<Coordinate Order="353" X="15353" Y="155754" />
				<Coordinate Order="354" X="15378.2" Y="155586" />
				<Coordinate Order="355" X="15386.6" Y="155418" />
				<Coordinate Order="356" X="15353" Y="155250" />
				<Coordinate Order="357" X="15260.5" Y="155107" />
				<Coordinate Order="358" X="15260.5" Y="155056" />
				<Coordinate Order="359" X="15399.3" Y="154960" />
				<Coordinate Order="360" X="15563.2" Y="154909" />
				<Coordinate Order="361" X="15731.4" Y="154892" />
				<Coordinate Order="362" X="15882.7" Y="154817" />
				<Coordinate Order="363" X="15870.1" Y="154644" />
				<Coordinate Order="364" X="15731.4" Y="154548" />
				<Coordinate Order="365" X="15559" Y="154548" />
				<Coordinate Order="366" X="15390.9" Y="154552" />
				<Coordinate Order="367" X="15226.9" Y="154602" />
				<Coordinate Order="368" X="15054.5" Y="154640" />
				<Coordinate Order="369" X="14886.4" Y="154648" />
				<Coordinate Order="370" X="14709.8" Y="154669" />
				<Coordinate Order="371" X="14545.8" Y="154711" />
				<Coordinate Order="372" X="14377.7" Y="154720" />
				<Coordinate Order="373" X="14209.5" Y="154728" />
				<Coordinate Order="374" X="14112.8" Y="154695" />
				<Coordinate Order="375" X="13944.7" Y="154724" />
				<Coordinate Order="376" X="13768.1" Y="154724" />
				<Coordinate Order="377" X="13595.7" Y="154724" />
				<Coordinate Order="378" X="13423.4" Y="154724" />
				<Coordinate Order="379" X="13251" Y="154703" />
				<Coordinate Order="380" X="13082.9" Y="154690" />
				<Coordinate Order="381" X="12914.7" Y="154661" />
				<Coordinate Order="382" X="12750.7" Y="154606" />
				<Coordinate Order="383" X="12591" Y="154527" />
				<Coordinate Order="384" X="12431.2" Y="154468" />
				<Coordinate Order="385" X="12267.3" Y="154409" />
				<Coordinate Order="386" X="12111.7" Y="154342" />
				<Coordinate Order="387" X="11947.8" Y="154295" />
				<Coordinate Order="388" X="11792.2" Y="154224" />
				<Coordinate Order="389" X="11624.1" Y="154131" />
				<Coordinate Order="390" X="11455.9" Y="154051" />
				<Coordinate Order="391" X="11308.8" Y="153959" />
				<Coordinate Order="392" X="11170" Y="153850" />
				<Coordinate Order="393" X="11048.1" Y="153728" />
				<Coordinate Order="394" X="10943" Y="153593" />
				<Coordinate Order="395" X="10825.3" Y="153454" />
				<Coordinate Order="396" X="10720.2" Y="153320" />
				<Coordinate Order="397" X="10657.1" Y="153223" />
				<Coordinate Order="398" X="10577.3" Y="153068" />
				<Coordinate Order="399" X="10484.8" Y="152921" />
				<Coordinate Order="400" X="10375.5" Y="152782" />
				<Coordinate Order="401" X="10278.8" Y="152635" />
				<Coordinate Order="402" X="10203.1" Y="152483" />
				<Coordinate Order="403" X="10287.2" Y="152332" />
				<Coordinate Order="404" X="10333.4" Y="152168" />
				<Coordinate Order="405" X="10316.6" Y="152088" />
				<Coordinate Order="406" X="10215.7" Y="152227" />
				<Coordinate Order="407" X="10039.2" Y="152277" />
				<Coordinate Order="408" X="9862.59" Y="152298" />
				<Coordinate Order="409" X="9702.84" Y="152244" />
				<Coordinate Order="410" X="9686.02" Y="152076" />
				<Coordinate Order="411" X="9782.71" Y="151933" />
				<Coordinate Order="412" X="9900.42" Y="151811" />
				<Coordinate Order="413" X="10039.2" Y="151714" />
				<Coordinate Order="414" X="10198.9" Y="151634" />
				<Coordinate Order="415" X="10354.5" Y="151550" />
				<Coordinate Order="416" X="10514.2" Y="151470" />
				<Coordinate Order="417" X="10678.2" Y="151407" />
				<Coordinate Order="418" X="10699.2" Y="151239" />
				<Coordinate Order="419" X="10598.3" Y="151100" />
				<Coordinate Order="420" X="10484.8" Y="151109" />
				<Coordinate Order="421" X="10446.9" Y="150945" />
				<Coordinate Order="422" X="10392.3" Y="150785" />
				<Coordinate Order="423" X="10354.5" Y="150621" />
				<Coordinate Order="424" X="10299.8" Y="150457" />
				<Coordinate Order="425" X="10190.5" Y="150318" />
				<Coordinate Order="426" X="10156.9" Y="150146" />
				<Coordinate Order="427" X="10148.5" Y="149978" />
				<Coordinate Order="428" X="10135.8" Y="149810" />
				<Coordinate Order="429" X="9984.5" Y="149726" />
				<Coordinate Order="430" X="9833.16" Y="149646" />
				<Coordinate Order="431" X="9673.41" Y="149591" />
				<Coordinate Order="432" X="9656.59" Y="149414" />
			</Coordinates>
		</Annotation>
		<Annotation Name="Annotation 1" Type="Polygon" PartOfGroup="metastases" Color="#F4FA58">
			<Coordinates>
				<Coordinate Order="0" X="3624.04" Y="161927" />
				<Coordinate Order="1" X="3525.44" Y="161913" />
				<Coordinate Order="2" X="3424.44" Y="161915" />
				<Coordinate Order="3" X="3359.51" Y="161990" />
				<Coordinate Order="4" X="3381.15" Y="162089" />
				<Coordinate Order="5" X="3431.65" Y="162173" />
				<Coordinate Order="6" X="3453.3" Y="162266" />
				<Coordinate Order="7" X="3484.56" Y="162360" />
				<Coordinate Order="8" X="3566.32" Y="162423" />
				<Coordinate Order="9" X="3667.32" Y="162456" />
				<Coordinate Order="10" X="3763.52" Y="162471" />
				<Coordinate Order="11" X="3850.09" Y="162517" />
				<Coordinate Order="12" X="3876.54" Y="162610" />
				<Coordinate Order="13" X="3960.71" Y="162658" />
				<Coordinate Order="14" X="3989.57" Y="162565" />
				<Coordinate Order="15" X="3955.9" Y="162473" />
				<Coordinate Order="16" X="3958.3" Y="162377" />
				<Coordinate Order="17" X="3922.23" Y="162286" />
				<Coordinate Order="18" X="3883.76" Y="162190" />
				<Coordinate Order="19" X="3830.85" Y="162108" />
				<Coordinate Order="20" X="3761.11" Y="162040" />
				<Coordinate Order="21" X="3700.99" Y="161961" />
			</Coordinates>
		</Annotation>
		<Annotation Name="Annotation 2" Type="Polygon" PartOfGroup="metastases" Color="#F4FA58">
			<Coordinates>
				<Coordinate Order="0" X="18678.4" Y="154985" />
				<Coordinate Order="1" X="18523.2" Y="155020" />
				<Coordinate Order="2" X="18371.8" Y="155058" />
				<Coordinate Order="3" X="18228.2" Y="155132" />
				<Coordinate Order="4" X="18123.5" Y="155256" />
				<Coordinate Order="5" X="18084.7" Y="155408" />
				<Coordinate Order="6" X="18045.8" Y="155563" />
				<Coordinate Order="7" X="18076.9" Y="155718" />
				<Coordinate Order="8" X="18146.7" Y="155866" />
				<Coordinate Order="9" X="18201.1" Y="156013" />
				<Coordinate Order="10" X="18290.3" Y="156141" />
				<Coordinate Order="11" X="18395.1" Y="156261" />
				<Coordinate Order="12" X="18515.4" Y="156370" />
				<Coordinate Order="13" X="18670.7" Y="156390" />
				<Coordinate Order="14" X="18818.1" Y="156331" />
				<Coordinate Order="15" X="18954" Y="156250" />
				<Coordinate Order="16" X="19097.5" Y="156188" />
				<Coordinate Order="17" X="19182.9" Y="156048" />
				<Coordinate Order="18" X="19237.3" Y="155897" />
				<Coordinate Order="19" X="19291.6" Y="155741" />
				<Coordinate Order="20" X="19338.2" Y="155586" />
				<Coordinate Order="21" X="19392.5" Y="155439" />
				<Coordinate Order="22" X="19466.2" Y="155295" />
				<Coordinate Order="23" X="19485.6" Y="155140" />
				<Coordinate Order="24" X="19442.9" Y="154989" />
				<Coordinate Order="25" X="19311" Y="154892" />
				<Coordinate Order="26" X="19151.9" Y="154899" />
				<Coordinate Order="27" X="19000.5" Y="154946" />
				<Coordinate Order="28" X="18841.4" Y="154969" />
			</Coordinates>
		</Annotation>
		<Annotation Name="Annotation 3" Type="Polygon" PartOfGroup="metastases" Color="#F4FA58">
			<Coordinates>
				<Coordinate Order="0" X="20093.9" Y="154935" />
				<Coordinate Order="1" X="20022.5" Y="154999" />
				<Coordinate Order="2" X="19958.3" Y="155071" />
				<Coordinate Order="3" X="19920.3" Y="155159" />
				<Coordinate Order="4" X="19903.7" Y="155256" />
				<Coordinate Order="5" X="19946.5" Y="155344" />
				<Coordinate Order="6" X="20029.7" Y="155392" />
				<Coordinate Order="7" X="20124.8" Y="155389" />
				<Coordinate Order="8" X="20158.1" Y="155294" />
				<Coordinate Order="9" X="20158.1" Y="155197" />
				<Coordinate Order="10" X="20158.1" Y="155099" />
				<Coordinate Order="11" X="20158.1" Y="155002" />
			</Coordinates>
		</Annotation>
		<Annotation Name="Annotation 4" Type="Polygon" PartOfGroup="metastases" Color="#F4FA58">
			<Coordinates>
				<Coordinate Order="0" X="19877.5" Y="155560" />
				<Coordinate Order="1" X="19777.6" Y="155560" />
				<Coordinate Order="2" X="19680.2" Y="155568" />
				<Coordinate Order="3" X="19587.4" Y="155596" />
				<Coordinate Order="4" X="19509" Y="155651" />
				<Coordinate Order="5" X="19482.8" Y="155751" />
				<Coordinate Order="6" X="19497.1" Y="155848" />
				<Coordinate Order="7" X="19558.9" Y="155922" />
				<Coordinate Order="8" X="19554.1" Y="156017" />
				<Coordinate Order="9" X="19511.4" Y="156155" />
				<Coordinate Order="10" X="19549.4" Y="156255" />
				<Coordinate Order="11" X="19625.5" Y="156348" />
				<Coordinate Order="12" X="19734.8" Y="156364" />
				<Coordinate Order="13" X="19910.8" Y="156245" />
				<Coordinate Order="14" X="19979.7" Y="156179" />
				<Coordinate Order="15" X="19934.6" Y="156093" />
				<Coordinate Order="16" X="19901.3" Y="156003" />
				<Coordinate Order="17" X="19830" Y="155936" />
				<Coordinate Order="18" X="19749.1" Y="155884" />
				<Coordinate Order="19" X="19806.2" Y="155805" />
				<Coordinate Order="20" X="19903.7" Y="155777" />
				<Coordinate Order="21" X="19958.3" Y="155698" />
				<Coordinate Order="22" X="19946.5" Y="155603" />
			</Coordinates>
		</Annotation>
		<Annotation Name="Annotation 5" Type="Polygon" PartOfGroup="metastases" Color="#F4FA58">
			<Coordinates>
				<Coordinate Order="0" X="20466.6" Y="155088" />
				<Coordinate Order="1" X="20415.2" Y="155147" />
				<Coordinate Order="2" X="20398" Y="155221" />
				<Coordinate Order="3" X="20394.2" Y="155297" />
				<Coordinate Order="4" X="20441.8" Y="155360" />
				<Coordinate Order="5" X="20512.4" Y="155393" />
				<Coordinate Order="6" X="20573.4" Y="155345" />
				<Coordinate Order="7" X="20569.6" Y="155267" />
				<Coordinate Order="8" X="20565.8" Y="155191" />
				<Coordinate Order="9" X="20548.6" Y="155116" />
			</Coordinates>
		</Annotation>
		<Annotation Name="Annotation 6" Type="Polygon" PartOfGroup="metastases" Color="#F4FA58">
			<Coordinates>
				<Coordinate Order="0" X="20200.1" Y="155522" />
				<Coordinate Order="1" X="20167.9" Y="155535" />
				<Coordinate Order="2" X="20148.9" Y="155591" />
				<Coordinate Order="3" X="20181.1" Y="155641" />
				<Coordinate Order="4" X="20198.6" Y="155669" />
				<Coordinate Order="5" X="20235.2" Y="155650" />
				<Coordinate Order="6" X="20235.2" Y="155550" />
			</Coordinates>
		</Annotation>
		<Annotation Name="Annotation 7" Type="Polygon" PartOfGroup="metastases" Color="#F4FA58">
			<Coordinates>
				<Coordinate Order="0" X="24164.2" Y="156690" />
				<Coordinate Order="1" X="24087.3" Y="156829" />
				<Coordinate Order="2" X="23977.5" Y="156928" />
				<Coordinate Order="3" X="23973.8" Y="157075" />
				<Coordinate Order="4" X="24091" Y="157170" />
				<Coordinate Order="5" X="24149.6" Y="157276" />
				<Coordinate Order="6" X="23860.3" Y="157196" />
				<Coordinate Order="7" X="23739.5" Y="157280" />
				<Coordinate Order="8" X="23530.8" Y="157547" />
				<Coordinate Order="9" X="23541.8" Y="157818" />
				<Coordinate Order="10" X="23600.4" Y="157954" />
				<Coordinate Order="11" X="23699.2" Y="158063" />
				<Coordinate Order="12" X="23809.1" Y="158162" />
				<Coordinate Order="13" X="23893.3" Y="158283" />
				<Coordinate Order="14" X="23856.7" Y="158426" />
				<Coordinate Order="15" X="23713.9" Y="158459" />
				<Coordinate Order="16" X="23571.1" Y="158492" />
				<Coordinate Order="17" X="23428.3" Y="158539" />
				<Coordinate Order="18" X="23303.8" Y="158620" />
				<Coordinate Order="19" X="23226.9" Y="158748" />
				<Coordinate Order="20" X="23208.6" Y="158898" />
				<Coordinate Order="21" X="23234.3" Y="159023" />
				<Coordinate Order="22" X="23040.2" Y="159143" />
				<Coordinate Order="23" X="23029.2" Y="159323" />
				<Coordinate Order="24" X="23117.1" Y="159422" />
				<Coordinate Order="25" X="23168.4" Y="159326" />
				<Coordinate Order="26" X="23161" Y="159191" />
				<Coordinate Order="27" X="23311.2" Y="159070" />
				<Coordinate Order="28" X="23395.4" Y="158927" />
				<Coordinate Order="29" X="23479.6" Y="159001" />
				<Coordinate Order="30" X="23582.1" Y="158997" />
				<Coordinate Order="31" X="23622.4" Y="159023" />
				<Coordinate Order="32" X="23483.2" Y="159085" />
				<Coordinate Order="33" X="23421" Y="159220" />
				<Coordinate Order="34" X="23479.6" Y="159345" />
				<Coordinate Order="35" X="23464.9" Y="159491" />
				<Coordinate Order="36" X="23483.2" Y="159638" />
				<Coordinate Order="37" X="23527.2" Y="159791" />
				<Coordinate Order="38" X="23527.2" Y="159942" />
				<Coordinate Order="39" X="23516.2" Y="160088" />
				<Coordinate Order="40" X="23450.3" Y="160223" />
				<Coordinate Order="41" X="23443" Y="160370" />
				<Coordinate Order="42" X="23468.6" Y="160516" />
				<Coordinate Order="43" X="23516.2" Y="160659" />
				<Coordinate Order="44" X="23556.5" Y="160802" />
				<Coordinate Order="45" X="23611.4" Y="160945" />
				<Coordinate Order="46" X="23666.3" Y="161084" />
				<Coordinate Order="47" X="23666.3" Y="161234" />
				<Coordinate Order="48" X="23666.3" Y="161263" />
				<Coordinate Order="49" X="23662.6" Y="161413" />
				<Coordinate Order="50" X="23684.6" Y="161560" />
				<Coordinate Order="51" X="23820.1" Y="161626" />
				<Coordinate Order="52" X="23966.5" Y="161596" />
				<Coordinate Order="53" X="24113" Y="161640" />
				<Coordinate Order="54" X="24259.4" Y="161673" />
				<Coordinate Order="55" X="24405.9" Y="161688" />
				<Coordinate Order="56" X="24552.3" Y="161677" />
				<Coordinate Order="57" X="24636.5" Y="161801" />
				<Coordinate Order="58" X="24665.8" Y="161948" />
				<Coordinate Order="59" X="24812.3" Y="161977" />
				<Coordinate Order="60" X="24951.4" Y="161915" />
				<Coordinate Order="61" X="24980.7" Y="161889" />
				<Coordinate Order="62" X="25028.3" Y="162028" />
				<Coordinate Order="63" X="25119.8" Y="162146" />
				<Coordinate Order="64" X="25266.3" Y="162186" />
				<Coordinate Order="65" X="25412.7" Y="162175" />
				<Coordinate Order="66" X="25511.6" Y="162109" />
				<Coordinate Order="67" X="25639.7" Y="162201" />
				<Coordinate Order="68" X="25804.5" Y="162299" />
				<Coordinate Order="69" X="25672.7" Y="162373" />
				<Coordinate Order="70" X="25540.9" Y="162439" />
				<Coordinate Order="71" X="25518.9" Y="162614" />
				<Coordinate Order="72" X="25562.8" Y="162757" />
				<Coordinate Order="73" X="25595.8" Y="162900" />
				<Coordinate Order="74" X="25614.1" Y="163046" />
				<Coordinate Order="75" X="25680" Y="163131" />
				<Coordinate Order="76" X="25797.1" Y="163222" />
				<Coordinate Order="77" X="25800.8" Y="163255" />
				<Coordinate Order="78" X="25819.1" Y="163401" />
				<Coordinate Order="79" X="25936.3" Y="163504" />
				<Coordinate Order="80" X="26053.4" Y="163606" />
				<Coordinate Order="81" X="26166.9" Y="163702" />
				<Coordinate Order="82" X="26284.1" Y="163808" />
				<Coordinate Order="83" X="26415.9" Y="163888" />
				<Coordinate Order="84" X="26544" Y="163973" />
				<Coordinate Order="85" X="26672.2" Y="164046" />
				<Coordinate Order="86" X="26804" Y="164126" />
				<Coordinate Order="87" X="26943.1" Y="164200" />
				<Coordinate Order="88" X="27089.6" Y="164225" />
				<Coordinate Order="89" X="27217.7" Y="164148" />
				<Coordinate Order="90" X="27258" Y="164006" />
				<Coordinate Order="91" X="27188.4" Y="163881" />
				<Coordinate Order="92" X="27320.2" Y="163951" />
				<Coordinate Order="93" X="27455.7" Y="164017" />
				<Coordinate Order="94" X="27605.8" Y="164060" />
				<Coordinate Order="95" X="27752.2" Y="164082" />
				<Coordinate Order="96" X="27898.7" Y="164079" />
				<Coordinate Order="97" X="27953.6" Y="164060" />
				<Coordinate Order="98" X="28037.8" Y="164181" />
				<Coordinate Order="99" X="28133" Y="164306" />
				<Coordinate Order="100" X="28250.2" Y="164489" />
				<Coordinate Order="101" X="28378.3" Y="164580" />
				<Coordinate Order="102" X="28418.6" Y="164577" />
				<Coordinate Order="103" X="28568.7" Y="164595" />
				<Coordinate Order="104" X="28718.8" Y="164595" />
				<Coordinate Order="105" X="28865.3" Y="164580" />
				<Coordinate Order="106" X="29004.4" Y="164643" />
				<Coordinate Order="107" X="29136.2" Y="164712" />
				<Coordinate Order="108" X="29279" Y="164752" />
				<Coordinate Order="109" X="29425.4" Y="164767" />
				<Coordinate Order="110" X="29586.5" Y="164789" />
				<Coordinate Order="111" X="29729.3" Y="164833" />
				<Coordinate Order="112" X="29875.8" Y="164855" />
				<Coordinate Order="113" X="30018.6" Y="164892" />
				<Coordinate Order="114" X="30161.3" Y="164939" />
				<Coordinate Order="115" X="30307.8" Y="164972" />
				<Coordinate Order="116" X="30454.2" Y="164987" />
				<Coordinate Order="117" X="30604.4" Y="164987" />
				<Coordinate Order="118" X="30754.5" Y="164976" />
				<Coordinate Order="119" X="30908.2" Y="164957" />
				<Coordinate Order="120" X="31047.4" Y="164906" />
				<Coordinate Order="121" X="31197.5" Y="164877" />
				<Coordinate Order="122" X="31347.6" Y="164855" />
				<Coordinate Order="123" X="31494" Y="164859" />
				<Coordinate Order="124" X="31640.5" Y="164833" />
				<Coordinate Order="125" X="31797.9" Y="164632" />
				<Coordinate Order="126" X="31867.5" Y="164500" />
				<Coordinate Order="127" X="31915.1" Y="164357" />
				<Coordinate Order="128" X="31966.3" Y="164218" />
				<Coordinate Order="129" X="31999.3" Y="164075" />
				<Coordinate Order="130" X="32021.3" Y="163925" />
				<Coordinate Order="131" X="31955.4" Y="163793" />
				<Coordinate Order="132" X="31944.4" Y="163647" />
				<Coordinate Order="133" X="31940.7" Y="163500" />
				<Coordinate Order="134" X="31900.4" Y="163357" />
				<Coordinate Order="135" X="31889.5" Y="163211" />
				<Coordinate Order="136" X="31889.5" Y="163061" />
				<Coordinate Order="137" X="31845.5" Y="162914" />
				<Coordinate Order="138" X="31757.7" Y="162742" />
				<Coordinate Order="139" X="31680.8" Y="162614" />
				<Coordinate Order="140" X="31636.8" Y="162468" />
				<Coordinate Order="141" X="31658.8" Y="162318" />
				<Coordinate Order="142" X="31625.8" Y="162175" />
				<Coordinate Order="143" X="31592.9" Y="162028" />
				<Coordinate Order="144" X="31549" Y="161886" />
				<Coordinate Order="145" X="31516" Y="161739" />
				<Coordinate Order="146" X="31479.4" Y="161596" />
				<Coordinate Order="147" X="31468.4" Y="161450" />
				<Coordinate Order="148" X="31468.4" Y="161300" />
				<Coordinate Order="149" X="31464.8" Y="161296" />
				<Coordinate Order="150" X="31420.8" Y="161153" />
				<Coordinate Order="151" X="31369.6" Y="161014" />
				<Coordinate Order="152" X="31329.3" Y="160872" />
				<Coordinate Order="153" X="31296.3" Y="160699" />
				<Coordinate Order="154" X="31439.1" Y="160732" />
				<Coordinate Order="155" X="31483.1" Y="160590" />
				<Coordinate Order="156" X="31347.6" Y="160524" />
				<Coordinate Order="157" X="31204.8" Y="160377" />
				<Coordinate Order="158" X="31226.8" Y="160275" />
				<Coordinate Order="159" X="31300" Y="160271" />
				<Coordinate Order="160" X="31435.5" Y="160333" />
				<Coordinate Order="161" X="31567.3" Y="160407" />
				<Coordinate Order="162" X="31691.7" Y="160498" />
				<Coordinate Order="163" X="31830.9" Y="160557" />
				<Coordinate Order="164" X="31962.7" Y="160630" />
				<Coordinate Order="165" X="32145.7" Y="160681" />
				<Coordinate Order="166" X="32292.2" Y="160710" />
				<Coordinate Order="167" X="32438.6" Y="160718" />
				<Coordinate Order="168" X="32588.8" Y="160747" />
				<Coordinate Order="169" X="32738.9" Y="160754" />
				<Coordinate Order="170" X="32892.6" Y="160747" />
				<Coordinate Order="171" X="33039.1" Y="160718" />
				<Coordinate Order="172" X="33185.5" Y="160688" />
				<Coordinate Order="173" X="33332" Y="160670" />
				<Coordinate Order="174" X="33471.1" Y="160623" />
				<Coordinate Order="175" X="33621.2" Y="160579" />
				<Coordinate Order="176" X="33760.4" Y="160527" />
				<Coordinate Order="177" X="33892.2" Y="160454" />
				<Coordinate Order="178" X="34009.3" Y="160359" />
				<Coordinate Order="179" X="34064.2" Y="160220" />
				<Coordinate Order="180" X="34104.5" Y="160077" />
				<Coordinate Order="181" X="34104.5" Y="159920" />
				<Coordinate Order="182" X="33987.4" Y="159817" />
				<Coordinate Order="183" X="34016.6" Y="159667" />
				<Coordinate Order="184" X="33928.8" Y="159542" />
				<Coordinate Order="185" X="33797" Y="159477" />
				<Coordinate Order="186" X="33650.5" Y="159480" />
				<Coordinate Order="187" X="33548" Y="159550" />
				<Coordinate Order="188" X="33581" Y="159755" />
				<Coordinate Order="189" X="33482.1" Y="159971" />
				<Coordinate Order="190" X="33317.3" Y="160165" />
				<Coordinate Order="191" X="33236.8" Y="159985" />
				<Coordinate Order="192" X="33039.1" Y="159890" />
				<Coordinate Order="193" X="32914.6" Y="159810" />
				<Coordinate Order="194" X="32918.3" Y="159645" />
				<Coordinate Order="195" X="32746.2" Y="159605" />
				<Coordinate Order="196" X="32570.4" Y="159400" />
				<Coordinate Order="197" X="32570.4" Y="159264" />
				<Coordinate Order="198" X="32398.4" Y="159165" />
				<Coordinate Order="199" X="32339.8" Y="159315" />
				<Coordinate Order="200" X="32233.6" Y="159378" />
				<Coordinate Order="201" X="32057.9" Y="159374" />
				<Coordinate Order="202" X="31866.5" Y="159273" />
				<Coordinate Order="203" X="31786.8" Y="159226" />
				<Coordinate Order="204" X="31696.1" Y="159224" />
				<Coordinate Order="205" X="31607.6" Y="159233" />
				<Coordinate Order="206" X="31589.9" Y="159324" />
				<Coordinate Order="207" X="31592.1" Y="159412" />
				<Coordinate Order="208" X="31532.4" Y="159478" />
				<Coordinate Order="209" X="31443.9" Y="159456" />
				<Coordinate Order="210" X="31408.5" Y="159374" />
				<Coordinate Order="211" X="31346.5" Y="159306" />
				<Coordinate Order="212" X="31291.2" Y="159235" />
				<Coordinate Order="213" X="31196.1" Y="159195" />
				<Coordinate Order="214" X="31105.4" Y="159175" />
				<Coordinate Order="215" X="31107.6" Y="159087" />
				<Coordinate Order="216" X="31176.2" Y="159027" />
				<Coordinate Order="217" X="31127.5" Y="158965" />
				<Coordinate Order="218" X="31034.6" Y="158930" />
				<Coordinate Order="219" X="30943.9" Y="158925" />
				<Coordinate Order="220" X="30862" Y="158961" />
				<Coordinate Order="221" X="30780.2" Y="158923" />
				<Coordinate Order="222" X="30740.3" Y="158843" />
				<Coordinate Order="223" X="30645.2" Y="158848" />
				<Coordinate Order="224" X="30558.9" Y="158868" />
				<Coordinate Order="225" X="30468.2" Y="158874" />
				<Coordinate Order="226" X="30381.9" Y="158832" />
				<Coordinate Order="227" X="30326.6" Y="158762" />
				<Coordinate Order="228" X="30266.9" Y="158691" />
				<Coordinate Order="229" X="30222.6" Y="158611" />
				<Coordinate Order="230" X="30207.1" Y="158520" />
				<Coordinate Order="231" X="30158.4" Y="158439" />
				<Coordinate Order="232" X="30112" Y="158361" />
				<Coordinate Order="233" X="30058.9" Y="158290" />
				<Coordinate Order="234" X="29983.7" Y="158239" />
				<Coordinate Order="235" X="29901.8" Y="158200" />
				<Coordinate Order="236" X="29815.5" Y="158142" />
				<Coordinate Order="237" X="29746.9" Y="158078" />
				<Coordinate Order="238" X="29676.1" Y="158023" />
				<Coordinate Order="239" X="29616.4" Y="157956" />
				<Coordinate Order="240" X="29574.3" Y="157874" />
				<Coordinate Order="241" X="29569.9" Y="157779" />
				<Coordinate Order="242" X="29556.6" Y="157691" />
				<Coordinate Order="243" X="29516.8" Y="157607" />
				<Coordinate Order="244" X="29408.4" Y="157529" />
				<Coordinate Order="245" X="29317.7" Y="157516" />
				<Coordinate Order="246" X="29222.6" Y="157512" />
				<Coordinate Order="247" X="29134.1" Y="157503" />
				<Coordinate Order="248" X="29047.8" Y="157525" />
				<Coordinate Order="249" X="28963.7" Y="157554" />
				<Coordinate Order="250" X="28870.8" Y="157582" />
				<Coordinate Order="251" X="28786.7" Y="157622" />
				<Coordinate Order="252" X="28704.8" Y="157660" />
				<Coordinate Order="253" X="28616.3" Y="157658" />
				<Coordinate Order="254" X="28403.9" Y="157609" />
				<Coordinate Order="255" X="28488" Y="157580" />
				<Coordinate Order="256" X="28578.7" Y="157578" />
				<Coordinate Order="257" X="28669.4" Y="157580" />
				<Coordinate Order="258" X="28757.9" Y="157573" />
				<Coordinate Order="259" X="28819.9" Y="157503" />
				<Coordinate Order="260" X="28848.6" Y="157416" />
				<Coordinate Order="261" X="28828.7" Y="157321" />
				<Coordinate Order="262" X="28791.1" Y="157235" />
				<Coordinate Order="263" X="28755.7" Y="157153" />
				<Coordinate Order="264" X="28724.7" Y="157069" />
				<Coordinate Order="265" X="28651.7" Y="157018" />
				<Coordinate Order="266" X="28567.7" Y="156989" />
				<Coordinate Order="267" X="28479.2" Y="157003" />
				<Coordinate Order="268" X="28430.5" Y="157060" />
				<Coordinate Order="269" X="28461.5" Y="157144" />
				<Coordinate Order="270" X="28403.9" Y="157213" />
				<Coordinate Order="271" X="28330.9" Y="157158" />
				<Coordinate Order="272" X="28324.3" Y="157069" />
				<Coordinate Order="273" X="28357.5" Y="156985" />
				<Coordinate Order="274" X="28441.5" Y="156958" />
				<Coordinate Order="275" X="28465.9" Y="156903" />
				<Coordinate Order="276" X="28399.5" Y="156841" />
				<Coordinate Order="277" X="28311" Y="156843" />
				<Coordinate Order="278" X="28220.3" Y="156826" />
				<Coordinate Order="279" X="28176.1" Y="156748" />
				<Coordinate Order="280" X="28103" Y="156691" />
				<Coordinate Order="281" X="28012.3" Y="156677" />
				<Coordinate Order="282" X="27919.4" Y="156671" />
				<Coordinate Order="283" X="27828.7" Y="156649" />
				<Coordinate Order="284" X="27733.6" Y="156646" />
				<Coordinate Order="285" X="27645.1" Y="156631" />
				<Coordinate Order="286" X="27552.1" Y="156613" />
				<Coordinate Order="287" X="27547.7" Y="156523" />
				<Coordinate Order="288" X="27598.6" Y="156450" />
				<Coordinate Order="289" X="27636.2" Y="156365" />
				<Coordinate Order="290" X="27673.8" Y="156273" />
				<Coordinate Order="291" X="27713.6" Y="156188" />
				<Coordinate Order="292" X="27711.4" Y="156100" />
				<Coordinate Order="293" X="27645.1" Y="156036" />
				<Coordinate Order="294" X="27556.6" Y="156005" />
				<Coordinate Order="295" X="27468.1" Y="155976" />
				<Coordinate Order="296" X="27372.9" Y="155963" />
				<Coordinate Order="297" X="27282.2" Y="155965" />
				<Coordinate Order="298" X="27193.7" Y="155978" />
				<Coordinate Order="299" X="27145" Y="155969" />
				<Coordinate Order="300" X="27056.5" Y="155981" />
				<Coordinate Order="301" X="26976.9" Y="156025" />
				<Coordinate Order="302" X="26892.8" Y="156071" />
				<Coordinate Order="303" X="26810.9" Y="156113" />
				<Coordinate Order="304" X="26742.4" Y="156173" />
				<Coordinate Order="305" X="26667.1" Y="156231" />
				<Coordinate Order="306" X="26591.9" Y="156284" />
				<Coordinate Order="307" X="26516.7" Y="156332" />
				<Coordinate Order="308" X="26437" Y="156377" />
				<Coordinate Order="309" X="26353" Y="156414" />
				<Coordinate Order="310" X="26266.7" Y="156452" />
				<Coordinate Order="311" X="26182.6" Y="156487" />
				<Coordinate Order="312" X="26094.1" Y="156523" />
				<Coordinate Order="313" X="26007.8" Y="156551" />
				<Coordinate Order="314" X="25919.3" Y="156585" />
				<Coordinate Order="315" X="25835.2" Y="156609" />
				<Coordinate Order="316" X="25757.8" Y="156655" />
				<Coordinate Order="317" X="25675.9" Y="156702" />
				<Coordinate Order="318" X="25589.7" Y="156739" />
				<Coordinate Order="319" X="25510" Y="156781" />
				<Coordinate Order="320" X="25430.4" Y="156846" />
				<Coordinate Order="321" X="25355.1" Y="156901" />
				<Coordinate Order="322" X="25286.5" Y="156958" />
				<Coordinate Order="323" X="25244.5" Y="157038" />
				<Coordinate Order="324" X="25187" Y="157111" />
				<Coordinate Order="325" X="25129.5" Y="157180" />
				<Coordinate Order="326" X="25071.9" Y="157253" />
				<Coordinate Order="327" X="25012.2" Y="157321" />
				<Coordinate Order="328" X="24941.4" Y="157377" />
				<Coordinate Order="329" X="24899.4" Y="157297" />
				<Coordinate Order="330" X="24872.8" Y="157208" />
				<Coordinate Order="331" X="24859.5" Y="157120" />
				<Coordinate Order="332" X="24857.3" Y="157031" />
				<Coordinate Order="333" X="24799.8" Y="156961" />
				<Coordinate Order="334" X="24740.1" Y="156888" />
				<Coordinate Order="335" X="24669.3" Y="156832" />
				<Coordinate Order="336" X="24583" Y="156804" />
				<Coordinate Order="337" X="24510" Y="156750" />
				<Coordinate Order="338" X="24450.2" Y="156675" />
				<Coordinate Order="339" X="24406" Y="156593" />
				<Coordinate Order="340" X="24350.7" Y="156520" />
				<Coordinate Order="341" X="24275.4" Y="156472" />
				<Coordinate Order="342" X="24209.1" Y="156503" />
			</Coordinates>
		</Annotation>
		<Annotation Name="Annotation 8" Type="Polygon" PartOfGroup="metastases" Color="#F4FA58">
			<Coordinates>
				<Coordinate Order="0" X="33759.1" Y="162479" />
				<Coordinate Order="1" X="33678.5" Y="162586" />
				<Coordinate Order="2" X="33572.2" Y="162663" />
				<Coordinate Order="3" X="33469" Y="162743" />
				<Coordinate Order="4" X="33427.2" Y="162866" />
				<Coordinate Order="5" X="33498" Y="162976" />
				<Coordinate Order="6" X="33614.1" Y="163046" />
				<Coordinate Order="7" X="33743" Y="163075" />
				<Coordinate Order="8" X="33875.1" Y="163075" />
				<Coordinate Order="9" X="34013.6" Y="163075" />
				<Coordinate Order="10" X="34145.8" Y="163043" />
				<Coordinate Order="11" X="34268.2" Y="162988" />
				<Coordinate Order="12" X="34397.1" Y="162946" />
				<Coordinate Order="13" X="34522.8" Y="162905" />
				<Coordinate Order="14" X="34609.8" Y="162808" />
				<Coordinate Order="15" X="34687.2" Y="162702" />
				<Coordinate Order="16" X="34709.7" Y="162569" />
				<Coordinate Order="17" X="34613" Y="162482" />
				<Coordinate Order="18" X="34513.1" Y="162399" />
				<Coordinate Order="19" X="34451.9" Y="162360" />
				<Coordinate Order="20" X="34348.8" Y="162450" />
				<Coordinate Order="21" X="34200.6" Y="162476" />
				<Coordinate Order="22" X="34139.3" Y="162431" />
				<Coordinate Order="23" X="33962.1" Y="162470" />
				<Coordinate Order="24" X="33888" Y="162444" />
			</Coordinates>
		</Annotation>
		<Annotation Name="Annotation 9" Type="Polygon" PartOfGroup="metastases" Color="#F4FA58">
			<Coordinates>
				<Coordinate Order="0" X="32537.7" Y="162147" />
				<Coordinate Order="1" X="32408.8" Y="162176" />
				<Coordinate Order="2" X="32350.8" Y="162292" />
				<Coordinate Order="3" X="32434.6" Y="162395" />
				<Coordinate Order="4" X="32544.2" Y="162347" />
				<Coordinate Order="5" X="32666.6" Y="162334" />
				<Coordinate Order="6" X="32663.4" Y="162202" />
			</Coordinates>
		</Annotation>
		<Annotation Name="Annotation 10" Type="Polygon" PartOfGroup="metastases" Color="#F4FA58">
			<Coordinates>
				<Coordinate Order="0" X="34101.6" Y="161083" />
				<Coordinate Order="1" X="33991.4" Y="161099" />
				<Coordinate Order="2" X="33892.2" Y="161157" />
				<Coordinate Order="3" X="33828.8" Y="161248" />
				<Coordinate Order="4" X="33773.7" Y="161345" />
				<Coordinate Order="5" X="33782" Y="161455" />
				<Coordinate Order="6" X="33894.9" Y="161444" />
				<Coordinate Order="7" X="33985.9" Y="161375" />
				<Coordinate Order="8" X="34057.5" Y="161290" />
				<Coordinate Order="9" X="34118.1" Y="161193" />
				<Coordinate Order="10" X="34140.1" Y="161108" />
			</Coordinates>
		</Annotation>
		<Annotation Name="Annotation 11" Type="Polygon" PartOfGroup="metastases" Color="#F4FA58">
			<Coordinates>
				<Coordinate Order="0" X="34781.9" Y="159541" />
				<Coordinate Order="1" X="34662.7" Y="159632" />
				<Coordinate Order="2" X="34550.5" Y="159723" />
				<Coordinate Order="3" X="34455.9" Y="159836" />
				<Coordinate Order="4" X="34396.3" Y="159969" />
				<Coordinate Order="5" X="34417.3" Y="160109" />
				<Coordinate Order="6" X="34515.5" Y="160211" />
				<Coordinate Order="7" X="34652.2" Y="160253" />
				<Coordinate Order="8" X="34799.5" Y="160260" />
				<Coordinate Order="9" X="34939.7" Y="160228" />
				<Coordinate Order="10" X="35073" Y="160183" />
				<Coordinate Order="11" X="35209.7" Y="160134" />
				<Coordinate Order="12" X="35230.7" Y="160211" />
				<Coordinate Order="13" X="35314.9" Y="160326" />
				<Coordinate Order="14" X="35455.1" Y="160291" />
				<Coordinate Order="15" X="35588.4" Y="160235" />
				<Coordinate Order="16" X="35721.6" Y="160183" />
				<Coordinate Order="17" X="35830.3" Y="160088" />
				<Coordinate Order="18" X="35907.4" Y="159965" />
				<Coordinate Order="19" X="35868.9" Y="159825" />
				<Coordinate Order="20" X="35963.5" Y="159716" />
				<Coordinate Order="21" X="36082.8" Y="159639" />
				<Coordinate Order="22" X="36037.2" Y="159506" />
				<Coordinate Order="23" X="35889.9" Y="159489" />
				<Coordinate Order="24" X="35746.2" Y="159489" />
				<Coordinate Order="25" X="35626.9" Y="159569" />
				<Coordinate Order="26" X="35507.7" Y="159653" />
				<Coordinate Order="27" X="35381.5" Y="159811" />
				<Coordinate Order="28" X="35286.8" Y="159702" />
				<Coordinate Order="29" X="35157.1" Y="159636" />
				<Coordinate Order="30" X="35020.4" Y="159580" />
			</Coordinates>
		</Annotation>
		<Annotation Name="Annotation 12" Type="Polygon" PartOfGroup="metastases" Color="#F4FA58">
			<Coordinates>
				<Coordinate Order="0" X="37334.5" Y="158847" />
				<Coordinate Order="1" X="37225.8" Y="158938" />
				<Coordinate Order="2" X="37138.1" Y="159054" />
				<Coordinate Order="3" X="37106.6" Y="159138" />
				<Coordinate Order="4" X="36980.4" Y="159099" />
				<Coordinate Order="5" X="36857.6" Y="159180" />
				<Coordinate Order="6" X="36791" Y="159310" />
				<Coordinate Order="7" X="36748.9" Y="159397" />
				<Coordinate Order="8" X="36517.5" Y="159513" />
				<Coordinate Order="9" X="36254.6" Y="159625" />
				<Coordinate Order="10" X="36310.7" Y="159692" />
				<Coordinate Order="11" X="36450.9" Y="159688" />
				<Coordinate Order="12" X="36591.2" Y="159664" />
				<Coordinate Order="13" X="36759.5" Y="159548" />
				<Coordinate Order="14" X="36889.2" Y="159489" />
				<Coordinate Order="15" X="37001.4" Y="159401" />
				<Coordinate Order="16" X="37068" Y="159275" />
				<Coordinate Order="17" X="37162.7" Y="159169" />
				<Coordinate Order="18" X="37288.9" Y="159092" />
				<Coordinate Order="19" X="37397.6" Y="159001" />
				<Coordinate Order="20" X="37558.9" Y="158836" />
				<Coordinate Order="21" X="37562.4" Y="158724" />
				<Coordinate Order="22" X="37464.2" Y="158752" />
			</Coordinates>
		</Annotation>
		<Annotation Name="Annotation 13" Type="Polygon" PartOfGroup="metastases" Color="#F4FA58">
			<Coordinates>
				<Coordinate Order="0" X="36117.8" Y="159180" />
				<Coordinate Order="1" X="36051.2" Y="159310" />
				<Coordinate Order="2" X="36075.7" Y="159467" />
				<Coordinate Order="3" X="36135.3" Y="159548" />
				<Coordinate Order="4" X="36272.1" Y="159538" />
				<Coordinate Order="5" X="36272.1" Y="159390" />
				<Coordinate Order="6" X="36387.8" Y="159460" />
				<Coordinate Order="7" X="36440.4" Y="159527" />
				<Coordinate Order="8" X="36436.9" Y="159457" />
				<Coordinate Order="9" X="36279.1" Y="159268" />
				<Coordinate Order="10" X="36247.5" Y="159205" />
				<Coordinate Order="11" X="36496.5" Y="159303" />
				<Coordinate Order="12" X="36570.1" Y="159208" />
				<Coordinate Order="13" X="36507" Y="159131" />
				<Coordinate Order="14" X="36363.3" Y="159106" />
				<Coordinate Order="15" X="36219.5" Y="159106" />
			</Coordinates>
		</Annotation>
		<Annotation Name="Annotation 14" Type="Polygon" PartOfGroup="metastases" Color="#F4FA58">
			<Coordinates>
				<Coordinate Order="0" X="37621.1" Y="158429" />
				<Coordinate Order="1" X="37531.1" Y="158469" />
				<Coordinate Order="2" X="37528.6" Y="158579" />
				<Coordinate Order="3" X="37631.1" Y="158584" />
				<Coordinate Order="4" X="37706" Y="158516" />
				<Coordinate Order="5" X="37776" Y="158444" />
				<Coordinate Order="6" X="37853.5" Y="158381" />
				<Coordinate Order="7" X="37801" Y="158346" />
				<Coordinate Order="8" X="37706" Y="158389" />
			</Coordinates>
		</Annotation>
		<Annotation Name="Annotation 15" Type="Polygon" PartOfGroup="metastases" Color="#F4FA58">
			<Coordinates>
				<Coordinate Order="0" X="37841.2" Y="159102" />
				<Coordinate Order="1" X="37746.4" Y="159114" />
				<Coordinate Order="2" X="37746.4" Y="159211" />
				<Coordinate Order="3" X="37815.1" Y="159280" />
				<Coordinate Order="4" X="37845.9" Y="159372" />
				<Coordinate Order="5" X="37862.5" Y="159467" />
				<Coordinate Order="6" X="37862.5" Y="159566" />
				<Coordinate Order="7" X="37876.7" Y="159661" />
				<Coordinate Order="8" X="37935.9" Y="159737" />
				<Coordinate Order="9" X="38028.3" Y="159775" />
				<Coordinate Order="10" X="38066.2" Y="159865" />
				<Coordinate Order="11" X="38111.3" Y="159953" />
				<Coordinate Order="12" X="38187.1" Y="160012" />
				<Coordinate Order="13" X="38198.9" Y="160083" />
				<Coordinate Order="14" X="38132.6" Y="160014" />
				<Coordinate Order="15" X="38049.7" Y="159967" />
				<Coordinate Order="16" X="37957.3" Y="159936" />
				<Coordinate Order="17" X="37862.5" Y="159948" />
				<Coordinate Order="18" X="37770.1" Y="159991" />
				<Coordinate Order="19" X="37800.9" Y="160081" />
				<Coordinate Order="20" X="37862.5" Y="160156" />
				<Coordinate Order="21" X="37905.1" Y="160242" />
				<Coordinate Order="22" X="37954.9" Y="160327" />
				<Coordinate Order="23" X="37999.9" Y="160365" />
				<Coordinate Order="24" X="38134.9" Y="160175" />
				<Coordinate Order="25" X="38184.7" Y="160344" />
				<Coordinate Order="26" X="38063.9" Y="160365" />
				<Coordinate Order="27" X="38073.4" Y="160462" />
				<Coordinate Order="28" X="38080.5" Y="160557" />
				<Coordinate Order="29" X="38118.4" Y="160670" />
				<Coordinate Order="30" X="38161" Y="160723" />
				<Coordinate Order="31" X="38085.2" Y="160775" />
				<Coordinate Order="32" X="37985.7" Y="160760" />
				<Coordinate Order="33" X="37850.7" Y="160803" />
				<Coordinate Order="34" X="37796.2" Y="160886" />
				<Coordinate Order="35" X="37845.9" Y="160976" />
				<Coordinate Order="36" X="37983.3" Y="161047" />
				<Coordinate Order="37" X="38078.1" Y="160974" />
				<Coordinate Order="38" X="38099.4" Y="160841" />
				<Coordinate Order="39" X="38194.2" Y="160746" />
				<Coordinate Order="40" X="38227.3" Y="160808" />
				<Coordinate Order="41" X="38315" Y="160853" />
				<Coordinate Order="42" X="38397.9" Y="160900" />
				<Coordinate Order="43" X="38525.8" Y="160978" />
				<Coordinate Order="44" X="38625.3" Y="160988" />
				<Coordinate Order="45" X="38715.4" Y="160957" />
				<Coordinate Order="46" X="38795.9" Y="160905" />
				<Coordinate Order="47" X="38803" Y="160810" />
				<Coordinate Order="48" X="38762.8" Y="160723" />
				<Coordinate Order="49" X="38691.7" Y="160659" />
				<Coordinate Order="50" X="38604" Y="160618" />
				<Coordinate Order="51" X="38525.8" Y="160559" />
				<Coordinate Order="52" X="38490.3" Y="160469" />
				<Coordinate Order="53" X="38495" Y="160339" />
				<Coordinate Order="54" X="38457.1" Y="160249" />
				<Coordinate Order="55" X="38405" Y="160168" />
				<Coordinate Order="56" X="38381.3" Y="160076" />
				<Coordinate Order="57" X="38362.4" Y="159981" />
				<Coordinate Order="58" X="38291.3" Y="159917" />
				<Coordinate Order="59" X="38383.7" Y="159803" />
				<Coordinate Order="60" X="38480.8" Y="159720" />
				<Coordinate Order="61" X="38483.2" Y="159626" />
				<Coordinate Order="62" X="38438.2" Y="159536" />
				<Coordinate Order="63" X="38355.3" Y="159488" />
				<Coordinate Order="64" X="38317.4" Y="159462" />
				<Coordinate Order="65" X="38279.5" Y="159375" />
				<Coordinate Order="66" X="38236.8" Y="159289" />
				<Coordinate Order="67" X="38134.9" Y="159240" />
				<Coordinate Order="68" X="37952.5" Y="159417" />
				<Coordinate Order="69" X="37895.7" Y="159254" />
				<Coordinate Order="70" X="37926.5" Y="159152" />
				<Coordinate Order="71" X="37902.8" Y="159093" />
			</Coordinates>
		</Annotation>
		<Annotation Name="Annotation 16" Type="Polygon" PartOfGroup="metastases" Color="#F4FA58">
			<Coordinates>
				<Coordinate Order="0" X="38097.3" Y="161445" />
				<Coordinate Order="1" X="38031.9" Y="161464" />
				<Coordinate Order="2" X="37968" Y="161491" />
				<Coordinate Order="3" X="37995.8" Y="161551" />
				<Coordinate Order="4" X="38056.4" Y="161582" />
				<Coordinate Order="5" X="38123.5" Y="161587" />
				<Coordinate Order="6" X="38190.6" Y="161592" />
				<Coordinate Order="7" X="38256.1" Y="161577" />
				<Coordinate Order="8" X="38223.4" Y="161520" />
				<Coordinate Order="9" X="38167.7" Y="161482" />
			</Coordinates>
		</Annotation>
		<Annotation Name="Annotation 17" Type="Polygon" PartOfGroup="metastases" Color="#F4FA58">
			<Coordinates>
				<Coordinate Order="0" X="38524.6" Y="161541" />
				<Coordinate Order="1" X="38460.7" Y="161567" />
				<Coordinate Order="2" X="38464" Y="161638" />
				<Coordinate Order="3" X="38521.3" Y="161672" />
				<Coordinate Order="4" X="38568.8" Y="161626" />
			</Coordinates>
		</Annotation>
		<Annotation Name="Annotation 18" Type="Polygon" PartOfGroup="metastases" Color="#F4FA58">
			<Coordinates>
				<Coordinate Order="0" X="38642.4" Y="161207" />
				<Coordinate Order="1" X="38572" Y="161196" />
				<Coordinate Order="2" X="38504.9" Y="161198" />
				<Coordinate Order="3" X="38524.6" Y="161294" />
				<Coordinate Order="4" X="38598.2" Y="161328" />
				<Coordinate Order="5" X="38531.1" Y="161382" />
				<Coordinate Order="6" X="38594.9" Y="161417" />
				<Coordinate Order="7" X="38686.6" Y="161435" />
				<Coordinate Order="8" X="38727.5" Y="161376" />
				<Coordinate Order="9" X="38755.4" Y="161327" />
				<Coordinate Order="10" X="38775" Y="161219" />
			</Coordinates>
		</Annotation>
		<Annotation Name="Annotation 19" Type="Polygon" PartOfGroup="metastases" Color="#F4FA58">
			<Coordinates>
				<Coordinate Order="0" X="38996" Y="160942" />
				<Coordinate Order="1" X="38927.2" Y="160952" />
				<Coordinate Order="2" X="38861.8" Y="160960" />
				<Coordinate Order="3" X="38817.6" Y="161009" />
				<Coordinate Order="4" X="38832.3" Y="161073" />
				<Coordinate Order="5" X="38896.1" Y="161099" />
				<Coordinate Order="6" X="38953.4" Y="161134" />
				<Coordinate Order="7" X="38997.6" Y="161183" />
				<Coordinate Order="8" X="39045.1" Y="161232" />
				<Coordinate Order="9" X="39110.6" Y="161245" />
				<Coordinate Order="10" X="39163" Y="161204" />
				<Coordinate Order="11" X="39205.5" Y="161255" />
				<Coordinate Order="12" X="39279.2" Y="161248" />
				<Coordinate Order="13" X="39297.2" Y="161139" />
				<Coordinate Order="14" X="39392.1" Y="161153" />
				<Coordinate Order="15" X="39408.5" Y="161109" />
				<Coordinate Order="16" X="39359.4" Y="161063" />
				<Coordinate Order="17" X="39300.5" Y="161034" />
				<Coordinate Order="18" X="39250.2" Y="161037" />
				<Coordinate Order="19" X="39215.3" Y="161070" />
				<Coordinate Order="20" X="39117.1" Y="161103" />
				<Coordinate Order="21" X="39120.4" Y="161022" />
				<Coordinate Order="22" X="39102.4" Y="160972" />
			</Coordinates>
		</Annotation>
		<Annotation Name="Annotation 20" Type="Polygon" PartOfGroup="metastases" Color="#F4FA58">
			<Coordinates>
				<Coordinate Order="0" X="41034" Y="158979" />
				<Coordinate Order="1" X="40992.4" Y="158970" />
				<Coordinate Order="2" X="40954" Y="159018" />
				<Coordinate Order="3" X="40930.2" Y="158981" />
				<Coordinate Order="4" X="40841.5" Y="158981" />
				<Coordinate Order="5" X="40755" Y="158996" />
				<Coordinate Order="6" X="40670.6" Y="159029" />
				<Coordinate Order="7" X="40610.1" Y="159085" />
				<Coordinate Order="8" X="40685.8" Y="159133" />
				<Coordinate Order="9" X="40768" Y="159163" />
				<Coordinate Order="10" X="40850.2" Y="159193" />
				<Coordinate Order="11" X="40932.4" Y="159226" />
				<Coordinate Order="12" X="41016.7" Y="159262" />
				<Coordinate Order="13" X="41098.9" Y="159291" />
				<Coordinate Order="14" X="41174.7" Y="159336" />
				<Coordinate Order="15" X="41250.4" Y="159379" />
				<Coordinate Order="16" X="41328.2" Y="159418" />
				<Coordinate Order="17" X="41447.2" Y="159407" />
				<Coordinate Order="18" X="41516.4" Y="159362" />
				<Coordinate Order="19" X="41449.4" Y="159262" />
				<Coordinate Order="20" X="41380.2" Y="159182" />
				<Coordinate Order="21" X="41230.9" Y="159208" />
				<Coordinate Order="22" X="41209.3" Y="159163" />
				<Coordinate Order="23" X="41086" Y="159109" />
				<Coordinate Order="24" X="41122.7" Y="159070" />
				<Coordinate Order="25" X="41224.4" Y="159092" />
				<Coordinate Order="26" X="41345.6" Y="159102" />
				<Coordinate Order="27" X="41373.7" Y="159048" />
				<Coordinate Order="28" X="41280.7" Y="158910" />
				<Coordinate Order="29" X="41196.3" Y="158838" />
				<Coordinate Order="30" X="41150.9" Y="158869" />
				<Coordinate Order="31" X="41246" Y="158966" />
				<Coordinate Order="32" X="41187.6" Y="159001" />
				<Coordinate Order="33" X="41114.1" Y="158925" />
				<Coordinate Order="34" X="41049.2" Y="158856" />
				<Coordinate Order="35" X="41025.4" Y="158906" />
			</Coordinates>
		</Annotation>
		<Annotation Name="Annotation 21" Type="Polygon" PartOfGroup="metastases" Color="#F4FA58">
			<Coordinates>
				<Coordinate Order="0" X="40878.3" Y="158635" />
				<Coordinate Order="1" X="40815.6" Y="158661" />
				<Coordinate Order="2" X="40843.7" Y="158739" />
				<Coordinate Order="3" X="40880.5" Y="158758" />
				<Coordinate Order="4" X="40971.3" Y="158739" />
				<Coordinate Order="5" X="40982.1" Y="158676" />
				<Coordinate Order="6" X="40938.9" Y="158644" />
			</Coordinates>
		</Annotation>
		<Annotation Name="Annotation 22" Type="Polygon" PartOfGroup="metastases" Color="#F4FA58">
			<Coordinates>
				<Coordinate Order="0" X="41132.9" Y="157057" />
				<Coordinate Order="1" X="41055.9" Y="157118" />
				<Coordinate Order="2" X="41017.4" Y="157207" />
				<Coordinate Order="3" X="41067.9" Y="157291" />
				<Coordinate Order="4" X="41164.2" Y="157281" />
				<Coordinate Order="5" X="41209.9" Y="157192" />
				<Coordinate Order="6" X="41190.6" Y="157096" />
			</Coordinates>
		</Annotation>
		<Annotation Name="Annotation 23" Type="Polygon" PartOfGroup="metastases" Color="#F4FA58">
			<Coordinates>
				<Coordinate Order="0" X="42111.5" Y="156668" />
				<Coordinate Order="1" X="42051.4" Y="156708" />
				<Coordinate Order="2" X="42031.9" Y="156777" />
				<Coordinate Order="3" X="42083.2" Y="156827" />
				<Coordinate Order="4" X="42154" Y="156814" />
				<Coordinate Order="5" X="42187.6" Y="156751" />
				<Coordinate Order="6" X="42141.6" Y="156694" />
			</Coordinates>
		</Annotation>
		<Annotation Name="Annotation 24" Type="Polygon" PartOfGroup="metastases" Color="#F4FA58">
			<Coordinates>
				<Coordinate Order="0" X="41572" Y="156830" />
				<Coordinate Order="1" X="41520.7" Y="156882" />
				<Coordinate Order="2" X="41506.6" Y="156952" />
				<Coordinate Order="3" X="41517.2" Y="156968" />
				<Coordinate Order="4" X="41582.7" Y="156981" />
				<Coordinate Order="5" X="41630.4" Y="156938" />
				<Coordinate Order="6" X="41625.1" Y="156871" />
			</Coordinates>
		</Annotation>
		<Annotation Name="Annotation 25" Type="Polygon" PartOfGroup="metastases" Color="#F4FA58">
			<Coordinates>
				<Coordinate Order="0" X="41273.1" Y="156496" />
				<Coordinate Order="1" X="41236" Y="156517" />
				<Coordinate Order="2" X="41236" Y="156563" />
				<Coordinate Order="3" X="41303.2" Y="156606" />
				<Coordinate Order="4" X="41336.8" Y="156570" />
			</Coordinates>
		</Annotation>
		<Annotation Name="Annotation 26" Type="Polygon" PartOfGroup="metastases" Color="#F4FA58">
			<Coordinates>
				<Coordinate Order="0" X="43870.6" Y="157406" />
				<Coordinate Order="1" X="43810.4" Y="157373" />
				<Coordinate Order="2" X="43741.9" Y="157390" />
				<Coordinate Order="3" X="43685.1" Y="157431" />
				<Coordinate Order="4" X="43648.3" Y="157490" />
				<Coordinate Order="5" X="43619.9" Y="157552" />
				<Coordinate Order="6" X="43626.6" Y="157620" />
				<Coordinate Order="7" X="43683.4" Y="157657" />
				<Coordinate Order="8" X="43703.5" Y="157637" />
				<Coordinate Order="9" X="43723.5" Y="157575" />
				<Coordinate Order="10" X="43770.3" Y="157593" />
				<Coordinate Order="11" X="43832.1" Y="157505" />
				<Coordinate Order="12" X="43800.4" Y="157565" />
				<Coordinate Order="13" X="43778.7" Y="157629" />
				<Coordinate Order="14" X="43783.7" Y="157695" />
				<Coordinate Order="15" X="43848.8" Y="157720" />
				<Coordinate Order="16" X="43914" Y="157736" />
				<Coordinate Order="17" X="43979.2" Y="157720" />
				<Coordinate Order="18" X="43965.8" Y="157654" />
				<Coordinate Order="19" X="43927.4" Y="157599" />
				<Coordinate Order="20" X="43885.6" Y="157545" />
				<Coordinate Order="21" X="43880.6" Y="157478" />
			</Coordinates>
		</Annotation>
		<Annotation Name="Annotation 27" Type="Polygon" PartOfGroup="metastases" Color="#F4FA58">
			<Coordinates>
				<Coordinate Order="0" X="44676" Y="158310" />
				<Coordinate Order="1" X="44612.5" Y="158287" />
				<Coordinate Order="2" X="44544" Y="158282" />
				<Coordinate Order="3" X="44488.9" Y="158320" />
				<Coordinate Order="4" X="44455.4" Y="158379" />
				<Coordinate Order="5" X="44432.1" Y="158442" />
				<Coordinate Order="6" X="44415.3" Y="158508" />
				<Coordinate Order="7" X="44400.3" Y="158563" />
				<Coordinate Order="8" X="44445.4" Y="158571" />
				<Coordinate Order="9" X="44492.2" Y="158621" />
				<Coordinate Order="10" X="44532.3" Y="158676" />
				<Coordinate Order="11" X="44579.1" Y="158726" />
				<Coordinate Order="12" X="44634.3" Y="158767" />
				<Coordinate Order="13" X="44696.1" Y="158798" />
				<Coordinate Order="14" X="44749.6" Y="158842" />
				<Coordinate Order="15" X="44803" Y="158884" />
				<Coordinate Order="16" X="44858.2" Y="158924" />
				<Coordinate Order="17" X="44920" Y="158957" />
				<Coordinate Order="18" X="44983.5" Y="158982" />
				<Coordinate Order="19" X="45050.3" Y="158969" />
				<Coordinate Order="20" X="45035.3" Y="158900" />
				<Coordinate Order="21" X="44985.2" Y="158848" />
				<Coordinate Order="22" X="44943.4" Y="158793" />
				<Coordinate Order="23" X="44910" Y="158735" />
				<Coordinate Order="24" X="44910" Y="158666" />
				<Coordinate Order="25" X="44888.3" Y="158599" />
				<Coordinate Order="26" X="44851.5" Y="158543" />
				<Coordinate Order="27" X="44838.1" Y="158476" />
				<Coordinate Order="28" X="44821.4" Y="158406" />
				<Coordinate Order="29" X="44779.6" Y="158350" />
				<Coordinate Order="30" X="44717.8" Y="158314" />
			</Coordinates>
		</Annotation>
		<Annotation Name="Annotation 28" Type="Polygon" PartOfGroup="metastases" Color="#F4FA58">
			<Coordinates>
				<Coordinate Order="0" X="51871.7" Y="159234" />
				<Coordinate Order="1" X="51723" Y="159259" />
				<Coordinate Order="2" X="51620.3" Y="159358" />
				<Coordinate Order="3" X="51606.2" Y="159500" />
				<Coordinate Order="4" X="51669.9" Y="159627" />
				<Coordinate Order="5" X="51765.5" Y="159733" />
				<Coordinate Order="6" X="51875.3" Y="159709" />
				<Coordinate Order="7" X="51928.4" Y="159666" />
				<Coordinate Order="8" X="52098.3" Y="159599" />
				<Coordinate Order="9" X="52066.5" Y="159461" />
				<Coordinate Order="10" X="52002.7" Y="159333" />
			</Coordinates>
		</Annotation>
		<Annotation Name="Annotation 29" Type="Polygon" PartOfGroup="metastases" Color="#F4FA58">
			<Coordinates>
				<Coordinate Order="0" X="61209.5" Y="74204.7" />
				<Coordinate Order="1" X="61105.7" Y="74209.2" />
				<Coordinate Order="2" X="61114.8" Y="74312.9" />
				<Coordinate Order="3" X="61223" Y="74461.8" />
				<Coordinate Order="4" X="61358.3" Y="74583.6" />
				<Coordinate Order="5" X="61453.1" Y="74741.4" />
				<Coordinate Order="6" X="61534.3" Y="74908.3" />
				<Coordinate Order="7" X="61565.8" Y="75093.3" />
				<Coordinate Order="8" X="61574.8" Y="75273.7" />
				<Coordinate Order="9" X="61561.3" Y="75454.1" />
				<Coordinate Order="10" X="61538.8" Y="75639" />
				<Coordinate Order="11" X="61516.2" Y="75819.5" />
				<Coordinate Order="12" X="61453.1" Y="75990.9" />
				<Coordinate Order="13" X="61475.6" Y="76175.8" />
				<Coordinate Order="14" X="61480.1" Y="76297.6" />
				<Coordinate Order="15" X="61507.2" Y="76478" />
				<Coordinate Order="16" X="61507.2" Y="76663" />
				<Coordinate Order="17" X="61525.2" Y="76847.9" />
				<Coordinate Order="18" X="61552.3" Y="77028.3" />
				<Coordinate Order="19" X="61561.3" Y="77208.8" />
				<Coordinate Order="20" X="61588.4" Y="77393.7" />
				<Coordinate Order="21" X="61642.5" Y="77569.6" />
				<Coordinate Order="22" X="61701.1" Y="77741" />
				<Coordinate Order="23" X="61773.3" Y="77907.9" />
				<Coordinate Order="24" X="61859" Y="78070.3" />
				<Coordinate Order="25" X="61949.2" Y="78228.2" />
				<Coordinate Order="26" X="62007.9" Y="78300.3" />
				<Coordinate Order="27" X="62098.1" Y="78471.7" />
				<Coordinate Order="28" X="62210.8" Y="78616.1" />
				<Coordinate Order="29" X="62350.7" Y="78733.4" />
				<Coordinate Order="30" X="62495" Y="78855.1" />
				<Coordinate Order="31" X="62612.3" Y="78995" />
				<Coordinate Order="32" X="62684.5" Y="79161.9" />
				<Coordinate Order="33" X="62761.1" Y="79333.3" />
				<Coordinate Order="34" X="62932.6" Y="79414.5" />
				<Coordinate Order="35" X="62887.4" Y="79590.4" />
				<Coordinate Order="36" X="62851.4" Y="79649" />
				<Coordinate Order="37" X="62901" Y="79712.2" />
				<Coordinate Order="38" X="63013.7" Y="79676.1" />
				<Coordinate Order="39" X="63076.9" Y="79743.7" />
				<Coordinate Order="40" X="63022.8" Y="79797.9" />
				<Coordinate Order="41" X="62955.1" Y="79806.9" />
				<Coordinate Order="42" X="63000.2" Y="79982.8" />
				<Coordinate Order="43" X="63131" Y="80113.6" />
				<Coordinate Order="44" X="63306.9" Y="80176.8" />
				<Coordinate Order="45" X="63437.7" Y="80149.7" />
				<Coordinate Order="46" X="63491.9" Y="80055" />
				<Coordinate Order="47" X="63645.2" Y="79951.2" />
				<Coordinate Order="48" X="63591.1" Y="79870" />
				<Coordinate Order="49" X="63712.9" Y="79770.8" />
				<Coordinate Order="50" X="63870.8" Y="79752.8" />
				<Coordinate Order="51" X="63830.2" Y="79554.3" />
				<Coordinate Order="52" X="63834.7" Y="79527.2" />
				<Coordinate Order="53" X="64006.1" Y="79603.9" />
				<Coordinate Order="54" X="64195.5" Y="79649" />
				<Coordinate Order="55" X="64380.5" Y="79662.5" />
				<Coordinate Order="56" X="64569.9" Y="79662.5" />
				<Coordinate Order="57" X="64750.3" Y="79653.5" />
				<Coordinate Order="58" X="64926.3" Y="79612.9" />
				<Coordinate Order="59" X="65102.2" Y="79558.8" />
				<Coordinate Order="60" X="65255.5" Y="79455.1" />
				<Coordinate Order="61" X="65426.9" Y="79396.4" />
				<Coordinate Order="62" X="65611.9" Y="79391.9" />
				<Coordinate Order="63" X="65783.3" Y="79328.8" />
				<Coordinate Order="64" X="65927.6" Y="79216" />
				<Coordinate Order="65" X="66072" Y="79103.2" />
				<Coordinate Order="66" X="66193.8" Y="78967.9" />
				<Coordinate Order="67" X="66274.9" Y="78801" />
				<Coordinate Order="68" X="66369.7" Y="78760.4" />
				<Coordinate Order="69" X="66559.1" Y="78724.3" />
				<Coordinate Order="70" X="66730.5" Y="78656.7" />
				<Coordinate Order="71" X="66888.4" Y="78548.4" />
				<Coordinate Order="72" X="67010.2" Y="78399.6" />
				<Coordinate Order="73" X="67109.4" Y="78246.2" />
				<Coordinate Order="74" X="67217.7" Y="78097.3" />
				<Coordinate Order="75" X="67362" Y="77984.6" />
				<Coordinate Order="76" X="67524.4" Y="77889.9" />
				<Coordinate Order="77" X="67686.8" Y="77777.1" />
				<Coordinate Order="78" X="67826.6" Y="77641.8" />
				<Coordinate Order="79" X="67957.4" Y="77506.5" />
				<Coordinate Order="80" X="68101.8" Y="77389.2" />
				<Coordinate Order="81" X="68232.6" Y="77258.4" />
				<Coordinate Order="82" X="68354.4" Y="77123" />
				<Coordinate Order="83" X="68458.1" Y="76983.2" />
				<Coordinate Order="84" X="68584.4" Y="76852.4" />
				<Coordinate Order="85" X="68706.2" Y="76712.6" />
				<Coordinate Order="86" X="68828" Y="76568.2" />
				<Coordinate Order="87" X="68967.8" Y="76451" />
				<Coordinate Order="88" X="69089.6" Y="76311.1" />
				<Coordinate Order="89" X="69193.3" Y="76162.3" />
				<Coordinate Order="90" X="69270" Y="75977.3" />
				<Coordinate Order="91" X="69346.7" Y="75805.9" />
				<Coordinate Order="92" X="69468.5" Y="75666.1" />
				<Coordinate Order="93" X="69567.7" Y="75508.2" />
				<Coordinate Order="94" X="69666.9" Y="75350.4" />
				<Coordinate Order="95" X="69752.6" Y="75183.5" />
				<Coordinate Order="96" X="69775.2" Y="75138.4" />
				<Coordinate Order="97" X="69892.5" Y="74989.5" />
				<Coordinate Order="98" X="70000.7" Y="74840.7" />
				<Coordinate Order="99" X="70077.4" Y="74669.3" />
				<Coordinate Order="100" X="70145.1" Y="74497.9" />
				<Coordinate Order="101" X="70172.1" Y="74312.9" />
				<Coordinate Order="102" X="70163.1" Y="74119" />
				<Coordinate Order="103" X="70244.3" Y="73947.6" />
				<Coordinate Order="104" X="70298.4" Y="73695" />
				<Coordinate Order="105" X="70257.8" Y="73555.1" />
				<Coordinate Order="106" X="70113.5" Y="73672.4" />
				<Coordinate Order="107" X="70032.3" Y="73839.3" />
				<Coordinate Order="108" X="69964.6" Y="74010.7" />
				<Coordinate Order="109" X="69838.4" Y="74164.1" />
				<Coordinate Order="110" X="69676" Y="74245.3" />
				<Coordinate Order="111" X="69635.4" Y="74082.9" />
				<Coordinate Order="112" X="69454.9" Y="74132.5" />
				<Coordinate Order="113" X="69351.2" Y="74290.4" />
				<Coordinate Order="114" X="69328.6" Y="74470.8" />
				<Coordinate Order="115" X="69252" Y="74637.7" />
				<Coordinate Order="116" X="69071.5" Y="74669.3" />
				<Coordinate Order="117" X="68909.2" Y="74750.4" />
				<Coordinate Order="118" X="68746.8" Y="74836.1" />
				<Coordinate Order="119" X="68584.4" Y="74921.9" />
				<Coordinate Order="120" X="68426.5" Y="75012.1" />
				<Coordinate Order="121" X="68376.9" Y="74818.1" />
				<Coordinate Order="122" X="68300.2" Y="74745.9" />
				<Coordinate Order="123" X="68119.8" Y="74768.5" />
				<Coordinate Order="124" X="68056.6" Y="74836.1" />
				<Coordinate Order="125" X="67948.4" Y="74985" />
				<Coordinate Order="126" X="67826.6" Y="75120.3" />
				<Coordinate Order="127" X="67718.4" Y="75269.2" />
				<Coordinate Order="128" X="67646.2" Y="75436.1" />
				<Coordinate Order="129" X="67641.7" Y="75616.5" />
				<Coordinate Order="130" X="67632.6" Y="75801.4" />
				<Coordinate Order="131" X="67614.6" Y="75936.8" />
				<Coordinate Order="132" X="67601.1" Y="76117.2" />
				<Coordinate Order="133" X="67438.7" Y="76207.4" />
				<Coordinate Order="134" X="67307.9" Y="76333.7" />
				<Coordinate Order="135" X="67208.6" Y="76491.6" />
				<Coordinate Order="136" X="67132" Y="76658.5" />
				<Coordinate Order="137" X="67059.8" Y="76829.9" />
				<Coordinate Order="138" X="67001.2" Y="77001.3" />
				<Coordinate Order="139" X="66910.9" Y="77159.1" />
				<Coordinate Order="140" X="66816.2" Y="77321.5" />
				<Coordinate Order="141" X="66726" Y="77488.4" />
				<Coordinate Order="142" X="66644.8" Y="77650.8" />
				<Coordinate Order="143" X="66505" Y="77772.6" />
				<Coordinate Order="144" X="66414.8" Y="77939.5" />
				<Coordinate Order="145" X="66324.6" Y="78101.9" />
				<Coordinate Order="146" X="66184.7" Y="78223.6" />
				<Coordinate Order="147" X="66017.8" Y="78295.8" />
				<Coordinate Order="148" X="65860" Y="78390.5" />
				<Coordinate Order="149" X="65706.6" Y="78503.3" />
				<Coordinate Order="150" X="65571.3" Y="78629.6" />
				<Coordinate Order="151" X="65467.5" Y="78778.5" />
				<Coordinate Order="152" X="65368.3" Y="78931.8" />
				<Coordinate Order="153" X="65359.3" Y="78940.8" />
				<Coordinate Order="154" X="65205.9" Y="79044.6" />
				<Coordinate Order="155" X="65034.5" Y="79116.8" />
				<Coordinate Order="156" X="64858.6" Y="79166.4" />
				<Coordinate Order="157" X="64678.2" Y="79220.5" />
				<Coordinate Order="158" X="64497.7" Y="79261.1" />
				<Coordinate Order="159" X="64312.8" Y="79265.6" />
				<Coordinate Order="160" X="64191" Y="79125.8" />
				<Coordinate Order="161" X="64073.7" Y="78981.4" />
				<Coordinate Order="162" X="64042.2" Y="78886.7" />
				<Coordinate Order="163" X="64227.1" Y="78922.8" />
				<Coordinate Order="164" X="64353.4" Y="78787.5" />
				<Coordinate Order="165" X="64385" Y="78602.5" />
				<Coordinate Order="166" X="64366.9" Y="78422.1" />
				<Coordinate Order="167" X="64326.3" Y="78246.2" />
				<Coordinate Order="168" X="64209.1" Y="78097.3" />
				<Coordinate Order="169" X="64051.2" Y="78034.2" />
				<Coordinate Order="170" X="63794.1" Y="78232.7" />
				<Coordinate Order="171" X="63685.8" Y="78110.9" />
				<Coordinate Order="172" X="63767" Y="77885.3" />
				<Coordinate Order="173" X="64010.6" Y="77826.7" />
				<Coordinate Order="174" X="64164" Y="77763.6" />
				<Coordinate Order="175" X="64258.7" Y="77925.9" />
				<Coordinate Order="176" X="64376" Y="78065.8" />
				<Coordinate Order="177" X="64533.8" Y="78156" />
				<Coordinate Order="178" X="64718.8" Y="78133.4" />
				<Coordinate Order="179" X="64876.6" Y="78038.7" />
				<Coordinate Order="180" X="65034.5" Y="77939.5" />
				<Coordinate Order="181" X="65196.9" Y="77844.8" />
				<Coordinate Order="182" X="65314.2" Y="77704.9" />
				<Coordinate Order="183" X="65386.3" Y="77538" />
				<Coordinate Order="184" X="65449.5" Y="77321.5" />
				<Coordinate Order="185" X="65503.6" Y="77145.6" />
				<Coordinate Order="186" X="65512.6" Y="76960.7" />
				<Coordinate Order="187" X="65508.1" Y="76780.2" />
				<Coordinate Order="188" X="65508.1" Y="76590.8" />
				<Coordinate Order="189" X="65526.2" Y="76410.4" />
				<Coordinate Order="190" X="65634.4" Y="76302.1" />
				<Coordinate Order="191" X="65675" Y="76234.5" />
				<Coordinate Order="192" X="65783.3" Y="76383.3" />
				<Coordinate Order="193" X="66049.4" Y="76320.2" />
				<Coordinate Order="194" X="66076.5" Y="76135.2" />
				<Coordinate Order="195" X="66067.5" Y="75954.8" />
				<Coordinate Order="196" X="66058.4" Y="75774.4" />
				<Coordinate Order="197" X="66103.5" Y="75598.4" />
				<Coordinate Order="198" X="66284" Y="75607.5" />
				<Coordinate Order="199" X="66392.2" Y="75760.8" />
				<Coordinate Order="200" X="66491.5" Y="75923.2" />
				<Coordinate Order="201" X="66568.1" Y="76090.1" />
				<Coordinate Order="202" X="66635.8" Y="76261.5" />
				<Coordinate Order="203" X="66721.5" Y="76428.4" />
				<Coordinate Order="204" X="66879.4" Y="76518.6" />
				<Coordinate Order="205" X="67059.8" Y="76527.6" />
				<Coordinate Order="206" X="67181.6" Y="76392.3" />
				<Coordinate Order="207" X="67280.8" Y="76234.5" />
				<Coordinate Order="208" X="67353" Y="76067.6" />
				<Coordinate Order="209" X="67438.7" Y="75900.7" />
				<Coordinate Order="210" X="67510.9" Y="75729.3" />
				<Coordinate Order="211" X="67528.9" Y="75539.8" />
				<Coordinate Order="212" X="67429.7" Y="75386.4" />
				<Coordinate Order="213" X="67249.2" Y="75350.4" />
				<Coordinate Order="214" X="67064.3" Y="75350.4" />
				<Coordinate Order="215" X="66874.9" Y="75332.3" />
				<Coordinate Order="216" X="66689.9" Y="75305.3" />
				<Coordinate Order="217" X="66509.5" Y="75260.1" />
				<Coordinate Order="218" X="66329.1" Y="75219.6" />
				<Coordinate Order="219" X="66166.7" Y="75133.9" />
				<Coordinate Order="220" X="65986.3" Y="75084.2" />
				<Coordinate Order="221" X="65805.8" Y="75070.7" />
				<Coordinate Order="222" X="65625.4" Y="75079.7" />
				<Coordinate Order="223" X="65449.5" Y="75115.8" />
				<Coordinate Order="224" X="65287.1" Y="75201.5" />
				<Coordinate Order="225" X="65147.3" Y="75323.3" />
				<Coordinate Order="226" X="64989.4" Y="75427" />
				<Coordinate Order="227" X="64849.6" Y="75553.3" />
				<Coordinate Order="228" X="64673.7" Y="75490.2" />
				<Coordinate Order="229" X="64479.7" Y="75499.2" />
				<Coordinate Order="230" X="64299.3" Y="75526.3" />
				<Coordinate Order="231" X="64118.9" Y="75548.8" />
				<Coordinate Order="232" X="63947.4" Y="75625.5" />
				<Coordinate Order="233" X="63780.6" Y="75702.2" />
				<Coordinate Order="234" X="63618.2" Y="75805.9" />
				<Coordinate Order="235" X="63496.4" Y="75941.3" />
				<Coordinate Order="236" X="63442.3" Y="76117.2" />
				<Coordinate Order="237" X="63311.4" Y="76248" />
				<Coordinate Order="238" X="63149.1" Y="76347.2" />
				<Coordinate Order="239" X="63090.4" Y="76374.3" />
				<Coordinate Order="240" X="62905.5" Y="76392.3" />
				<Coordinate Order="241" X="62725.1" Y="76432.9" />
				<Coordinate Order="242" X="62585.2" Y="76554.7" />
				<Coordinate Order="243" X="62513.1" Y="76721.6" />
				<Coordinate Order="244" X="62454.4" Y="76893" />
				<Coordinate Order="245" X="62350.7" Y="77046.4" />
				<Coordinate Order="246" X="62188.3" Y="77127.6" />
				<Coordinate Order="247" X="62007.9" Y="77163.6" />
				<Coordinate Order="248" X="61908.6" Y="77005.8" />
				<Coordinate Order="249" X="61845.5" Y="76834.4" />
				<Coordinate Order="250" X="61836.5" Y="76649.4" />
				<Coordinate Order="251" X="61782.3" Y="76473.5" />
				<Coordinate Order="252" X="61768.8" Y="76293.1" />
				<Coordinate Order="253" X="61759.8" Y="76108.1" />
				<Coordinate Order="254" X="61759.8" Y="75792.4" />
				<Coordinate Order="255" X="61777.8" Y="75612" />
				<Coordinate Order="256" X="61795.9" Y="75422.5" />
				<Coordinate Order="257" X="61773.3" Y="75237.6" />
				<Coordinate Order="258" X="61746.3" Y="75057.2" />
				<Coordinate Order="259" X="61737.2" Y="74872.2" />
				<Coordinate Order="260" X="61705.7" Y="74691.8" />
				<Coordinate Order="261" X="61678.6" Y="74637.7" />
				<Coordinate Order="262" X="61579.4" Y="74479.8" />
				<Coordinate Order="263" X="61426" Y="74376.1" />
				<Coordinate Order="264" X="61277.1" Y="74267.8" />
			</Coordinates>
		</Annotation>
		<Annotation Name="Annotation 30" Type="Polygon" PartOfGroup="metastases" Color="#F4FA58">
			<Coordinates>
				<Coordinate Order="0" X="65902.6" Y="77153" />
				<Coordinate Order="1" X="65786" Y="77126.1" />
				<Coordinate Order="2" X="65684.3" Y="77197.9" />
				<Coordinate Order="3" X="65612.5" Y="77299.6" />
				<Coordinate Order="4" X="65615.5" Y="77422.2" />
				<Coordinate Order="5" X="65684.3" Y="77523.8" />
				<Coordinate Order="6" X="65786" Y="77589.6" />
				<Coordinate Order="7" X="65902.6" Y="77619.5" />
				<Coordinate Order="8" X="66010.3" Y="77556.7" />
				<Coordinate Order="9" X="66058.1" Y="77443.1" />
				<Coordinate Order="10" X="66049.1" Y="77323.5" />
				<Coordinate Order="11" X="66001.3" Y="77212.8" />
			</Coordinates>
		</Annotation>
		<Annotation Name="Annotation 31" Type="Polygon" PartOfGroup="metastases" Color="#F4FA58">
			<Coordinates>
				<Coordinate Order="0" X="66734" Y="76848" />
				<Coordinate Order="1" X="66626.3" Y="76916.8" />
				<Coordinate Order="2" X="66536.6" Y="77006.5" />
				<Coordinate Order="3" X="66473.8" Y="77111.1" />
				<Coordinate Order="4" X="66417" Y="77221.8" />
				<Coordinate Order="5" X="66372.1" Y="77341.4" />
				<Coordinate Order="6" X="66351.2" Y="77464" />
				<Coordinate Order="7" X="66330.2" Y="77586.6" />
				<Coordinate Order="8" X="66437.9" Y="77640.5" />
				<Coordinate Order="9" X="66548.6" Y="77589.6" />
				<Coordinate Order="10" X="66635.3" Y="77499.9" />
				<Coordinate Order="11" X="66695.1" Y="77395.3" />
				<Coordinate Order="12" X="66734" Y="77272.6" />
				<Coordinate Order="13" X="66787.8" Y="77159" />
				<Coordinate Order="14" X="66832.7" Y="77045.4" />
				<Coordinate Order="15" X="66844.6" Y="76925.7" />
			</Coordinates>
		</Annotation>
	</Annotations>
	<AnnotationGroups>
		<Group Name="metastases" PartOfGroup="None" Color="#ff0000">
			<Attributes />
		</Group>
	</AnnotationGroups>
</ASAP_Annotations>
