<?xml version="1.0"?>
<ASAP_Annotations>
	<Annotations>
		<Annotation Name="Annotation 0" Type="Polygon" PartOfGroup="metastases" Color="#F4FA58">
			<Coordinates>
				<Coordinate Order="0" X="12711.3" Y="88778.1" />
				<Coordinate Order="1" X="12612.8" Y="88895.5" />
				<Coordinate Order="2" X="12597.7" Y="89050.8" />
				<Coordinate Order="3" X="12703.7" Y="89160.6" />
				<Coordinate Order="4" X="12855.1" Y="89130.3" />
				<Coordinate Order="5" X="12938.4" Y="89001.5" />
				<Coordinate Order="6" X="12896.8" Y="88853.9" />
				<Coordinate Order="7" X="12760.5" Y="88785.7" />
			</Coordinates>
		</Annotation>
		<Annotation Name="Annotation 1" Type="Polygon" PartOfGroup="metastases" Color="#F4FA58">
			<Coordinates>
				<Coordinate Order="0" X="13357" Y="87081.1" />
				<Coordinate Order="1" X="13412" Y="87057.5" />
				<Coordinate Order="2" X="13464.4" Y="87081.1" />
				<Coordinate Order="3" X="13482.8" Y="87170.2" />
				<Coordinate Order="4" X="13477.5" Y="87275" />
				<Coordinate Order="5" X="13409.4" Y="87356.2" />
				<Coordinate Order="6" X="13307.2" Y="87400.8" />
				<Coordinate Order="7" X="13254.8" Y="87437.5" />
				<Coordinate Order="8" X="13173.5" Y="87440.1" />
				<Coordinate Order="9" X="13092.3" Y="87372" />
				<Coordinate Order="10" X="13121.1" Y="87293.4" />
				<Coordinate Order="11" X="13170.9" Y="87235.7" />
				<Coordinate Order="12" X="13194.5" Y="87183.3" />
				<Coordinate Order="13" X="13262.6" Y="87149.2" />
				<Coordinate Order="14" X="13304.6" Y="87115.2" />
			</Coordinates>
		</Annotation>
		<Annotation Name="Annotation 2" Type="Polygon" PartOfGroup="metastases" Color="#F4FA58">
			<Coordinates>
				<Coordinate Order="0" X="10754.3" Y="75345.4" />
				<Coordinate Order="1" X="10678.9" Y="75413.3" />
				<Coordinate Order="2" X="10641.2" Y="75508.8" />
				<Coordinate Order="3" X="10626.2" Y="75609.3" />
				<Coordinate Order="4" X="10626.2" Y="75712.3" />
				<Coordinate Order="5" X="10648.8" Y="75807.8" />
				<Coordinate Order="6" X="10701.5" Y="75855.5" />
				<Coordinate Order="7" X="10761.8" Y="75787.7" />
				<Coordinate Order="8" X="10784.5" Y="75689.7" />
				<Coordinate Order="9" X="10807.1" Y="75591.7" />
				<Coordinate Order="10" X="10809.6" Y="75491.2" />
				<Coordinate Order="11" X="10789.5" Y="75390.7" />
			</Coordinates>
		</Annotation>
	</Annotations>
	<AnnotationGroups>
		<Group Name="metastases" PartOfGroup="None" Color="#ff0000">
			<Attributes />
		</Group>
	</AnnotationGroups>
</ASAP_Annotations>
