<?xml version="1.0"?>
<ASAP_Annotations>
	<Annotations>
		<Annotation Name="Annotation 0" Type="Polygon" PartOfGroup="metastases" Color="#F4FA58">
			<Coordinates>
				<Coordinate Order="0" X="74197.8" Y="127287" />
				<Coordinate Order="1" X="74227.8" Y="127274" />
				<Coordinate Order="2" X="74242.1" Y="127282" />
				<Coordinate Order="3" X="74244.5" Y="127330" />
				<Coordinate Order="4" X="74220.6" Y="127372" />
				<Coordinate Order="5" X="74172.6" Y="127373" />
				<Coordinate Order="6" X="74146.3" Y="127326" />
				<Coordinate Order="7" X="74173.8" Y="127318" />
				<Coordinate Order="8" X="74199" Y="127322" />
			</Coordinates>
		</Annotation>
		<Annotation Name="Annotation 1" Type="Polygon" PartOfGroup="metastases" Color="#F4FA58">
			<Coordinates>
				<Coordinate Order="0" X="75721.3" Y="146295" />
				<Coordinate Order="1" X="75687" Y="146309" />
				<Coordinate Order="2" X="75692.1" Y="146353" />
				<Coordinate Order="3" X="75727.6" Y="146384" />
				<Coordinate Order="4" X="75760.6" Y="146369" />
				<Coordinate Order="5" X="75768.2" Y="146329" />
				<Coordinate Order="6" X="75752.9" Y="146301" />
			</Coordinates>
		</Annotation>
		<Annotation Name="Annotation 2" Type="Polygon" PartOfGroup="metastases" Color="#F4FA58">
			<Coordinates>
				<Coordinate Order="0" X="67014.9" Y="34734.7" />
				<Coordinate Order="1" X="67082" Y="34751.9" />
				<Coordinate Order="2" X="67085.4" Y="34774.3" />
				<Coordinate Order="3" X="67087.1" Y="34812.1" />
				<Coordinate Order="4" X="67052.7" Y="34837.9" />
				<Coordinate Order="5" X="67016.6" Y="34832.8" />
				<Coordinate Order="6" X="66997.6" Y="34786.3" />
			</Coordinates>
		</Annotation>
		<Annotation Name="Annotation 3" Type="Polygon" PartOfGroup="metastases" Color="#F4FA58">
			<Coordinates>
				<Coordinate Order="0" X="74080.1" Y="141022" />
				<Coordinate Order="1" X="74036" Y="141035" />
				<Coordinate Order="2" X="74032.6" Y="141059" />
				<Coordinate Order="3" X="74046" Y="141093" />
				<Coordinate Order="4" X="74085.1" Y="141101" />
				<Coordinate Order="5" X="74108.4" Y="141083" />
				<Coordinate Order="6" X="74103.4" Y="141044" />
			</Coordinates>
		</Annotation>
		<Annotation Name="Annotation 4" Type="Polygon" PartOfGroup="metastases" Color="#F4FA58">
			<Coordinates>
				<Coordinate Order="0" X="66450" Y="48627.1" />
				<Coordinate Order="1" X="66412.7" Y="48640.8" />
				<Coordinate Order="2" X="66406.3" Y="48657.1" />
				<Coordinate Order="3" X="66410.8" Y="48692.7" />
				<Coordinate Order="4" X="66440.9" Y="48714.5" />
				<Coordinate Order="5" X="66461.9" Y="48707.2" />
				<Coordinate Order="6" X="66489.2" Y="48693.6" />
				<Coordinate Order="7" X="66484.6" Y="48656.2" />
				<Coordinate Order="8" X="66471" Y="48628.9" />
			</Coordinates>
		</Annotation>
	</Annotations>
	<AnnotationGroups>
		<Group Name="metastases" PartOfGroup="None" Color="#ff0000">
			<Attributes />
		</Group>
	</AnnotationGroups>
</ASAP_Annotations>
