<?xml version="1.0"?>
<ASAP_Annotations>
	<Annotations>
		<Annotation Name="Annotation 0" Type="Polygon" PartOfGroup="metastases" Color="#F4FA58">
			<Coordinates>
				<Coordinate Order="0" X="51769.9" Y="63421.1" />
				<Coordinate Order="1" X="51700" Y="63371.8" />
				<Coordinate Order="2" X="51617.8" Y="63353.3" />
				<Coordinate Order="3" X="51525.4" Y="63388.2" />
				<Coordinate Order="4" X="51484.3" Y="63460.1" />
				<Coordinate Order="5" X="51404.2" Y="63488.9" />
				<Coordinate Order="6" X="51336.4" Y="63536.1" />
				<Coordinate Order="7" X="51299.4" Y="63622.4" />
				<Coordinate Order="8" X="51295.3" Y="63710.8" />
				<Coordinate Order="9" X="51303.5" Y="63803.2" />
				<Coordinate Order="10" X="51303.5" Y="63889.5" />
				<Coordinate Order="11" X="51264.5" Y="63965.5" />
				<Coordinate Order="12" X="51258.3" Y="64062.1" />
				<Coordinate Order="13" X="51346.7" Y="64092.9" />
				<Coordinate Order="14" X="51428.8" Y="64097" />
				<Coordinate Order="15" X="51457.6" Y="64185.4" />
				<Coordinate Order="16" X="51523.3" Y="64238.8" />
				<Coordinate Order="17" X="51603.5" Y="64279.9" />
				<Coordinate Order="18" X="51691.8" Y="64286" />
				<Coordinate Order="19" X="51763.7" Y="64236.7" />
				<Coordinate Order="20" X="51839.7" Y="64203.9" />
				<Coordinate Order="21" X="51921.9" Y="64177.2" />
				<Coordinate Order="22" X="51991.8" Y="64127.8" />
				<Coordinate Order="23" X="52059.6" Y="64062.1" />
				<Coordinate Order="24" X="52104.8" Y="63988.1" />
				<Coordinate Order="25" X="52100.7" Y="63893.6" />
				<Coordinate Order="26" X="52057.5" Y="63821.7" />
				<Coordinate Order="27" X="52006.2" Y="63753.9" />
				<Coordinate Order="28" X="51954.8" Y="63682" />
				<Coordinate Order="29" X="51911.6" Y="63606" />
			</Coordinates>
		</Annotation>
		<Annotation Name="Annotation 1" Type="Polygon" PartOfGroup="metastases" Color="#F4FA58">
			<Coordinates>
				<Coordinate Order="0" X="47644.4" Y="58819" />
				<Coordinate Order="1" X="47560.2" Y="58775.8" />
				<Coordinate Order="2" X="47490.3" Y="58823.1" />
				<Coordinate Order="3" X="47502.6" Y="58907.3" />
				<Coordinate Order="4" X="47426.6" Y="58950.4" />
				<Coordinate Order="5" X="47420.5" Y="59036.7" />
				<Coordinate Order="6" X="47432.8" Y="59133.3" />
				<Coordinate Order="7" X="47461.5" Y="59217.5" />
				<Coordinate Order="8" X="47463.6" Y="59303.8" />
				<Coordinate Order="9" X="47441" Y="59394.2" />
				<Coordinate Order="10" X="47422.5" Y="59490.8" />
				<Coordinate Order="11" X="47436.9" Y="59585.3" />
				<Coordinate Order="12" X="47459.5" Y="59679.8" />
				<Coordinate Order="13" X="47490.3" Y="59762" />
				<Coordinate Order="14" X="47523.2" Y="59854.4" />
				<Coordinate Order="15" X="47578.7" Y="59938.7" />
				<Coordinate Order="16" X="47638.2" Y="59877" />
				<Coordinate Order="17" X="47646.5" Y="59788.7" />
				<Coordinate Order="18" X="47712.2" Y="59718.8" />
				<Coordinate Order="19" X="47757.4" Y="59644.9" />
				<Coordinate Order="20" X="47765.6" Y="59560.6" />
				<Coordinate Order="21" X="47745.1" Y="59476.4" />
				<Coordinate Order="22" X="47706" Y="59392.2" />
				<Coordinate Order="23" X="47675.2" Y="59312" />
				<Coordinate Order="24" X="47747.1" Y="59260.7" />
				<Coordinate Order="25" X="47749.2" Y="59178.5" />
				<Coordinate Order="26" X="47716.3" Y="59102.5" />
				<Coordinate Order="27" X="47699.9" Y="59003.9" />
				<Coordinate Order="28" X="47693.7" Y="58915.5" />
			</Coordinates>
		</Annotation>
		<Annotation Name="Annotation 2" Type="Polygon" PartOfGroup="metastases" Color="#F4FA58">
			<Coordinates>
				<Coordinate Order="0" X="51638.9" Y="149751" />
				<Coordinate Order="1" X="51539" Y="149758" />
				<Coordinate Order="2" X="51475.6" Y="149841" />
				<Coordinate Order="3" X="51461" Y="149939" />
				<Coordinate Order="4" X="51480.5" Y="150041" />
				<Coordinate Order="5" X="51487.8" Y="150139" />
				<Coordinate Order="6" X="51482.9" Y="150239" />
				<Coordinate Order="7" X="51490.2" Y="150292" />
				<Coordinate Order="8" X="51517" Y="150336" />
				<Coordinate Order="9" X="51482.9" Y="150443" />
				<Coordinate Order="10" X="51500" Y="150500" />
				<Coordinate Order="11" X="51495.1" Y="150629" />
				<Coordinate Order="12" X="51551.2" Y="150697" />
				<Coordinate Order="13" X="51612.1" Y="150736" />
				<Coordinate Order="14" X="51604.8" Y="150814" />
				<Coordinate Order="15" X="51607.2" Y="150909" />
				<Coordinate Order="16" X="51670.6" Y="150941" />
				<Coordinate Order="17" X="51726.7" Y="150929" />
				<Coordinate Order="18" X="51714.5" Y="150785" />
				<Coordinate Order="19" X="51782.7" Y="150712" />
				<Coordinate Order="20" X="51855.9" Y="150646" />
				<Coordinate Order="21" X="51858.3" Y="150536" />
				<Coordinate Order="22" X="51819.3" Y="150446" />
				<Coordinate Order="23" X="51748.6" Y="150375" />
				<Coordinate Order="24" X="51748.6" Y="150334" />
				<Coordinate Order="25" X="51809.6" Y="150256" />
				<Coordinate Order="26" X="51785.2" Y="150158" />
				<Coordinate Order="27" X="51760.8" Y="150063" />
				<Coordinate Order="28" X="51770.6" Y="149963" />
				<Coordinate Order="29" X="51743.7" Y="149866" />
				<Coordinate Order="30" X="51690.1" Y="149780" />
			</Coordinates>
		</Annotation>
		<Annotation Name="Annotation 3" Type="Polygon" PartOfGroup="metastases" Color="#F4FA58">
			<Coordinates>
				<Coordinate Order="0" X="55924.1" Y="154248" />
				<Coordinate Order="1" X="55813.1" Y="154289" />
				<Coordinate Order="2" X="55716.8" Y="154356" />
				<Coordinate Order="3" X="55646.8" Y="154452" />
				<Coordinate Order="4" X="55582.5" Y="154555" />
				<Coordinate Order="5" X="55588.4" Y="154671" />
				<Coordinate Order="6" X="55597.1" Y="154765" />
				<Coordinate Order="7" X="55629.2" Y="154826" />
				<Coordinate Order="8" X="55573.8" Y="154911" />
				<Coordinate Order="9" X="55588.4" Y="155022" />
				<Coordinate Order="10" X="55696.4" Y="155054" />
				<Coordinate Order="11" X="55769.4" Y="155060" />
				<Coordinate Order="12" X="55839.4" Y="155133" />
				<Coordinate Order="13" X="55927" Y="155206" />
				<Coordinate Order="14" X="56029.2" Y="155173" />
				<Coordinate Order="15" X="56096.3" Y="155197" />
				<Coordinate Order="16" X="56119.7" Y="155039" />
				<Coordinate Order="17" X="56233.5" Y="154969" />
				<Coordinate Order="18" X="56324" Y="154984" />
				<Coordinate Order="19" X="56385.3" Y="154879" />
				<Coordinate Order="20" X="56391.1" Y="154762" />
				<Coordinate Order="21" X="56315.2" Y="154663" />
				<Coordinate Order="22" X="56213.1" Y="154604" />
				<Coordinate Order="23" X="56163.4" Y="154496" />
				<Coordinate Order="24" X="56140.1" Y="154379" />
				<Coordinate Order="25" X="56070" Y="154283" />
			</Coordinates>
		</Annotation>
	</Annotations>
	<AnnotationGroups>
		<Group Name="metastases" PartOfGroup="None" Color="#ff0000">
			<Attributes />
		</Group>
	</AnnotationGroups>
</ASAP_Annotations>
