<?xml version="1.0"?>
<ASAP_Annotations>
	<Annotations>
		<Annotation Name="Annotation 0" Type="Polygon" PartOfGroup="metastases" Color="#F4FA58">
			<Coordinates>
				<Coordinate Order="0" X="61725.5" Y="160955" />
				<Coordinate Order="1" X="61668.6" Y="160940" />
				<Coordinate Order="2" X="61613.2" Y="160961" />
				<Coordinate Order="3" X="61576.7" Y="161010" />
				<Coordinate Order="4" X="61566.5" Y="161071" />
				<Coordinate Order="5" X="61589.9" Y="161125" />
				<Coordinate Order="6" X="61626.3" Y="161172" />
				<Coordinate Order="7" X="61671.6" Y="161210" />
				<Coordinate Order="8" X="61719.7" Y="161248" />
				<Coordinate Order="9" X="61763.5" Y="161287" />
				<Coordinate Order="10" X="61813.1" Y="161255" />
				<Coordinate Order="11" X="61804.3" Y="161197" />
				<Coordinate Order="12" X="61776.7" Y="161140" />
				<Coordinate Order="13" X="61788.3" Y="161077" />
				<Coordinate Order="14" X="61779.5" Y="161017" />
				<Coordinate Order="15" X="61741.6" Y="160972" />
			</Coordinates>
		</Annotation>
		<Annotation Name="Annotation 1" Type="Polygon" PartOfGroup="metastases" Color="#F4FA58">
			<Coordinates>
				<Coordinate Order="0" X="62542.1" Y="158883" />
				<Coordinate Order="1" X="62513.2" Y="158909" />
				<Coordinate Order="2" X="62491.8" Y="158939" />
				<Coordinate Order="3" X="62481.5" Y="158976" />
				<Coordinate Order="4" X="62479.6" Y="159013" />
				<Coordinate Order="5" X="62485.2" Y="159050" />
				<Coordinate Order="6" X="62515.1" Y="159074" />
				<Coordinate Order="7" X="62553.3" Y="159075" />
				<Coordinate Order="8" X="62589.3" Y="159046" />
				<Coordinate Order="9" X="62596.8" Y="159019" />
				<Coordinate Order="10" X="62603.6" Y="158981" />
				<Coordinate Order="11" X="62593.4" Y="158944" />
				<Coordinate Order="12" X="62581.2" Y="158909" />
			</Coordinates>
		</Annotation>
	</Annotations>
	<AnnotationGroups>
		<Group Name="metastases" PartOfGroup="None" Color="#ff0000">
			<Attributes />
		</Group>
	</AnnotationGroups>
</ASAP_Annotations>
