<?xml version="1.0"?>
<ASAP_Annotations>
	<Annotations>
		<Annotation Name="Annotation 0" Type="Polygon" PartOfGroup="metastases" Color="#F4FA58">
			<Coordinates>
				<Coordinate Order="0" X="33080.2" Y="17520.7" />
				<Coordinate Order="1" X="33140.5" Y="17516.2" />
				<Coordinate Order="2" X="33197.8" Y="17540.3" />
				<Coordinate Order="3" X="33252.1" Y="17570.4" />
				<Coordinate Order="4" X="33315.4" Y="17570.4" />
				<Coordinate Order="5" X="33375.7" Y="17555.4" />
				<Coordinate Order="6" X="33428.4" Y="17523.7" />
				<Coordinate Order="7" X="33493.3" Y="17513.2" />
				<Coordinate Order="8" X="33553.6" Y="17532.7" />
				<Coordinate Order="9" X="33613.9" Y="17534.3" />
				<Coordinate Order="10" X="33653.1" Y="17486" />
				<Coordinate Order="11" X="33711.8" Y="17472.5" />
				<Coordinate Order="12" X="33758.6" Y="17514.7" />
				<Coordinate Order="13" X="33811.3" Y="17546.3" />
				<Coordinate Order="14" X="33873.1" Y="17540.3" />
				<Coordinate Order="15" X="33931.9" Y="17519.2" />
				<Coordinate Order="16" X="33993.7" Y="17519.2" />
				<Coordinate Order="17" X="34052.5" Y="17537.3" />
				<Coordinate Order="18" X="34114.3" Y="17550.8" />
				<Coordinate Order="19" X="34176.1" Y="17550.8" />
				<Coordinate Order="20" X="34227.4" Y="17516.2" />
				<Coordinate Order="21" X="34268.1" Y="17470.9" />
				<Coordinate Order="22" X="34307.3" Y="17424.2" />
				<Coordinate Order="23" X="34317.8" Y="17398.6" />
				<Coordinate Order="24" X="34358.5" Y="17353.4" />
				<Coordinate Order="25" X="34391.5" Y="17339.6" />
				<Coordinate Order="26" X="34444.4" Y="17339.6" />
				<Coordinate Order="27" X="34492.1" Y="17360.2" />
				<Coordinate Order="28" X="34501.1" Y="17356.3" />
				<Coordinate Order="29" X="34506.3" Y="17320.2" />
				<Coordinate Order="30" X="34468.9" Y="17278.9" />
				<Coordinate Order="31" X="34444.4" Y="17228.6" />
				<Coordinate Order="32" X="34440.5" Y="17177" />
				<Coordinate Order="33" X="34428.9" Y="17126.7" />
				<Coordinate Order="34" X="34432.7" Y="17075.1" />
				<Coordinate Order="35" X="34400.5" Y="17033.8" />
				<Coordinate Order="36" X="34378.6" Y="16983.5" />
				<Coordinate Order="37" X="34376" Y="16931.9" />
				<Coordinate Order="38" X="34374.7" Y="16912.6" />
				<Coordinate Order="39" X="34412.1" Y="16948.7" />
				<Coordinate Order="40" X="34426.3" Y="16999" />
				<Coordinate Order="41" X="34449.5" Y="17045.5" />
				<Coordinate Order="42" X="34477.9" Y="17089.3" />
				<Coordinate Order="43" X="34498.5" Y="17137" />
				<Coordinate Order="44" X="34542.4" Y="17170.6" />
				<Coordinate Order="45" X="34585" Y="17200.2" />
				<Coordinate Order="46" X="34622.4" Y="17237.7" />
				<Coordinate Order="47" X="34655.9" Y="17277.6" />
				<Coordinate Order="48" X="34675.3" Y="17326.7" />
				<Coordinate Order="49" X="34703.6" Y="17370.5" />
				<Coordinate Order="50" X="34741" Y="17407.9" />
				<Coordinate Order="51" X="34783.6" Y="17438.9" />
				<Coordinate Order="52" X="34827.5" Y="17468.6" />
				<Coordinate Order="53" X="34873.9" Y="17494.4" />
				<Coordinate Order="54" X="34925.5" Y="17502.1" />
				<Coordinate Order="55" X="34956.7" Y="17500.7" />
				<Coordinate Order="56" X="34993.8" Y="17536.5" />
				<Coordinate Order="57" X="35027" Y="17576.1" />
				<Coordinate Order="58" X="35065.3" Y="17610.6" />
				<Coordinate Order="59" X="35113.9" Y="17634.9" />
				<Coordinate Order="60" X="35165" Y="17632.4" />
				<Coordinate Order="61" X="35191.9" Y="17585.1" />
				<Coordinate Order="62" X="35185.5" Y="17569.7" />
				<Coordinate Order="63" X="35216.2" Y="17527.6" />
				<Coordinate Order="64" X="35241.7" Y="17482.8" />
				<Coordinate Order="65" X="35260.2" Y="17450.1" />
				<Coordinate Order="66" X="35240.5" Y="17404.7" />
				<Coordinate Order="67" X="35225.8" Y="17356.8" />
				<Coordinate Order="68" X="35255.2" Y="17316.3" />
				<Coordinate Order="69" X="35304.4" Y="17308.9" />
				<Coordinate Order="70" X="35346.1" Y="17281.9" />
				<Coordinate Order="71" X="35379.3" Y="17245" />
				<Coordinate Order="72" X="35423.5" Y="17220.5" />
				<Coordinate Order="73" X="35470.2" Y="17240.1" />
				<Coordinate Order="74" X="35515.6" Y="17261" />
				<Coordinate Order="75" X="35559.8" Y="17283.1" />
				<Coordinate Order="76" X="35606.5" Y="17300.3" />
				<Coordinate Order="77" X="35665.5" Y="17297.9" />
				<Coordinate Order="78" X="35717" Y="17302.8" />
				<Coordinate Order="79" X="35769.9" Y="17310.1" />
				<Coordinate Order="80" X="35820.2" Y="17316.3" />
				<Coordinate Order="81" X="35871.8" Y="17315" />
				<Coordinate Order="82" X="35920.9" Y="17310.1" />
				<Coordinate Order="83" X="35957.8" Y="17277" />
				<Coordinate Order="84" X="35967.6" Y="17226.6" />
				<Coordinate Order="85" X="36014.3" Y="17210.7" />
				<Coordinate Order="86" X="36053.6" Y="17245" />
				<Coordinate Order="87" X="36083" Y="17285.6" />
				<Coordinate Order="88" X="36117.4" Y="17321.2" />
				<Coordinate Order="89" X="36160.4" Y="17347" />
				<Coordinate Order="90" X="36207.1" Y="17365.4" />
				<Coordinate Order="91" X="36256.2" Y="17356.8" />
				<Coordinate Order="92" X="36305.3" Y="17348.2" />
				<Coordinate Order="93" X="36347.1" Y="17321.2" />
				<Coordinate Order="94" X="36387.6" Y="17292.9" />
				<Coordinate Order="95" X="36415.9" Y="17251.2" />
				<Coordinate Order="96" X="36418.3" Y="17202.1" />
				<Coordinate Order="97" X="36455.2" Y="17168.9" />
				<Coordinate Order="98" X="36471.2" Y="17122.2" />
				<Coordinate Order="99" X="36498.2" Y="17080.5" />
				<Coordinate Order="100" X="36552.2" Y="17041.2" />
				<Coordinate Order="101" X="36601.3" Y="17048.5" />
				<Coordinate Order="102" X="36625.9" Y="17091.5" />
				<Coordinate Order="103" X="36652.9" Y="17135.7" />
				<Coordinate Order="104" X="36697.1" Y="17159.1" />
				<Coordinate Order="105" X="36747.5" Y="17149.2" />
				<Coordinate Order="106" X="36774.5" Y="17105" />
				<Coordinate Order="107" X="36800.3" Y="17062" />
				<Coordinate Order="108" X="36848.2" Y="17048.5" />
				<Coordinate Order="109" X="36875.2" Y="17005.5" />
				<Coordinate Order="110" X="36886.3" Y="16954" />
				<Coordinate Order="111" X="36907.2" Y="16946.6" />
				<Coordinate Order="112" X="36923.1" Y="16909.7" />
				<Coordinate Order="113" X="36956.3" Y="16939.2" />
				<Coordinate Order="114" X="37004.2" Y="16928.2" />
				<Coordinate Order="115" X="37031.2" Y="16886.4" />
				<Coordinate Order="116" X="37039.3" Y="16858.3" />
				<Coordinate Order="117" X="37035.7" Y="16809.3" />
				<Coordinate Order="118" X="37062" Y="16768.7" />
				<Coordinate Order="119" X="37026.2" Y="16736.5" />
				<Coordinate Order="120" X="36995.1" Y="16698.2" />
				<Coordinate Order="121" X="36967.6" Y="16658.8" />
				<Coordinate Order="122" X="36934.2" Y="16624.1" />
				<Coordinate Order="123" X="36984.4" Y="16630.1" />
				<Coordinate Order="124" X="37027.4" Y="16656.4" />
				<Coordinate Order="125" X="37062" Y="16689.9" />
				<Coordinate Order="126" X="37085.9" Y="16731.7" />
				<Coordinate Order="127" X="37124.1" Y="16763.9" />
				<Coordinate Order="128" X="37164.8" Y="16790.2" />
				<Coordinate Order="129" X="37212.6" Y="16802.2" />
				<Coordinate Order="130" X="37259.2" Y="16816.5" />
				<Coordinate Order="131" X="37268.7" Y="16810.5" />
				<Coordinate Order="132" X="37298.6" Y="16772.3" />
				<Coordinate Order="133" X="37277.1" Y="16726.9" />
				<Coordinate Order="134" X="37262.7" Y="16705.4" />
				<Coordinate Order="135" X="37314.1" Y="16709" />
				<Coordinate Order="136" X="37363.1" Y="16699.4" />
				<Coordinate Order="137" X="37403.7" Y="16662.4" />
				<Coordinate Order="138" X="37416.9" Y="16615.8" />
				<Coordinate Order="139" X="37403.7" Y="16566.8" />
				<Coordinate Order="140" X="37379.8" Y="16525" />
				<Coordinate Order="141" X="37357.1" Y="16482" />
				<Coordinate Order="142" X="37333.2" Y="16440.1" />
				<Coordinate Order="143" X="37298.6" Y="16405.5" />
				<Coordinate Order="144" X="37265.1" Y="16370.8" />
				<Coordinate Order="145" X="37259.2" Y="16330.2" />
				<Coordinate Order="146" X="37305.8" Y="16343.4" />
				<Coordinate Order="147" X="37354.7" Y="16331.4" />
				<Coordinate Order="148" X="37385.8" Y="16294.4" />
				<Coordinate Order="149" X="37406.1" Y="16256.2" />
				<Coordinate Order="150" X="37426.4" Y="16208.4" />
				<Coordinate Order="151" X="37452.7" Y="16166.5" />
				<Coordinate Order="152" X="37468.2" Y="16121.1" />
				<Coordinate Order="153" X="37480.2" Y="16074.5" />
				<Coordinate Order="154" X="37502.9" Y="16029.1" />
				<Coordinate Order="155" X="37517.2" Y="15982.5" />
				<Coordinate Order="156" X="37528" Y="15932.4" />
				<Coordinate Order="157" X="37541.1" Y="15882.2" />
				<Coordinate Order="158" X="37584.1" Y="15859.5" />
				<Coordinate Order="159" X="37609.2" Y="15814.1" />
				<Coordinate Order="160" X="37594.9" Y="15780.6" />
				<Coordinate Order="161" X="37631.9" Y="15747.2" />
				<Coordinate Order="162" X="37652.2" Y="15703" />
				<Coordinate Order="163" X="37659.4" Y="15655.2" />
				<Coordinate Order="164" X="37670.2" Y="15624.1" />
				<Coordinate Order="165" X="37713.2" Y="15599" />
				<Coordinate Order="166" X="37758.6" Y="15583.5" />
				<Coordinate Order="167" X="37794.4" Y="15551.2" />
				<Coordinate Order="168" X="37805.2" Y="15527.3" />
				<Coordinate Order="169" X="37849.4" Y="15508.2" />
				<Coordinate Order="170" X="37894.8" Y="15491.5" />
				<Coordinate Order="171" X="37941.4" Y="15477.2" />
				<Coordinate Order="172" X="37991.6" Y="15487.9" />
				<Coordinate Order="173" X="38041.7" Y="15484.3" />
				<Coordinate Order="174" X="38089.5" Y="15486.7" />
				<Coordinate Order="175" X="38123" Y="15479.5" />
				<Coordinate Order="176" X="38163.6" Y="15452.1" />
				<Coordinate Order="177" X="38211.4" Y="15453.3" />
				<Coordinate Order="178" X="38262.8" Y="15435.3" />
				<Coordinate Order="179" X="38330.1" Y="15438.5" />
				<Coordinate Order="180" X="38378.5" Y="15401.8" />
				<Coordinate Order="181" X="38418.1" Y="15350.5" />
				<Coordinate Order="182" X="38472.3" Y="15284.5" />
				<Coordinate Order="183" X="38529.5" Y="15261" />
				<Coordinate Order="184" X="38585.2" Y="15240.5" />
				<Coordinate Order="185" X="38626.3" Y="15198" />
				<Coordinate Order="186" X="38652.7" Y="15142.3" />
				<Coordinate Order="187" X="38663" Y="15079.2" />
				<Coordinate Order="188" X="38677.6" Y="15019.1" />
				<Coordinate Order="189" X="38693.8" Y="14961.9" />
				<Coordinate Order="190" X="38720.2" Y="14907.6" />
				<Coordinate Order="191" X="38756.8" Y="14860.7" />
				<Coordinate Order="192" X="38770" Y="14802" />
				<Coordinate Order="193" X="38764.2" Y="14740.4" />
				<Coordinate Order="194" X="38781.8" Y="14680.3" />
				<Coordinate Order="195" X="38784.7" Y="14631.9" />
				<Coordinate Order="196" X="38792" Y="14570.3" />
				<Coordinate Order="197" X="38787.6" Y="14510.2" />
				<Coordinate Order="198" X="38774.4" Y="14453" />
				<Coordinate Order="199" X="38790.6" Y="14395.8" />
				<Coordinate Order="200" X="38796.4" Y="14331.2" />
				<Coordinate Order="201" X="38777.4" Y="14275.5" />
				<Coordinate Order="202" X="38786.2" Y="14215.4" />
				<Coordinate Order="203" X="38797.9" Y="14153.8" />
				<Coordinate Order="204" X="38793.5" Y="14095.1" />
				<Coordinate Order="205" X="38780.3" Y="14030.6" />
				<Coordinate Order="206" X="38781.8" Y="13971.9" />
				<Coordinate Order="207" X="38805.2" Y="13917.7" />
				<Coordinate Order="208" X="38790.6" Y="13856.1" />
				<Coordinate Order="209" X="38762.7" Y="13803.3" />
				<Coordinate Order="210" X="38753.9" Y="13740.2" />
				<Coordinate Order="211" X="38734.8" Y="13683" />
				<Coordinate Order="212" X="38718.7" Y="13621.4" />
				<Coordinate Order="213" X="38690.8" Y="13561.3" />
				<Coordinate Order="214" X="38664.4" Y="13508.5" />
				<Coordinate Order="215" X="38649.8" Y="13451.3" />
				<Coordinate Order="216" X="38621.9" Y="13397" />
				<Coordinate Order="217" X="38598.4" Y="13339.8" />
				<Coordinate Order="218" X="38582.3" Y="13279.7" />
				<Coordinate Order="219" X="38577.9" Y="13221.1" />
				<Coordinate Order="220" X="38569.1" Y="13162.4" />
				<Coordinate Order="221" X="38544.2" Y="13084.9" />
				<Coordinate Order="222" X="38488.8" Y="13000.6" />
				<Coordinate Order="223" X="38445.5" Y="12911.5" />
				<Coordinate Order="224" X="38423.8" Y="12817.6" />
				<Coordinate Order="225" X="38358.8" Y="12745.3" />
				<Coordinate Order="226" X="38286.5" Y="12680.3" />
				<Coordinate Order="227" X="38202.3" Y="12632.1" />
				<Coordinate Order="228" X="38108.3" Y="12608" />
				<Coordinate Order="229" X="38063.4" Y="12642.9" />
				<Coordinate Order="230" X="38027.4" Y="12705.7" />
				<Coordinate Order="231" X="37973.6" Y="12754.2" />
				<Coordinate Order="232" X="37905.3" Y="12779.4" />
				<Coordinate Order="233" X="37844.3" Y="12818.9" />
				<Coordinate Order="234" X="37808.3" Y="12881.7" />
				<Coordinate Order="235" X="37747.3" Y="12921.2" />
				<Coordinate Order="236" X="37707.8" Y="12984.1" />
				<Coordinate Order="237" X="37691.6" Y="13054.1" />
				<Coordinate Order="238" X="37628.8" Y="13093.6" />
				<Coordinate Order="239" X="37556.9" Y="13090.1" />
				<Coordinate Order="240" X="37494.1" Y="13052.3" />
				<Coordinate Order="241" X="37422.2" Y="13050.5" />
				<Coordinate Order="242" X="37350.4" Y="13016.4" />
				<Coordinate Order="243" X="37276.8" Y="12998.5" />
				<Coordinate Order="244" X="37213.9" Y="12962.6" />
				<Coordinate Order="245" X="37158.2" Y="12915.9" />
				<Coordinate Order="246" X="37084.6" Y="12890.7" />
				<Coordinate Order="247" X="37009.2" Y="12901.5" />
				<Coordinate Order="248" X="36958.8" Y="12930.4" />
				<Coordinate Order="249" X="36885.3" Y="12970.1" />
				<Coordinate Order="250" X="36843.7" Y="12997.9" />
				<Coordinate Order="251" X="36845.6" Y="12916.5" />
				<Coordinate Order="252" X="36885.3" Y="12847" />
				<Coordinate Order="253" X="36937" Y="12785.5" />
				<Coordinate Order="254" X="37008.4" Y="12749.8" />
				<Coordinate Order="255" X="37083.9" Y="12720" />
				<Coordinate Order="256" X="37129.5" Y="12652.5" />
				<Coordinate Order="257" X="37143.4" Y="12628.6" />
				<Coordinate Order="258" X="37212.9" Y="12579" />
				<Coordinate Order="259" X="37282.4" Y="12545.3" />
				<Coordinate Order="260" X="37250.6" Y="12620.7" />
				<Coordinate Order="261" X="37266.5" Y="12700.1" />
				<Coordinate Order="262" X="37345.9" Y="12725.9" />
				<Coordinate Order="263" X="37377.7" Y="12799.4" />
				<Coordinate Order="264" X="37447.2" Y="12851" />
				<Coordinate Order="265" X="37518.7" Y="12886.7" />
				<Coordinate Order="266" X="37538.5" Y="12809.3" />
				<Coordinate Order="267" X="37590.1" Y="12747.8" />
				<Coordinate Order="268" X="37647.7" Y="12692.2" />
				<Coordinate Order="269" X="37608" Y="12600.9" />
				<Coordinate Order="270" X="37584.2" Y="12523.4" />
				<Coordinate Order="271" X="37602" Y="12463.9" />
				<Coordinate Order="272" X="37625.9" Y="12469.8" />
				<Coordinate Order="273" X="37669.5" Y="12537.3" />
				<Coordinate Order="274" X="37731.1" Y="12590.9" />
				<Coordinate Order="275" X="37808.5" Y="12612.8" />
				<Coordinate Order="276" X="37882" Y="12644.5" />
				<Coordinate Order="277" X="37935.6" Y="12585" />
				<Coordinate Order="278" X="37988.6" Y="12472.6" />
				<Coordinate Order="279" X="37979.4" Y="12380.5" />
				<Coordinate Order="280" X="37938" Y="12343.7" />
				<Coordinate Order="281" X="37868.9" Y="12281.5" />
				<Coordinate Order="282" X="37866.6" Y="12274.6" />
				<Coordinate Order="283" X="37898.8" Y="12184.8" />
				<Coordinate Order="284" X="37832.1" Y="12120.4" />
				<Coordinate Order="285" X="37763" Y="12099.6" />
				<Coordinate Order="286" X="37746.9" Y="12007.6" />
				<Coordinate Order="287" X="37705.5" Y="11996" />
				<Coordinate Order="288" X="37765.3" Y="11924.7" />
				<Coordinate Order="289" X="37772.2" Y="11830.3" />
				<Coordinate Order="290" X="37680.1" Y="11846.4" />
				<Coordinate Order="291" X="37636.4" Y="11834.9" />
				<Coordinate Order="292" X="37721.6" Y="11798.1" />
				<Coordinate Order="293" X="37762.8" Y="11783.3" />
				<Coordinate Order="294" X="37799.3" Y="11722.5" />
				<Coordinate Order="295" X="37766.3" Y="11640.9" />
				<Coordinate Order="296" X="37726.4" Y="11583.5" />
				<Coordinate Order="297" X="37663.8" Y="11552.3" />
				<Coordinate Order="298" X="37594.3" Y="11547" />
				<Coordinate Order="299" X="37528.3" Y="11524.5" />
				<Coordinate Order="300" X="37472.7" Y="11567.9" />
				<Coordinate Order="301" X="37438" Y="11602.6" />
				<Coordinate Order="302" X="37443.2" Y="11533.1" />
				<Coordinate Order="303" X="37483.2" Y="11475.8" />
				<Coordinate Order="304" X="37507.5" Y="11408.1" />
				<Coordinate Order="305" X="37443.2" Y="11378.5" />
				<Coordinate Order="306" X="37399.8" Y="11397.2" />
				<Coordinate Order="307" X="37343.7" Y="11373.6" />
				<Coordinate Order="308" X="37315.7" Y="11316.1" />
				<Coordinate Order="309" X="37345.2" Y="11263" />
				<Coordinate Order="310" X="37404.2" Y="11266" />
				<Coordinate Order="311" X="37411.1" Y="11202.5" />
				<Coordinate Order="312" X="37441.1" Y="11150.9" />
				<Coordinate Order="313" X="37401.3" Y="11106.7" />
				<Coordinate Order="314" X="37354.1" Y="11069.8" />
				<Coordinate Order="315" X="37318.7" Y="11010.8" />
				<Coordinate Order="316" X="37280.3" Y="10953.3" />
				<Coordinate Order="317" X="37255.2" Y="10892.8" />
				<Coordinate Order="318" X="37227.2" Y="10835.3" />
				<Coordinate Order="319" X="37183" Y="10792.5" />
				<Coordinate Order="320" X="37140.2" Y="10749.7" />
				<Coordinate Order="321" X="37091.5" Y="10715.8" />
				<Coordinate Order="322" X="37031" Y="10708.4" />
				<Coordinate Order="323" X="36970.6" Y="10712.8" />
				<Coordinate Order="324" X="36907.1" Y="10699.6" />
				<Coordinate Order="325" X="36839.3" Y="10686.3" />
				<Coordinate Order="326" X="36778.8" Y="10683.3" />
				<Coordinate Order="327" X="36719.8" Y="10704" />
				<Coordinate Order="328" X="36662.3" Y="10723.2" />
				<Coordinate Order="329" X="36598.6" Y="10742.3" />
				<Coordinate Order="330" X="36548.3" Y="10771" />
				<Coordinate Order="331" X="36499.5" Y="10805.5" />
				<Coordinate Order="332" X="36456.5" Y="10844.2" />
				<Coordinate Order="333" X="36407.7" Y="10881.5" />
				<Coordinate Order="334" X="36351.7" Y="10897.3" />
				<Coordinate Order="335" X="36292.9" Y="10883" />
				<Coordinate Order="336" X="36229.7" Y="10864.3" />
				<Coordinate Order="337" X="36175.2" Y="10845.7" />
				<Coordinate Order="338" X="36120.7" Y="10822.7" />
				<Coordinate Order="339" X="36064.7" Y="10804" />
				<Coordinate Order="340" X="36011.6" Y="10779.7" />
				<Coordinate Order="341" X="35955.6" Y="10759.6" />
				<Coordinate Order="342" X="35901.1" Y="10739.5" />
				<Coordinate Order="343" X="35843.7" Y="10726.5" />
				<Coordinate Order="344" X="35784.8" Y="10729.4" />
				<Coordinate Order="345" X="35728.9" Y="10746.6" />
				<Coordinate Order="346" X="35698.7" Y="10802.6" />
				<Coordinate Order="347" X="35714.5" Y="10860" />
				<Coordinate Order="348" X="35744.6" Y="10910.3" />
				<Coordinate Order="349" X="35693" Y="10943.3" />
				<Coordinate Order="350" X="35635.6" Y="10916" />
				<Coordinate Order="351" X="35618.3" Y="10874.4" />
				<Coordinate Order="352" X="35569.5" Y="10839.9" />
				<Coordinate Order="353" X="35525.1" Y="10802.6" />
				<Coordinate Order="354" X="35467.6" Y="10776.8" />
				<Coordinate Order="355" X="35407.4" Y="10763.9" />
				<Coordinate Order="356" X="35344.2" Y="10769.6" />
				<Coordinate Order="357" X="35286.8" Y="10776.8" />
				<Coordinate Order="358" X="35223.7" Y="10796.9" />
				<Coordinate Order="359" X="35182" Y="10838.5" />
				<Coordinate Order="360" X="35174.9" Y="10897.3" />
				<Coordinate Order="361" X="35197.8" Y="10950.4" />
				<Coordinate Order="362" X="35176.3" Y="11005" />
				<Coordinate Order="363" X="35134.7" Y="11046.6" />
				<Coordinate Order="364" X="35103.1" Y="11095.4" />
				<Coordinate Order="365" X="35114.6" Y="11160" />
				<Coordinate Order="366" X="35118.9" Y="11217.4" />
				<Coordinate Order="367" X="35085.9" Y="11266.2" />
				<Coordinate Order="368" X="35062.9" Y="11304.9" />
				<Coordinate Order="369" X="35027" Y="11254.7" />
				<Coordinate Order="370" X="35007" Y="11200.2" />
				<Coordinate Order="371" X="34992.6" Y="11142.8" />
				<Coordinate Order="372" X="34994" Y="11082.5" />
				<Coordinate Order="373" X="35022.7" Y="11032.2" />
				<Coordinate Order="374" X="35048.6" Y="10979.1" />
				<Coordinate Order="375" X="35077.3" Y="10928.9" />
				<Coordinate Order="376" X="35094.5" Y="10844.2" />
				<Coordinate Order="377" X="35120.3" Y="10788.3" />
				<Coordinate Order="378" X="35063.2" Y="10739.3" />
				<Coordinate Order="379" X="35016.7" Y="10734.2" />
				<Coordinate Order="380" X="34954.3" Y="10752.7" />
				<Coordinate Order="381" X="34906.7" Y="10768.2" />
				<Coordinate Order="382" X="34854.8" Y="10765.3" />
				<Coordinate Order="383" X="34798.9" Y="10791.1" />
				<Coordinate Order="384" X="34744.3" Y="10814.1" />
				<Coordinate Order="385" X="34695.5" Y="10847.1" />
				<Coordinate Order="386" X="34645.3" Y="10880.1" />
				<Coordinate Order="387" X="34619.5" Y="10931.8" />
				<Coordinate Order="388" X="34593.6" Y="10986.3" />
				<Coordinate Order="389" X="34569.2" Y="11039.4" />
				<Coordinate Order="390" X="34559.2" Y="11096.8" />
				<Coordinate Order="391" X="34556.3" Y="11137" />
				<Coordinate Order="392" X="34547.7" Y="11141.3" />
				<Coordinate Order="393" X="34490.3" Y="11145.6" />
				<Coordinate Order="394" X="34450.1" Y="11190.1" />
				<Coordinate Order="395" X="34405.6" Y="11230.3" />
				<Coordinate Order="396" X="34358.3" Y="11263.3" />
				<Coordinate Order="397" X="34300.8" Y="11273.4" />
				<Coordinate Order="398" X="34236.3" Y="11279.1" />
				<Coordinate Order="399" X="34187.5" Y="11310.7" />
				<Coordinate Order="400" X="34147.3" Y="11355.2" />
				<Coordinate Order="401" X="34089.9" Y="11363.8" />
				<Coordinate Order="402" X="34033.9" Y="11381" />
				<Coordinate Order="403" X="33988" Y="11416.9" />
				<Coordinate Order="404" X="33965" Y="11432.7" />
				<Coordinate Order="405" X="33906.2" Y="11448.4" />
				<Coordinate Order="406" X="33850.2" Y="11434.1" />
				<Coordinate Order="407" X="33792.8" Y="11441.3" />
				<Coordinate Order="408" X="33745.4" Y="11477.1" />
				<Coordinate Order="409" X="33719.6" Y="11492.9" />
				<Coordinate Order="410" X="33657.9" Y="11500.1" />
				<Coordinate Order="411" X="33601.9" Y="11517.3" />
				<Coordinate Order="412" X="33543.1" Y="11536" />
				<Coordinate Order="413" X="33485.7" Y="11531.7" />
				<Coordinate Order="414" X="33426.8" Y="11541.7" />
				<Coordinate Order="415" X="33379.5" Y="11576.2" />
				<Coordinate Order="416" X="33342.1" Y="11622.1" />
				<Coordinate Order="417" X="33294.8" Y="11655.1" />
				<Coordinate Order="418" X="33238.8" Y="11630.7" />
				<Coordinate Order="419" X="33187.1" Y="11636.5" />
				<Coordinate Order="420" X="33118.3" Y="11655.1" />
				<Coordinate Order="421" X="33059.4" Y="11668" />
				<Coordinate Order="422" X="33016.4" Y="11708.2" />
				<Coordinate Order="423" X="32979" Y="11755.6" />
				<Coordinate Order="424" X="32937.4" Y="11810.1" />
				<Coordinate Order="425" X="32933.1" Y="11870.4" />
				<Coordinate Order="426" X="32937.4" Y="11889" />
				<Coordinate Order="427" X="32904.4" Y="11936.4" />
				<Coordinate Order="428" X="32852.7" Y="11963.7" />
				<Coordinate Order="429" X="32815.4" Y="12008.2" />
				<Coordinate Order="430" X="32786.7" Y="12061.3" />
				<Coordinate Order="431" X="32755.2" Y="12018.2" />
				<Coordinate Order="432" X="32702.1" Y="11995.2" />
				<Coordinate Order="433" X="32673.3" Y="12049.8" />
				<Coordinate Order="434" X="32647.5" Y="12108.6" />
				<Coordinate Order="435" X="32640.3" Y="12166" />
				<Coordinate Order="436" X="32650.4" Y="12223.4" />
				<Coordinate Order="437" X="32646.1" Y="12282.3" />
				<Coordinate Order="438" X="32663.3" Y="12344" />
				<Coordinate Order="439" X="32683.4" Y="12402.8" />
				<Coordinate Order="440" X="32703.5" Y="12457.4" />
				<Coordinate Order="441" X="32720.7" Y="12513.3" />
				<Coordinate Order="442" X="32737.9" Y="12569.3" />
				<Coordinate Order="443" X="32758" Y="12626.7" />
				<Coordinate Order="444" X="32775.2" Y="12684.1" />
				<Coordinate Order="445" X="32796.8" Y="12738.7" />
				<Coordinate Order="446" X="32832.7" Y="12794.6" />
				<Coordinate Order="447" X="32852.7" Y="12850.6" />
				<Coordinate Order="448" X="32862.8" Y="12909.5" />
				<Coordinate Order="449" X="32859.9" Y="12945.3" />
				<Coordinate Order="450" X="32885.8" Y="12997" />
				<Coordinate Order="451" X="32915.9" Y="13047.2" />
				<Coordinate Order="452" X="32958.9" Y="13086" />
				<Coordinate Order="453" X="33006.3" Y="13119" />
				<Coordinate Order="454" X="33056.5" Y="13153.4" />
				<Coordinate Order="455" X="33098.2" Y="13193.6" />
				<Coordinate Order="456" X="33142.7" Y="13239.6" />
				<Coordinate Order="457" X="33177.1" Y="13288.3" />
				<Coordinate Order="458" X="33210.1" Y="13340" />
				<Coordinate Order="459" X="33234.5" Y="13393.1" />
				<Coordinate Order="460" X="33268.9" Y="13440.5" />
				<Coordinate Order="461" X="33302" Y="13487.8" />
				<Coordinate Order="462" X="33339.3" Y="13533.8" />
				<Coordinate Order="463" X="33383.8" Y="13572.5" />
				<Coordinate Order="464" X="33429.7" Y="13611.3" />
				<Coordinate Order="465" X="33477.1" Y="13644.3" />
				<Coordinate Order="466" X="33556.8" Y="13657.2" />
				<Coordinate Order="467" X="33642.9" Y="13617.6" />
				<Coordinate Order="468" X="33703.3" Y="13694.4" />
				<Coordinate Order="469" X="33796.4" Y="13696.7" />
				<Coordinate Order="470" X="33875.4" Y="13640.9" />
				<Coordinate Order="471" X="33833.6" Y="13726.9" />
				<Coordinate Order="472" X="33842.9" Y="13820" />
				<Coordinate Order="473" X="33940.6" Y="13831.6" />
				<Coordinate Order="474" X="33952.2" Y="13924.6" />
				<Coordinate Order="475" X="33859.2" Y="13931.6" />
				<Coordinate Order="476" X="33768.4" Y="13910.7" />
				<Coordinate Order="477" X="33677.7" Y="13933.9" />
				<Coordinate Order="478" X="33587" Y="13961.8" />
				<Coordinate Order="479" X="33563.8" Y="13959.5" />
				<Coordinate Order="480" X="33626.6" Y="13885.1" />
				<Coordinate Order="481" X="33624.2" Y="13789.7" />
				<Coordinate Order="482" X="33552.1" Y="13729.3" />
				<Coordinate Order="483" X="33459.1" Y="13754.8" />
				<Coordinate Order="484" X="33405.6" Y="13831.6" />
				<Coordinate Order="485" X="33459.1" Y="13908.3" />
				<Coordinate Order="486" X="33531.2" Y="13927" />
				<Coordinate Order="487" X="33442.8" Y="13961.8" />
				<Coordinate Order="488" X="33352.1" Y="13936.3" />
				<Coordinate Order="489" X="33261.4" Y="13973.5" />
				<Coordinate Order="490" X="33187" Y="14031.6" />
				<Coordinate Order="491" X="33142.8" Y="14115.3" />
				<Coordinate Order="492" X="33149.8" Y="14208.4" />
				<Coordinate Order="493" X="33189.3" Y="14294.4" />
				<Coordinate Order="494" X="33147.5" Y="14380.5" />
				<Coordinate Order="495" X="33114.9" Y="14468.9" />
				<Coordinate Order="496" X="33131.2" Y="14561.9" />
				<Coordinate Order="497" X="33200.9" Y="14629.3" />
				<Coordinate Order="498" X="33291.7" Y="14717.7" />
				<Coordinate Order="499" X="33291.7" Y="14717.7" />
				<Coordinate Order="500" X="33198.6" Y="14696.8" />
				<Coordinate Order="501" X="33105.6" Y="14692.1" />
				<Coordinate Order="502" X="33040.5" Y="14624.7" />
				<Coordinate Order="503" X="33052.1" Y="14531.7" />
				<Coordinate Order="504" X="32980" Y="14471.2" />
				<Coordinate Order="505" X="32921.9" Y="14396.8" />
				<Coordinate Order="506" X="32917.2" Y="14371.2" />
				<Coordinate Order="507" X="33010.2" Y="14359.6" />
				<Coordinate Order="508" X="33040.5" Y="14271.2" />
				<Coordinate Order="509" X="33038.1" Y="14178.1" />
				<Coordinate Order="510" X="32982.3" Y="14101.4" />
				<Coordinate Order="511" X="32893.9" Y="14071.2" />
				<Coordinate Order="512" X="32840.4" Y="14147.9" />
				<Coordinate Order="513" X="32814.9" Y="14245.6" />
				<Coordinate Order="514" X="32828.8" Y="14338.6" />
				<Coordinate Order="515" X="32826.5" Y="14399.1" />
				<Coordinate Order="516" X="32740.4" Y="14352.6" />
				<Coordinate Order="517" X="32689.3" Y="14347.9" />
				<Coordinate Order="518" X="32598.6" Y="14378.2" />
				<Coordinate Order="519" X="32507.9" Y="14406.1" />
				<Coordinate Order="520" X="32417.1" Y="14357.2" />
				<Coordinate Order="521" X="32345" Y="14296.8" />
				<Coordinate Order="522" X="32256.7" Y="14264.2" />
				<Coordinate Order="523" X="32254.3" Y="14222.3" />
				<Coordinate Order="524" X="32163.6" Y="14201.4" />
				<Coordinate Order="525" X="32070.6" Y="14217.7" />
				<Coordinate Order="526" X="31977.6" Y="14236.3" />
				<Coordinate Order="527" X="31877.6" Y="14254.9" />
				<Coordinate Order="528" X="31777.6" Y="14268.8" />
				<Coordinate Order="529" X="31758.9" Y="14361.9" />
				<Coordinate Order="530" X="31742.7" Y="14382.8" />
				<Coordinate Order="531" X="31647.3" Y="14387.5" />
				<Coordinate Order="532" X="31575.2" Y="14357.2" />
				<Coordinate Order="533" X="31633.4" Y="14282.8" />
				<Coordinate Order="534" X="31724.1" Y="14259.5" />
				<Coordinate Order="535" X="31800.8" Y="14199.1" />
				<Coordinate Order="536" X="31798.5" Y="14106" />
				<Coordinate Order="537" X="31777.6" Y="14015.3" />
				<Coordinate Order="538" X="31775.2" Y="13992.1" />
				<Coordinate Order="539" X="31868.3" Y="13999.1" />
				<Coordinate Order="540" X="31963.6" Y="14017.7" />
				<Coordinate Order="541" X="32072.9" Y="14045.6" />
				<Coordinate Order="542" X="32166" Y="14061.9" />
				<Coordinate Order="543" X="32219.5" Y="14033.9" />
				<Coordinate Order="544" X="32193.9" Y="13954.9" />
				<Coordinate Order="545" X="32110.1" Y="13906" />
				<Coordinate Order="546" X="32019.4" Y="13885.1" />
				<Coordinate Order="547" X="31924.1" Y="13875.8" />
				<Coordinate Order="548" X="31826.4" Y="13845.6" />
				<Coordinate Order="549" X="31735.7" Y="13822.3" />
				<Coordinate Order="550" X="31635.7" Y="13815.3" />
				<Coordinate Order="551" X="31565.9" Y="13815.3" />
				<Coordinate Order="552" X="31472.9" Y="13829.3" />
				<Coordinate Order="553" X="31482.2" Y="13875.8" />
				<Coordinate Order="554" X="31400.8" Y="13826.9" />
				<Coordinate Order="555" X="31307.7" Y="13801.4" />
				<Coordinate Order="556" X="31214.7" Y="13792.1" />
				<Coordinate Order="557" X="31117" Y="13796.7" />
				<Coordinate Order="558" X="31024" Y="13792.1" />
				<Coordinate Order="559" X="30917" Y="13778.1" />
				<Coordinate Order="560" X="30826.3" Y="13757.2" />
				<Coordinate Order="561" X="30723.7" Y="13773.9" />
				<Coordinate Order="562" X="30637" Y="13791.2" />
				<Coordinate Order="563" X="30543.8" Y="13784.7" />
				<Coordinate Order="564" X="30461.5" Y="13756.5" />
				<Coordinate Order="565" X="30463.7" Y="13669.9" />
				<Coordinate Order="566" X="30460.1" Y="13584.9" />
				<Coordinate Order="567" X="30392.3" Y="13546.2" />
				<Coordinate Order="568" X="30322.6" Y="13511.3" />
				<Coordinate Order="569" X="30258.7" Y="13464.9" />
				<Coordinate Order="570" X="30214.1" Y="13401" />
				<Coordinate Order="571" X="30150.2" Y="13352.5" />
				<Coordinate Order="572" X="30072.8" Y="13350.6" />
				<Coordinate Order="573" X="29997.2" Y="13371.9" />
				<Coordinate Order="574" X="29919.8" Y="13387.4" />
				<Coordinate Order="575" X="29844.2" Y="13404.8" />
				<Coordinate Order="576" X="29770.7" Y="13435.8" />
				<Coordinate Order="577" X="29786.1" Y="13513.3" />
				<Coordinate Order="578" X="29828.7" Y="13581.1" />
				<Coordinate Order="579" X="29888.8" Y="13635.3" />
				<Coordinate Order="580" X="29956.6" Y="13679.8" />
				<Coordinate Order="581" X="29977.9" Y="13714.7" />
				<Coordinate Order="582" X="29904.3" Y="13743.7" />
				<Coordinate Order="583" X="29828.7" Y="13772.8" />
				<Coordinate Order="584" X="29755.2" Y="13799.9" />
				<Coordinate Order="585" X="29681.6" Y="13828.9" />
				<Coordinate Order="586" X="29609.9" Y="13871.5" />
				<Coordinate Order="587" X="29538.3" Y="13912.2" />
				<Coordinate Order="588" X="29476.3" Y="14001.3" />
				<Coordinate Order="589" X="29418.2" Y="14057.4" />
				<Coordinate Order="590" X="29389.1" Y="14131" />
				<Coordinate Order="591" X="29342.7" Y="14194.9" />
				<Coordinate Order="592" X="29325.2" Y="14270.5" />
				<Coordinate Order="593" X="29296.2" Y="14346" />
				<Coordinate Order="594" X="29302" Y="14425.4" />
				<Coordinate Order="595" X="29342.7" Y="14497" />
				<Coordinate Order="596" X="29420.1" Y="14504.8" />
				<Coordinate Order="597" X="29497.6" Y="14510.6" />
				<Coordinate Order="598" X="29503.4" Y="14504.8" />
				<Coordinate Order="599" X="29509.2" Y="14582.3" />
				<Coordinate Order="600" X="29505.3" Y="14661.7" />
				<Coordinate Order="601" X="29497.6" Y="14739.1" />
				<Coordinate Order="602" X="29464.7" Y="14810.8" />
				<Coordinate Order="603" X="29462.7" Y="14890.2" />
				<Coordinate Order="604" X="29470.5" Y="14967.6" />
				<Coordinate Order="605" X="29482.1" Y="15029.6" />
				<Coordinate Order="606" X="29487.9" Y="15110.9" />
				<Coordinate Order="607" X="29518.9" Y="15186.5" />
				<Coordinate Order="608" X="29515" Y="15265.9" />
				<Coordinate Order="609" X="29532.5" Y="15343.3" />
				<Coordinate Order="610" X="29567.3" Y="15418.8" />
				<Coordinate Order="611" X="29633.2" Y="15451.8" />
				<Coordinate Order="612" X="29644.8" Y="15529.2" />
				<Coordinate Order="613" X="29685.4" Y="15600.9" />
				<Coordinate Order="614" X="29739.7" Y="15657" />
				<Coordinate Order="615" X="29807.4" Y="15695.8" />
				<Coordinate Order="616" X="29873.3" Y="15738.4" />
				<Coordinate Order="617" X="29935.3" Y="15788.7" />
				<Coordinate Order="618" X="30003" Y="15833.3" />
				<Coordinate Order="619" X="30078.6" Y="15854.6" />
				<Coordinate Order="620" X="30148.3" Y="15819.7" />
				<Coordinate Order="621" X="30171.5" Y="15804.2" />
				<Coordinate Order="622" X="30212.2" Y="15873.9" />
				<Coordinate Order="623" X="30237.4" Y="15947.5" />
				<Coordinate Order="624" X="30314.8" Y="15992.1" />
				<Coordinate Order="625" X="30384.5" Y="16026.9" />
				<Coordinate Order="626" X="30452.3" Y="16071.5" />
				<Coordinate Order="627" X="30529.8" Y="16088.9" />
				<Coordinate Order="628" X="30597.6" Y="16133.4" />
				<Coordinate Order="629" X="30665.3" Y="16178" />
				<Coordinate Order="630" X="30737" Y="16224.5" />
				<Coordinate Order="631" X="30771.8" Y="16251.6" />
				<Coordinate Order="632" X="30820.3" Y="16313.5" />
				<Coordinate Order="633" X="30857.1" Y="16385.2" />
				<Coordinate Order="634" X="30895.8" Y="16462.6" />
				<Coordinate Order="635" X="30942.3" Y="16526.6" />
				<Coordinate Order="636" X="30977.1" Y="16600.1" />
				<Coordinate Order="637" X="31017.8" Y="16667.9" />
				<Coordinate Order="638" X="31066.2" Y="16731.8" />
				<Coordinate Order="639" X="31064.3" Y="16809.3" />
				<Coordinate Order="640" X="31066.2" Y="16886.8" />
				<Coordinate Order="641" X="31130.1" Y="16939" />
				<Coordinate Order="642" X="31203.7" Y="16973.9" />
				<Coordinate Order="643" X="31226.9" Y="16972" />
				<Coordinate Order="644" X="31174.7" Y="17030.1" />
				<Coordinate Order="645" X="31174.7" Y="17109.5" />
				<Coordinate Order="646" X="31225" Y="17171.4" />
				<Coordinate Order="647" X="31259.9" Y="17241.1" />
				<Coordinate Order="648" X="31316" Y="17295.4" />
				<Coordinate Order="649" X="31391.5" Y="17316.7" />
				<Coordinate Order="650" X="31470.9" Y="17330.2" />
				<Coordinate Order="651" X="31550.3" Y="17353.5" />
				<Coordinate Order="652" X="31627.8" Y="17384.4" />
				<Coordinate Order="653" X="31680.1" Y="17326.4" />
				<Coordinate Order="654" X="31697.5" Y="17291.5" />
				<Coordinate Order="655" X="31763.4" Y="17338" />
				<Coordinate Order="656" X="31794.3" Y="17409.6" />
				<Coordinate Order="657" X="31817.6" Y="17485.2" />
				<Coordinate Order="658" X="31881.5" Y="17537.4" />
				<Coordinate Order="659" X="31949.3" Y="17576.2" />
				<Coordinate Order="660" X="32020.9" Y="17539.4" />
				<Coordinate Order="661" X="32053.8" Y="17467.7" />
				<Coordinate Order="662" X="32046.1" Y="17390.3" />
				<Coordinate Order="663" X="32111.9" Y="17347.7" />
				<Coordinate Order="664" X="32162.3" Y="17407.7" />
				<Coordinate Order="665" X="32173.9" Y="17430.9" />
				<Coordinate Order="666" X="32185.5" Y="17461.9" />
				<Coordinate Order="667" X="32243.6" Y="17514.2" />
				<Coordinate Order="668" X="32299.8" Y="17576.2" />
				<Coordinate Order="669" X="32340.5" Y="17645.9" />
				<Coordinate Order="670" X="32404.4" Y="17694.3" />
				<Coordinate Order="671" X="32483.8" Y="17715.6" />
				<Coordinate Order="672" X="32561.2" Y="17717.5" />
				<Coordinate Order="673" X="32638.7" Y="17702" />
				<Coordinate Order="674" X="32716.2" Y="17717.5" />
				<Coordinate Order="675" X="32776.2" Y="17667.2" />
				<Coordinate Order="676" X="32828.5" Y="17599.4" />
				<Coordinate Order="677" X="32874.9" Y="17533.6" />
				<Coordinate Order="678" X="32929.2" Y="17477.4" />
				<Coordinate Order="679" X="33006.6" Y="17485.2" />
			</Coordinates>
		</Annotation>
		<Annotation Name="Annotation 1" Type="Polygon" PartOfGroup="metastases" Color="#F4FA58">
			<Coordinates>
				<Coordinate Order="0" X="32365.2" Y="13896.8" />
				<Coordinate Order="1" X="32431.9" Y="13927.5" />
				<Coordinate Order="2" X="32500.4" Y="13954.5" />
				<Coordinate Order="3" X="32572.5" Y="13967.1" />
				<Coordinate Order="4" X="32644.7" Y="13970.7" />
				<Coordinate Order="5" X="32718.6" Y="13950.9" />
				<Coordinate Order="6" X="32751.1" Y="13886" />
				<Coordinate Order="7" X="32709.6" Y="13824.7" />
				<Coordinate Order="8" X="32650.1" Y="13783.2" />
				<Coordinate Order="9" X="32579.8" Y="13748.9" />
				<Coordinate Order="10" X="32513" Y="13718.3" />
				<Coordinate Order="11" X="32440.9" Y="13685.8" />
				<Coordinate Order="12" X="32370.6" Y="13662.4" />
				<Coordinate Order="13" X="32298.4" Y="13660.6" />
				<Coordinate Order="14" X="32255.1" Y="13720.1" />
				<Coordinate Order="15" X="32269.6" Y="13792.2" />
				<Coordinate Order="16" X="32314.7" Y="13849.9" />
			</Coordinates>
		</Annotation>
		<Annotation Name="Annotation 2" Type="Polygon" PartOfGroup="metastases" Color="#F4FA58">
			<Coordinates>
				<Coordinate Order="0" X="32092.6" Y="13285" />
				<Coordinate Order="1" X="32125.3" Y="13281.8" />
				<Coordinate Order="2" X="32156.5" Y="13271.4" />
				<Coordinate Order="3" X="32185.2" Y="13253.9" />
				<Coordinate Order="4" X="32198" Y="13224.3" />
				<Coordinate Order="5" X="32172.4" Y="13204.4" />
				<Coordinate Order="6" X="32142.1" Y="13192.4" />
				<Coordinate Order="7" X="32111" Y="13182" />
				<Coordinate Order="8" X="32076.7" Y="13177.2" />
				<Coordinate Order="9" X="32045.5" Y="13193.2" />
				<Coordinate Order="10" X="32016" Y="13208.4" />
				<Coordinate Order="11" X="31994.4" Y="13232.3" />
				<Coordinate Order="12" X="32007.2" Y="13261.8" />
				<Coordinate Order="13" X="32036" Y="13277" />
				<Coordinate Order="14" X="32067.9" Y="13281" />
			</Coordinates>
		</Annotation>
	</Annotations>
	<AnnotationGroups>
		<Group Name="metastases" PartOfGroup="None" Color="#ff0000">
			<Attributes />
		</Group>
	</AnnotationGroups>
</ASAP_Annotations>
