<?xml version="1.0"?>
<ASAP_Annotations>
	<Annotations>
		<Annotation Name="Annotation 1" Type="Polygon" PartOfGroup="metastases" Color="#F4FA58">
			<Coordinates>
				<Coordinate Order="0" X="33788.3" Y="144883" />
				<Coordinate Order="1" X="33706.9" Y="144923" />
				<Coordinate Order="2" X="33621.3" Y="144969" />
				<Coordinate Order="3" X="33544" Y="145013" />
				<Coordinate Order="4" X="33462.6" Y="145038" />
				<Coordinate Order="5" X="33381.2" Y="145063" />
				<Coordinate Order="6" X="33303.9" Y="145096" />
				<Coordinate Order="7" X="33230.8" Y="145138" />
				<Coordinate Order="8" X="33157.8" Y="145182" />
				<Coordinate Order="9" X="33076.3" Y="145215" />
				<Coordinate Order="10" X="33015.8" Y="145274" />
				<Coordinate Order="11" X="32944.8" Y="145339" />
				<Coordinate Order="12" X="32871.7" Y="145401" />
				<Coordinate Order="13" X="32798.6" Y="145456" />
				<Coordinate Order="14" X="32719.3" Y="145504" />
				<Coordinate Order="15" X="32637.8" Y="145537" />
				<Coordinate Order="16" X="32556.4" Y="145575" />
				<Coordinate Order="17" X="32479.1" Y="145621" />
				<Coordinate Order="18" X="32408.2" Y="145671" />
				<Coordinate Order="19" X="32347.6" Y="145731" />
				<Coordinate Order="20" X="32305.8" Y="145804" />
				<Coordinate Order="21" X="32276.6" Y="145884" />
				<Coordinate Order="22" X="32253.6" Y="145965" />
				<Coordinate Order="23" X="32220.2" Y="146026" />
				<Coordinate Order="24" X="32147.1" Y="146069" />
				<Coordinate Order="25" X="32084.5" Y="146130" />
				<Coordinate Order="26" X="32026" Y="146199" />
				<Coordinate Order="27" X="31973.8" Y="146266" />
				<Coordinate Order="28" X="31923.7" Y="146337" />
				<Coordinate Order="29" X="31871.5" Y="146406" />
				<Coordinate Order="30" X="31806.8" Y="146462" />
				<Coordinate Order="31" X="31733.7" Y="146512" />
				<Coordinate Order="32" X="31660.6" Y="146566" />
				<Coordinate Order="33" X="31600.1" Y="146629" />
				<Coordinate Order="34" X="31547.9" Y="146700" />
				<Coordinate Order="35" X="31501.9" Y="146773" />
				<Coordinate Order="36" X="31453.9" Y="146846" />
				<Coordinate Order="37" X="31416.3" Y="146926" />
				<Coordinate Order="38" X="31389.2" Y="147005" />
				<Coordinate Order="39" X="31353.7" Y="147082" />
				<Coordinate Order="40" X="31305.7" Y="147111" />
				<Coordinate Order="41" X="31293.1" Y="147199" />
				<Coordinate Order="42" X="31280.6" Y="147283" />
				<Coordinate Order="43" X="31263.9" Y="147372" />
				<Coordinate Order="44" X="31240.9" Y="147454" />
				<Coordinate Order="45" X="31195" Y="147527" />
				<Coordinate Order="46" X="31157.4" Y="147610" />
				<Coordinate Order="47" X="31124" Y="147688" />
				<Coordinate Order="48" X="31086.4" Y="147767" />
				<Coordinate Order="49" X="31050.9" Y="147851" />
				<Coordinate Order="50" X="31019.6" Y="147932" />
				<Coordinate Order="51" X="30986.2" Y="148013" />
				<Coordinate Order="52" X="30950.7" Y="148093" />
				<Coordinate Order="53" X="30934" Y="148178" />
				<Coordinate Order="54" X="30915.2" Y="148266" />
				<Coordinate Order="55" X="30902.7" Y="148350" />
				<Coordinate Order="56" X="30877.6" Y="148431" />
				<Coordinate Order="57" X="30856.8" Y="148512" />
				<Coordinate Order="58" X="30860.9" Y="148596" />
				<Coordinate Order="59" X="30860.9" Y="148673" />
				<Coordinate Order="60" X="30856.8" Y="148757" />
				<Coordinate Order="61" X="30856.8" Y="148844" />
				<Coordinate Order="62" X="30860.9" Y="148934" />
				<Coordinate Order="63" X="30865.1" Y="149026" />
				<Coordinate Order="64" X="30867.2" Y="149110" />
				<Coordinate Order="65" X="30869.3" Y="149193" />
				<Coordinate Order="66" X="30871.4" Y="149283" />
				<Coordinate Order="67" X="30860.9" Y="149366" />
				<Coordinate Order="68" X="30850.5" Y="149450" />
				<Coordinate Order="69" X="30858.8" Y="149536" />
				<Coordinate Order="70" X="30881.8" Y="149619" />
				<Coordinate Order="71" X="30906.9" Y="149701" />
				<Coordinate Order="72" X="30950.7" Y="149776" />
				<Coordinate Order="73" X="30982" Y="149859" />
				<Coordinate Order="74" X="31021.7" Y="149934" />
				<Coordinate Order="75" X="31053" Y="150014" />
				<Coordinate Order="76" X="31086.4" Y="150091" />
				<Coordinate Order="77" X="31105.2" Y="150175" />
				<Coordinate Order="78" X="31126.1" Y="150223" />
				<Coordinate Order="79" X="31163.7" Y="150302" />
				<Coordinate Order="80" X="31190.8" Y="150394" />
				<Coordinate Order="81" X="31224.2" Y="150477" />
				<Coordinate Order="82" X="31261.8" Y="150561" />
				<Coordinate Order="83" X="31299.4" Y="150638" />
				<Coordinate Order="84" X="31328.6" Y="150720" />
				<Coordinate Order="85" X="31339.1" Y="150805" />
				<Coordinate Order="86" X="31349.5" Y="150893" />
				<Coordinate Order="87" X="31368.3" Y="150974" />
				<Coordinate Order="88" X="31391.3" Y="151056" />
				<Coordinate Order="89" X="31428.9" Y="151133" />
				<Coordinate Order="90" X="31424.7" Y="151216" />
				<Coordinate Order="91" X="31403.8" Y="151298" />
				<Coordinate Order="92" X="31380.8" Y="151379" />
				<Coordinate Order="93" X="31372.5" Y="151465" />
				<Coordinate Order="94" X="31378.8" Y="151534" />
				<Coordinate Order="95" X="31387.1" Y="151619" />
				<Coordinate Order="96" X="31355.8" Y="151701" />
				<Coordinate Order="97" X="31351.6" Y="151789" />
				<Coordinate Order="98" X="31380.8" Y="151870" />
				<Coordinate Order="99" X="31428.9" Y="151943" />
				<Coordinate Order="100" X="31479" Y="152012" />
				<Coordinate Order="101" X="31537.4" Y="152077" />
				<Coordinate Order="102" X="31600.1" Y="152133" />
				<Coordinate Order="103" X="31681.5" Y="152167" />
				<Coordinate Order="104" X="31767.1" Y="152183" />
				<Coordinate Order="105" X="31852.7" Y="152185" />
				<Coordinate Order="106" X="31936.3" Y="152198" />
				<Coordinate Order="107" X="32017.7" Y="152217" />
				<Coordinate Order="108" X="32101.2" Y="152227" />
				<Coordinate Order="109" X="32186.8" Y="152242" />
				<Coordinate Order="110" X="32272.4" Y="152225" />
				<Coordinate Order="111" X="32353.9" Y="152204" />
				<Coordinate Order="112" X="32441.6" Y="152194" />
				<Coordinate Order="113" X="32525.1" Y="152179" />
				<Coordinate Order="114" X="32610.7" Y="152173" />
				<Coordinate Order="115" X="32694.2" Y="152181" />
				<Coordinate Order="116" X="32781.9" Y="152189" />
				<Coordinate Order="117" X="32869.6" Y="152204" />
				<Coordinate Order="118" X="32957.3" Y="152204" />
				<Coordinate Order="119" X="33040.8" Y="152192" />
				<Coordinate Order="120" X="33116" Y="152152" />
				<Coordinate Order="121" X="33184.9" Y="152104" />
				<Coordinate Order="122" X="33260.1" Y="152064" />
				<Coordinate Order="123" X="33343.6" Y="152039" />
				<Coordinate Order="124" X="33427.1" Y="152002" />
				<Coordinate Order="125" X="33493.9" Y="151947" />
				<Coordinate Order="126" X="33567" Y="151906" />
				<Coordinate Order="127" X="33646.3" Y="151874" />
				<Coordinate Order="128" X="33721.5" Y="151835" />
				<Coordinate Order="129" X="33796.7" Y="151786" />
				<Coordinate Order="130" X="33869.8" Y="151745" />
				<Coordinate Order="131" X="33949.1" Y="151709" />
				<Coordinate Order="132" X="34036.8" Y="151693" />
				<Coordinate Order="133" X="34122.4" Y="151678" />
				<Coordinate Order="134" X="34199.7" Y="151642" />
				<Coordinate Order="135" X="34272.8" Y="151594" />
				<Coordinate Order="136" X="34318.7" Y="151517" />
				<Coordinate Order="137" X="34366.7" Y="151446" />
				<Coordinate Order="138" X="34433.5" Y="151392" />
				<Coordinate Order="139" X="34515" Y="151365" />
				<Coordinate Order="140" X="34563" Y="151296" />
				<Coordinate Order="141" X="34583.9" Y="151298" />
				<Coordinate Order="142" X="34648.6" Y="151237" />
				<Coordinate Order="143" X="34725.9" Y="151200" />
				<Coordinate Order="144" X="34803.1" Y="151164" />
				<Coordinate Order="145" X="34882.5" Y="151137" />
				<Coordinate Order="146" X="34966" Y="151102" />
				<Coordinate Order="147" X="35045.3" Y="151072" />
				<Coordinate Order="148" X="35126.8" Y="151045" />
				<Coordinate Order="149" X="35208.2" Y="151006" />
				<Coordinate Order="150" X="35285.4" Y="150964" />
				<Coordinate Order="151" X="35360.6" Y="150922" />
				<Coordinate Order="152" X="35435.8" Y="150882" />
				<Coordinate Order="153" X="35513" Y="150841" />
				<Coordinate Order="154" X="35581.9" Y="150791" />
				<Coordinate Order="155" X="35648.8" Y="150726" />
				<Coordinate Order="156" X="35707.2" Y="150663" />
				<Coordinate Order="157" X="35782.4" Y="150611" />
				<Coordinate Order="158" X="35853.4" Y="150559" />
				<Coordinate Order="159" X="35922.3" Y="150511" />
				<Coordinate Order="160" X="35987" Y="150454" />
				<Coordinate Order="161" X="36068.4" Y="150410" />
				<Coordinate Order="162" X="36145.7" Y="150375" />
				<Coordinate Order="163" X="36223" Y="150339" />
				<Coordinate Order="164" X="36308.6" Y="150314" />
				<Coordinate Order="165" X="36394.2" Y="150300" />
				<Coordinate Order="166" X="36473.5" Y="150264" />
				<Coordinate Order="167" X="36534.1" Y="150231" />
				<Coordinate Order="168" X="36617.6" Y="150216" />
				<Coordinate Order="169" X="36705.3" Y="150204" />
				<Coordinate Order="170" X="36793" Y="150195" />
				<Coordinate Order="171" X="36876.5" Y="150191" />
				<Coordinate Order="172" X="36960" Y="150189" />
				<Coordinate Order="173" X="37051.9" Y="150179" />
				<Coordinate Order="174" X="37137.5" Y="150166" />
				<Coordinate Order="175" X="37218.9" Y="150139" />
				<Coordinate Order="176" X="37306.6" Y="150122" />
				<Coordinate Order="177" X="37394.3" Y="150114" />
				<Coordinate Order="178" X="37479.9" Y="150112" />
				<Coordinate Order="179" X="37563.5" Y="150116" />
				<Coordinate Order="180" X="37649.1" Y="150122" />
				<Coordinate Order="181" X="37732.6" Y="150127" />
				<Coordinate Order="182" X="37816.1" Y="150137" />
				<Coordinate Order="183" X="37901.7" Y="150145" />
				<Coordinate Order="184" X="37987.3" Y="150156" />
				<Coordinate Order="185" X="38075" Y="150164" />
				<Coordinate Order="186" X="38160.6" Y="150175" />
				<Coordinate Order="187" X="38248.3" Y="150179" />
				<Coordinate Order="188" X="38331.9" Y="150183" />
				<Coordinate Order="189" X="38421.6" Y="150183" />
				<Coordinate Order="190" X="38509.3" Y="150179" />
				<Coordinate Order="191" X="38597" Y="150179" />
				<Coordinate Order="192" X="38686.8" Y="150179" />
				<Coordinate Order="193" X="38770.3" Y="150195" />
				<Coordinate Order="194" X="38856" Y="150198" />
				<Coordinate Order="195" X="38945.7" Y="150206" />
				<Coordinate Order="196" X="39031.3" Y="150229" />
				<Coordinate Order="197" X="39123.2" Y="150246" />
				<Coordinate Order="198" X="39210.9" Y="150256" />
				<Coordinate Order="199" X="39296.5" Y="150258" />
				<Coordinate Order="200" X="39382.1" Y="150256" />
				<Coordinate Order="201" X="39469.8" Y="150256" />
				<Coordinate Order="202" X="39559.6" Y="150260" />
				<Coordinate Order="203" X="39641.1" Y="150229" />
				<Coordinate Order="204" X="39718.3" Y="150191" />
				<Coordinate Order="205" X="39801.8" Y="150181" />
				<Coordinate Order="206" X="39879.1" Y="150214" />
				<Coordinate Order="207" X="39956.3" Y="150254" />
				<Coordinate Order="208" X="40033.6" Y="150289" />
				<Coordinate Order="209" X="40119.2" Y="150317" />
				<Coordinate Order="210" X="40204.8" Y="150342" />
				<Coordinate Order="211" X="40288.3" Y="150362" />
				<Coordinate Order="212" X="40373.9" Y="150373" />
				<Coordinate Order="213" X="40459.6" Y="150385" />
				<Coordinate Order="214" X="40561.9" Y="150402" />
				<Coordinate Order="215" X="40645.4" Y="150415" />
				<Coordinate Order="216" X="40735.2" Y="150419" />
				<Coordinate Order="217" X="40831.2" Y="150421" />
				<Coordinate Order="218" X="40946.1" Y="150452" />
				<Coordinate Order="219" X="41029.6" Y="150459" />
				<Coordinate Order="220" X="41117.3" Y="150469" />
				<Coordinate Order="221" X="41200.8" Y="150467" />
				<Coordinate Order="222" X="41284.3" Y="150452" />
				<Coordinate Order="223" X="41367.8" Y="150450" />
				<Coordinate Order="224" X="41451.4" Y="150444" />
				<Coordinate Order="225" X="41541.1" Y="150444" />
				<Coordinate Order="226" X="41626.8" Y="150438" />
				<Coordinate Order="227" X="41710.3" Y="150427" />
				<Coordinate Order="228" X="41798" Y="150417" />
				<Coordinate Order="229" X="41879.4" Y="150392" />
				<Coordinate Order="230" X="41965" Y="150360" />
				<Coordinate Order="231" X="42048.5" Y="150329" />
				<Coordinate Order="232" X="42125.8" Y="150291" />
				<Coordinate Order="233" X="42198.9" Y="150248" />
				<Coordinate Order="234" X="42276.1" Y="150210" />
				<Coordinate Order="235" X="42357.6" Y="150170" />
				<Coordinate Order="236" X="42430.6" Y="150124" />
				<Coordinate Order="237" X="42510" Y="150095" />
				<Coordinate Order="238" X="42593.5" Y="150081" />
				<Coordinate Order="239" X="42658.2" Y="150026" />
				<Coordinate Order="240" X="42683.3" Y="150016" />
				<Coordinate Order="241" X="42748" Y="149962" />
				<Coordinate Order="242" X="42819" Y="149905" />
				<Coordinate Order="243" X="42887.9" Y="149857" />
				<Coordinate Order="244" X="42954.7" Y="149803" />
				<Coordinate Order="245" X="43027.8" Y="149759" />
				<Coordinate Order="246" X="43103" Y="149721" />
				<Coordinate Order="247" X="43174" Y="149676" />
				<Coordinate Order="248" X="43242.9" Y="149625" />
				<Coordinate Order="249" X="43318.1" Y="149586" />
				<Coordinate Order="250" X="43393.2" Y="149540" />
				<Coordinate Order="251" X="43443.3" Y="149506" />
				<Coordinate Order="252" X="43493.4" Y="149437" />
				<Coordinate Order="253" X="43545.6" Y="149369" />
				<Coordinate Order="254" X="43572.8" Y="149289" />
				<Coordinate Order="255" X="43610.4" Y="149214" />
				<Coordinate Order="256" X="43664.7" Y="149145" />
				<Coordinate Order="257" X="43691.8" Y="149066" />
				<Coordinate Order="258" X="43700.2" Y="148982" />
				<Coordinate Order="259" X="43716.9" Y="148899" />
				<Coordinate Order="260" X="43733.6" Y="148813" />
				<Coordinate Order="261" X="43739.8" Y="148730" />
				<Coordinate Order="262" X="43750.3" Y="148646" />
				<Coordinate Order="263" X="43754.4" Y="148563" />
				<Coordinate Order="264" X="43754.4" Y="148487" />
				<Coordinate Order="265" X="43737.7" Y="148404" />
				<Coordinate Order="266" X="43721" Y="148318" />
				<Coordinate Order="267" X="43683.5" Y="148237" />
				<Coordinate Order="268" X="43681.4" Y="148153" />
				<Coordinate Order="269" X="43681.4" Y="148064" />
				<Coordinate Order="270" X="43673" Y="147978" />
				<Coordinate Order="271" X="43612.5" Y="147919" />
				<Coordinate Order="272" X="43549.8" Y="147859" />
				<Coordinate Order="273" X="43489.3" Y="147798" />
				<Coordinate Order="274" X="43464.2" Y="147715" />
				<Coordinate Order="275" X="43478.8" Y="147631" />
				<Coordinate Order="276" X="43478.8" Y="147546" />
				<Coordinate Order="277" X="43480.9" Y="147462" />
				<Coordinate Order="278" X="43453.8" Y="147381" />
				<Coordinate Order="279" X="43422.5" Y="147297" />
				<Coordinate Order="280" X="43407.8" Y="147214" />
				<Coordinate Order="281" X="43391.1" Y="147128" />
				<Coordinate Order="282" X="43370.3" Y="147047" />
				<Coordinate Order="283" X="43359.8" Y="147015" />
				<Coordinate Order="284" X="43326.4" Y="146938" />
				<Coordinate Order="285" X="43297.2" Y="146857" />
				<Coordinate Order="286" X="43251.2" Y="146786" />
				<Coordinate Order="287" X="43207.4" Y="146713" />
				<Coordinate Order="288" X="43161.4" Y="146640" />
				<Coordinate Order="289" X="43113.4" Y="146566" />
				<Coordinate Order="290" X="43065.4" Y="146495" />
				<Coordinate Order="291" X="43025.7" Y="146420" />
				<Coordinate Order="292" X="42992.3" Y="146339" />
				<Coordinate Order="293" X="42954.7" Y="146264" />
				<Coordinate Order="294" X="42906.7" Y="146195" />
				<Coordinate Order="295" X="42885.8" Y="146147" />
				<Coordinate Order="296" X="42852.4" Y="146067" />
				<Coordinate Order="297" X="42819" Y="145988" />
				<Coordinate Order="298" X="42777.3" Y="145915" />
				<Coordinate Order="299" X="42723" Y="145844" />
				<Coordinate Order="300" X="42681.2" Y="145769" />
				<Coordinate Order="301" X="42641.5" Y="145694" />
				<Coordinate Order="302" X="42603.9" Y="145614" />
				<Coordinate Order="303" X="42570.5" Y="145535" />
				<Coordinate Order="304" X="42526.7" Y="145458" />
				<Coordinate Order="305" X="42472.4" Y="145391" />
				<Coordinate Order="306" X="42418.1" Y="145324" />
				<Coordinate Order="307" X="42370.1" Y="145255" />
				<Coordinate Order="308" X="42313.7" Y="145190" />
				<Coordinate Order="309" X="42276.1" Y="145153" />
				<Coordinate Order="310" X="42209.3" Y="145094" />
				<Coordinate Order="311" X="42144.6" Y="145032" />
				<Coordinate Order="312" X="42081.9" Y="144975" />
				<Coordinate Order="313" X="42027.7" Y="144904" />
				<Coordinate Order="314" X="41954.6" Y="144861" />
				<Coordinate Order="315" X="41881.5" Y="144817" />
				<Coordinate Order="316" X="41804.2" Y="144775" />
				<Coordinate Order="317" X="41727" Y="144739" />
				<Coordinate Order="318" X="41656" Y="144693" />
				<Coordinate Order="319" X="41585" Y="144648" />
				<Coordinate Order="320" X="41509.8" Y="144610" />
				<Coordinate Order="321" X="41430.5" Y="144581" />
				<Coordinate Order="322" X="41351.1" Y="144554" />
				<Coordinate Order="323" X="41269.7" Y="144520" />
				<Coordinate Order="324" X="41190.4" Y="144493" />
				<Coordinate Order="325" X="41108.9" Y="144468" />
				<Coordinate Order="326" X="41029.6" Y="144428" />
				<Coordinate Order="327" X="40977.4" Y="144361" />
				<Coordinate Order="328" X="40946.1" Y="144280" />
				<Coordinate Order="329" X="40893.9" Y="144211" />
				<Coordinate Order="330" X="40839.6" Y="144146" />
				<Coordinate Order="331" X="40770.7" Y="144096" />
				<Coordinate Order="332" X="40689.2" Y="144078" />
				<Coordinate Order="333" X="40664.2" Y="144075" />
				<Coordinate Order="334" X="40593.2" Y="144027" />
				<Coordinate Order="335" X="40524.3" Y="143975" />
				<Coordinate Order="336" X="40457.5" Y="143923" />
				<Coordinate Order="337" X="40380.2" Y="143888" />
				<Coordinate Order="338" X="40311.3" Y="143835" />
				<Coordinate Order="339" X="40254.9" Y="143769" />
				<Coordinate Order="340" X="40202.7" Y="143698" />
				<Coordinate Order="341" X="40133.8" Y="143649" />
				<Coordinate Order="342" X="40058.7" Y="143612" />
				<Coordinate Order="343" X="39991.8" Y="143664" />
				<Coordinate Order="344" X="39920.8" Y="143712" />
				<Coordinate Order="345" X="39837.3" Y="143723" />
				<Coordinate Order="346" X="39755.9" Y="143704" />
				<Coordinate Order="347" X="39668.2" Y="143702" />
				<Coordinate Order="348" X="39582.6" Y="143689" />
				<Coordinate Order="349" X="39499.1" Y="143672" />
				<Coordinate Order="350" X="39419.7" Y="143645" />
				<Coordinate Order="351" X="39319.5" Y="143643" />
				<Coordinate Order="352" X="39236" Y="143658" />
				<Coordinate Order="353" X="39152.5" Y="143656" />
				<Coordinate Order="354" X="39073.1" Y="143624" />
				<Coordinate Order="355" X="39000" Y="143581" />
				<Coordinate Order="356" X="38916.5" Y="143574" />
				<Coordinate Order="357" X="38833" Y="143566" />
				<Coordinate Order="358" X="38751.6" Y="143533" />
				<Coordinate Order="359" X="38663.9" Y="143516" />
				<Coordinate Order="360" X="38580.3" Y="143514" />
				<Coordinate Order="361" X="38501" Y="143485" />
				<Coordinate Order="362" X="38417.5" Y="143478" />
				<Coordinate Order="363" X="38329.8" Y="143478" />
				<Coordinate Order="364" X="38246.3" Y="143476" />
				<Coordinate Order="365" X="38160.6" Y="143476" />
				<Coordinate Order="366" X="38070.9" Y="143476" />
				<Coordinate Order="367" X="38075" Y="143466" />
				<Coordinate Order="368" X="37991.5" Y="143453" />
				<Coordinate Order="369" X="37905.9" Y="143453" />
				<Coordinate Order="370" X="37816.1" Y="143470" />
				<Coordinate Order="371" X="37734.7" Y="143495" />
				<Coordinate Order="372" X="37655.3" Y="143522" />
				<Coordinate Order="373" X="37573.9" Y="143545" />
				<Coordinate Order="374" X="37494.6" Y="143578" />
				<Coordinate Order="375" X="37413.1" Y="143614" />
				<Coordinate Order="376" X="37342.1" Y="143666" />
				<Coordinate Order="377" X="37256.5" Y="143683" />
				<Coordinate Order="378" X="37183.4" Y="143725" />
				<Coordinate Order="379" X="37110.4" Y="143679" />
				<Coordinate Order="380" X="37026.8" Y="143683" />
				<Coordinate Order="381" X="36993.4" Y="143760" />
				<Coordinate Order="382" X="36947.5" Y="143831" />
				<Coordinate Order="383" X="36872.3" Y="143869" />
				<Coordinate Order="384" X="36788.8" Y="143892" />
				<Coordinate Order="385" X="36705.3" Y="143906" />
				<Coordinate Order="386" X="36634.3" Y="143856" />
				<Coordinate Order="387" X="36550.8" Y="143842" />
				<Coordinate Order="388" X="36465.2" Y="143831" />
				<Coordinate Order="389" X="36381.7" Y="143821" />
				<Coordinate Order="390" X="36306.5" Y="143781" />
				<Coordinate Order="391" X="36223" Y="143771" />
				<Coordinate Order="392" X="36202.1" Y="143762" />
				<Coordinate Order="393" X="36118.6" Y="143779" />
				<Coordinate Order="394" X="36035" Y="143804" />
				<Coordinate Order="395" X="35959.9" Y="143844" />
				<Coordinate Order="396" X="35880.5" Y="143877" />
				<Coordinate Order="397" X="35815.8" Y="143931" />
				<Coordinate Order="398" X="35740.6" Y="143969" />
				<Coordinate Order="399" X="35703" Y="143892" />
				<Coordinate Order="400" X="35761.5" Y="143831" />
				<Coordinate Order="401" X="35824.1" Y="143771" />
				<Coordinate Order="402" X="35859.6" Y="143693" />
				<Coordinate Order="403" X="35788.7" Y="143647" />
				<Coordinate Order="404" X="35707.2" Y="143677" />
				<Coordinate Order="405" X="35625.8" Y="143710" />
				<Coordinate Order="406" X="35554.8" Y="143758" />
				<Coordinate Order="407" X="35481.7" Y="143802" />
				<Coordinate Order="408" X="35419.1" Y="143858" />
				<Coordinate Order="409" X="35354.3" Y="143915" />
				<Coordinate Order="410" X="35279.2" Y="143956" />
				<Coordinate Order="411" X="35199.8" Y="143988" />
				<Coordinate Order="412" X="35114.2" Y="144002" />
				<Coordinate Order="413" X="35034.9" Y="144036" />
				<Coordinate Order="414" X="34959.7" Y="144073" />
				<Coordinate Order="415" X="34876.2" Y="144092" />
				<Coordinate Order="416" X="34792.7" Y="144117" />
				<Coordinate Order="417" X="34713.3" Y="144151" />
				<Coordinate Order="418" X="34652.8" Y="144203" />
				<Coordinate Order="419" X="34590.1" Y="144261" />
				<Coordinate Order="420" X="34523.3" Y="144313" />
				<Coordinate Order="421" X="34446.1" Y="144349" />
				<Coordinate Order="422" X="34368.8" Y="144382" />
				<Coordinate Order="423" X="34289.5" Y="144418" />
				<Coordinate Order="424" X="34226.8" Y="144474" />
				<Coordinate Order="425" X="34164.2" Y="144533" />
				<Coordinate Order="426" X="34101.5" Y="144591" />
				<Coordinate Order="427" X="34034.7" Y="144643" />
				<Coordinate Order="428" X="33972.1" Y="144700" />
				<Coordinate Order="429" X="33911.5" Y="144758" />
				<Coordinate Order="430" X="33846.8" Y="144815" />
			</Coordinates>
		</Annotation>
	</Annotations>
	<AnnotationGroups>
		<Group Name="metastases" PartOfGroup="None" Color="#ff0000">
			<Attributes />
		</Group>
	</AnnotationGroups>
</ASAP_Annotations>
