<?xml version="1.0"?>
<ASAP_Annotations>
	<Annotations>
		<Annotation Name="Annotation 0" Type="Polygon" PartOfGroup="metastases" Color="#F4FA58">
			<Coordinates>
				<Coordinate Order="0" X="95715.7" Y="12674.8" />
				<Coordinate Order="1" X="95675.2" Y="12693" />
				<Coordinate Order="2" X="95657" Y="12729.4" />
				<Coordinate Order="3" X="95630.7" Y="12761.8" />
				<Coordinate Order="4" X="95613.5" Y="12801.3" />
				<Coordinate Order="5" X="95599.3" Y="12839.8" />
				<Coordinate Order="6" X="95585.1" Y="12879.3" />
				<Coordinate Order="7" X="95569.9" Y="12918.7" />
				<Coordinate Order="8" X="95546.6" Y="12955.2" />
				<Coordinate Order="9" X="95532.5" Y="12996.7" />
				<Coordinate Order="10" X="95518.3" Y="13038.2" />
				<Coordinate Order="11" X="95500.1" Y="13074.6" />
				<Coordinate Order="12" X="95482.9" Y="13113.1" />
				<Coordinate Order="13" X="95473.8" Y="13156.6" />
				<Coordinate Order="14" X="95468.7" Y="13199.2" />
				<Coordinate Order="15" X="95468.7" Y="13240.7" />
				<Coordinate Order="16" X="95463.6" Y="13282.2" />
				<Coordinate Order="17" X="95451.5" Y="13326.7" />
				<Coordinate Order="18" X="95435.3" Y="13367.2" />
				<Coordinate Order="19" X="95429.2" Y="13408.7" />
				<Coordinate Order="20" X="95426.2" Y="13454.3" />
				<Coordinate Order="21" X="95428.2" Y="13495.8" />
				<Coordinate Order="22" X="95436.3" Y="13538.3" />
				<Coordinate Order="23" X="95454.5" Y="13577.8" />
				<Coordinate Order="24" X="95472.7" Y="13618.3" />
				<Coordinate Order="25" X="95490" Y="13657.8" />
				<Coordinate Order="26" X="95527.4" Y="13637.5" />
				<Coordinate Order="27" X="95519.3" Y="13595" />
				<Coordinate Order="28" X="95510.2" Y="13553.5" />
				<Coordinate Order="29" X="95505.1" Y="13507.9" />
				<Coordinate Order="30" X="95507.2" Y="13467.4" />
				<Coordinate Order="31" X="95513.2" Y="13423.9" />
				<Coordinate Order="32" X="95516.3" Y="13377.3" />
				<Coordinate Order="33" X="95530.4" Y="13336.8" />
				<Coordinate Order="34" X="95556.8" Y="13302.4" />
				<Coordinate Order="35" X="95570.9" Y="13261.9" />
				<Coordinate Order="36" X="95574" Y="13216.4" />
				<Coordinate Order="37" X="95580.1" Y="13174.9" />
				<Coordinate Order="38" X="95589.2" Y="13131.3" />
				<Coordinate Order="39" X="95596.3" Y="13087.8" />
				<Coordinate Order="40" X="95607.4" Y="13044.3" />
				<Coordinate Order="41" X="95623.6" Y="13002.8" />
				<Coordinate Order="42" X="95642.8" Y="12965.3" />
				<Coordinate Order="43" X="95671.2" Y="12930.9" />
				<Coordinate Order="44" X="95697.5" Y="12896.5" />
				<Coordinate Order="45" X="95722.8" Y="12858" />
				<Coordinate Order="46" X="95741" Y="12816.5" />
				<Coordinate Order="47" X="95744.1" Y="12773" />
				<Coordinate Order="48" X="95745.1" Y="12731.5" />
				<Coordinate Order="49" X="95748.1" Y="12682.9" />
			</Coordinates>
		</Annotation>
	</Annotations>
	<AnnotationGroups>
		<Group Name="metastases" PartOfGroup="None" Color="#ff0000">
			<Attributes />
		</Group>
	</AnnotationGroups>
</ASAP_Annotations>
