<?xml version="1.0"?>
<ASAP_Annotations>
	<Annotations>
		<Annotation Name="Annotation 0" Type="Polygon" PartOfGroup="metastases" Color="#F4FA58">
			<Coordinates>
				<Coordinate Order="0" X="81061.3" Y="6952.61" />
				<Coordinate Order="1" X="81284.1" Y="6920" />
				<Coordinate Order="2" X="81496.1" Y="6871.07" />
				<Coordinate Order="3" X="81729.9" Y="6925.43" />
				<Coordinate Order="4" X="81963.6" Y="6947.18" />
				<Coordinate Order="5" X="82192" Y="6947.18" />
				<Coordinate Order="6" X="82409.4" Y="6979.79" />
				<Coordinate Order="7" X="82632.3" Y="7006.97" />
				<Coordinate Order="8" X="82860.6" Y="7028.72" />
				<Coordinate Order="9" X="83088.9" Y="7039.59" />
				<Coordinate Order="10" X="83344.4" Y="7093.95" />
				<Coordinate Order="11" X="83567.3" Y="7142.87" />
				<Coordinate Order="12" X="83801" Y="7153.74" />
				<Coordinate Order="13" X="84034.8" Y="7148.31" />
				<Coordinate Order="14" X="84263.1" Y="7121.13" />
				<Coordinate Order="15" X="84485.9" Y="7083.08" />
				<Coordinate Order="16" X="84736" Y="6985.23" />
				<Coordinate Order="17" X="84909.9" Y="6849.33" />
				<Coordinate Order="18" X="84969.7" Y="6626.45" />
				<Coordinate Order="19" X="84920.8" Y="6414.45" />
				<Coordinate Order="20" X="85181.7" Y="6860.2" />
				<Coordinate Order="21" X="85274.1" Y="7066.77" />
				<Coordinate Order="22" X="85486.1" Y="7121.13" />
				<Coordinate Order="23" X="85714.5" Y="7115.69" />
				<Coordinate Order="24" X="85861.2" Y="6936.3" />
				<Coordinate Order="25" X="86067.8" Y="6849.33" />
				<Coordinate Order="26" X="86203.7" Y="6648.2" />
				<Coordinate Order="27" X="86160.2" Y="6419.89" />
				<Coordinate Order="28" X="85980.8" Y="6283.99" />
				<Coordinate Order="29" X="85801.4" Y="6148.09" />
				<Coordinate Order="30" X="85632.9" Y="5990.45" />
				<Coordinate Order="31" X="85442.7" Y="5859.98" />
				<Coordinate Order="32" X="85263.3" Y="5707.77" />
				<Coordinate Order="33" X="85073" Y="5571.88" />
				<Coordinate Order="34" X="84866.5" Y="5441.41" />
				<Coordinate Order="35" X="84670.8" Y="5343.56" />
				<Coordinate Order="36" X="84458.8" Y="5278.33" />
				<Coordinate Order="37" X="84235.9" Y="5240.28" />
				<Coordinate Order="38" X="84023.9" Y="5191.36" />
				<Coordinate Order="39" X="83801" Y="5191.36" />
				<Coordinate Order="40" X="83583.6" Y="5202.23" />
				<Coordinate Order="41" X="83344.4" Y="5180.48" />
				<Coordinate Order="42" X="83110.6" Y="5153.3" />
				<Coordinate Order="43" X="82893.2" Y="5180.48" />
				<Coordinate Order="44" X="82670.3" Y="5169.61" />
				<Coordinate Order="45" X="82447.4" Y="5142.43" />
				<Coordinate Order="46" X="82230" Y="5169.61" />
				<Coordinate Order="47" X="82083.2" Y="5343.56" />
				<Coordinate Order="48" X="81898.4" Y="5463.16" />
				<Coordinate Order="49" X="81686.4" Y="5354.44" />
				<Coordinate Order="50" X="81496.1" Y="5229.41" />
				<Coordinate Order="51" X="81273.3" Y="5169.61" />
				<Coordinate Order="52" X="81055.8" Y="5131.56" />
				<Coordinate Order="53" X="80702.5" Y="5055.46" />
				<Coordinate Order="54" X="80474.2" Y="5060.89" />
				<Coordinate Order="55" X="80256.7" Y="5071.77" />
				<Coordinate Order="56" X="80017.6" Y="5071.77" />
				<Coordinate Order="57" X="79794.7" Y="5088.07" />
				<Coordinate Order="58" X="79571.8" Y="5098.95" />
				<Coordinate Order="59" X="79343.5" Y="5191.36" />
				<Coordinate Order="60" X="79136.9" Y="5294.64" />
				<Coordinate Order="61" X="78919.5" Y="5338.13" />
				<Coordinate Order="62" X="78702.1" Y="5343.56" />
				<Coordinate Order="63" X="78462.9" Y="5349" />
				<Coordinate Order="64" X="78201.9" Y="5419.67" />
				<Coordinate Order="65" X="77984.5" Y="5484.9" />
				<Coordinate Order="66" X="77761.6" Y="5544.7" />
				<Coordinate Order="67" X="77560.5" Y="5631.67" />
				<Coordinate Order="68" X="77348.5" Y="5740.39" />
				<Coordinate Order="69" X="77163.7" Y="5881.73" />
				<Coordinate Order="70" X="76968" Y="6006.75" />
				<Coordinate Order="71" X="76777.7" Y="6153.52" />
				<Coordinate Order="72" X="76620.1" Y="6343.78" />
				<Coordinate Order="73" X="76478.7" Y="6544.91" />
				<Coordinate Order="74" X="76380.9" Y="6740.61" />
				<Coordinate Order="75" X="76299.4" Y="6952.61" />
				<Coordinate Order="76" X="76196.1" Y="7159.18" />
				<Coordinate Order="77" X="76098.2" Y="7376.62" />
				<Coordinate Order="78" X="76005.8" Y="7621.24" />
				<Coordinate Order="79" X="75929.7" Y="7849.55" />
				<Coordinate Order="80" X="75831.9" Y="8083.3" />
				<Coordinate Order="81" X="75826.4" Y="8306.17" />
				<Coordinate Order="82" X="75831.9" Y="8534.48" />
				<Coordinate Order="83" X="75793.8" Y="8757.36" />
				<Coordinate Order="84" X="75723.1" Y="8980.23" />
				<Coordinate Order="85" X="75717.7" Y="9208.54" />
				<Coordinate Order="86" X="75685.1" Y="9436.85" />
				<Coordinate Order="87" X="75696" Y="9654.29" />
				<Coordinate Order="88" X="75685.1" Y="9871.73" />
				<Coordinate Order="89" X="75685.1" Y="10110.9" />
				<Coordinate Order="90" X="75734" Y="10556.7" />
				<Coordinate Order="91" X="75853.6" Y="10746.9" />
				<Coordinate Order="92" X="76016.7" Y="10926.3" />
				<Coordinate Order="93" X="76217.8" Y="11084" />
				<Coordinate Order="94" X="76408.1" Y="11236.2" />
				<Coordinate Order="95" X="76571.1" Y="11388.4" />
				<Coordinate Order="96" X="76696.2" Y="11573.2" />
				<Coordinate Order="97" X="76794" Y="11785.2" />
				<Coordinate Order="98" X="76940.8" Y="11980.9" />
				<Coordinate Order="99" X="77071.3" Y="12187.5" />
				<Coordinate Order="100" X="77169.1" Y="12388.6" />
				<Coordinate Order="101" X="77310.4" Y="12557.1" />
				<Coordinate Order="102" X="77343.1" Y="12785.4" />
				<Coordinate Order="103" X="77397.4" Y="13019.2" />
				<Coordinate Order="104" X="77533.3" Y="13209.4" />
				<Coordinate Order="105" X="77614.9" Y="12986.5" />
				<Coordinate Order="106" X="77685.5" Y="12774.5" />
				<Coordinate Order="107" X="77881.2" Y="12894.1" />
				<Coordinate Order="108" X="78071.5" Y="13002.9" />
				<Coordinate Order="109" X="78234.6" Y="13155.1" />
				<Coordinate Order="110" X="78076.9" Y="13312.7" />
				<Coordinate Order="111" X="77957.3" Y="13503" />
				<Coordinate Order="112" X="78049.7" Y="13704.1" />
				<Coordinate Order="113" X="78240" Y="13845.4" />
				<Coordinate Order="114" X="78446.6" Y="13921.5" />
				<Coordinate Order="115" X="78609.6" Y="14073.7" />
				<Coordinate Order="116" X="78789" Y="14220.5" />
				<Coordinate Order="117" X="78968.4" Y="14372.7" />
				<Coordinate Order="118" X="79196.7" Y="14416.2" />
				<Coordinate Order="119" X="79327.2" Y="14693.4" />
				<Coordinate Order="120" X="79446.8" Y="14900" />
				<Coordinate Order="121" X="79533.8" Y="15106.6" />
				<Coordinate Order="122" X="79642.5" Y="15307.7" />
				<Coordinate Order="123" X="79794.7" Y="15470.8" />
				<Coordinate Order="124" X="79990.4" Y="15595.8" />
				<Coordinate Order="125" X="80207.8" Y="15661" />
				<Coordinate Order="126" X="80403.5" Y="15775.2" />
				<Coordinate Order="127" X="80528.5" Y="15970.9" />
				<Coordinate Order="128" X="80653.6" Y="16166.6" />
				<Coordinate Order="129" X="80751.4" Y="16362.3" />
				<Coordinate Order="130" X="80952.5" Y="16460.1" />
				<Coordinate Order="131" X="81170" Y="16514.5" />
				<Coordinate Order="132" X="81289.6" Y="16731.9" />
				<Coordinate Order="133" X="81365.7" Y="16949.4" />
				<Coordinate Order="134" X="81512.5" Y="17123.3" />
				<Coordinate Order="135" X="81713.6" Y="17210.3" />
				<Coordinate Order="136" X="81925.6" Y="17264.7" />
				<Coordinate Order="137" X="82164.8" Y="17319" />
				<Coordinate Order="138" X="82398.5" Y="17335.3" />
				<Coordinate Order="139" X="82610.5" Y="17384.3" />
				<Coordinate Order="140" X="82583.3" Y="17607.1" />
				<Coordinate Order="141" X="82664.9" Y="17824.6" />
				<Coordinate Order="142" X="82490.9" Y="17688.7" />
				<Coordinate Order="143" X="82289.8" Y="17775.6" />
				<Coordinate Order="144" X="82469.2" Y="17911.5" />
				<Coordinate Order="145" X="82686.6" Y="17927.8" />
				<Coordinate Order="146" X="82909.5" Y="17960.5" />
				<Coordinate Order="147" X="83126.9" Y="17965.9" />
				<Coordinate Order="148" X="83311.8" Y="18101.8" />
				<Coordinate Order="149" X="83496.6" Y="18232.3" />
				<Coordinate Order="150" X="83714" Y="18302.9" />
				<Coordinate Order="151" X="83920.6" Y="18221.4" />
				<Coordinate Order="152" X="83833.6" Y="17998.5" />
				<Coordinate Order="153" X="83627" Y="17889.8" />
				<Coordinate Order="154" X="83377" Y="17775.6" />
				<Coordinate Order="155" X="83154.1" Y="17721.3" />
				<Coordinate Order="156" X="82996.5" Y="17569.1" />
				<Coordinate Order="157" X="83203" Y="17471.2" />
				<Coordinate Order="158" X="83436.8" Y="17444" />
				<Coordinate Order="159" X="83637.9" Y="17531" />
				<Coordinate Order="160" X="83871.7" Y="17601.7" />
				<Coordinate Order="161" X="84094.5" Y="17590.8" />
				<Coordinate Order="162" X="84263.1" Y="17438.6" />
				<Coordinate Order="163" X="84241.3" Y="17221.2" />
				<Coordinate Order="164" X="84322.9" Y="17014.6" />
				<Coordinate Order="165" X="84426.1" Y="16802.6" />
				<Coordinate Order="166" X="84415.3" Y="16579.7" />
				<Coordinate Order="167" X="84469.6" Y="16356.9" />
				<Coordinate Order="168" X="84540.3" Y="16150.3" />
				<Coordinate Order="169" X="84594.6" Y="15927.4" />
				<Coordinate Order="170" X="84654.4" Y="15688.2" />
				<Coordinate Order="171" X="84556.6" Y="15454.5" />
				<Coordinate Order="172" X="84355.5" Y="15340.3" />
				<Coordinate Order="173" X="84143.5" Y="15231.6" />
				<Coordinate Order="174" X="83893.4" Y="15226.2" />
				<Coordinate Order="175" X="83654.2" Y="15242.5" />
				<Coordinate Order="176" X="83409.6" Y="15324" />
				<Coordinate Order="177" X="83181.3" Y="15313.1" />
				<Coordinate Order="178" X="82963.9" Y="15302.3" />
				<Coordinate Order="179" X="82811.6" Y="15459.9" />
				<Coordinate Order="180" X="82626.8" Y="15318.6" />
				<Coordinate Order="181" X="82648.6" Y="15095.7" />
				<Coordinate Order="182" X="82659.4" Y="14878.3" />
				<Coordinate Order="183" X="82507.2" Y="14704.3" />
				<Coordinate Order="184" X="82306.1" Y="14606.5" />
				<Coordinate Order="185" X="82088.7" Y="14541.2" />
				<Coordinate Order="186" X="81871.2" Y="14682.6" />
				<Coordinate Order="187" X="81664.7" Y="14764.1" />
				<Coordinate Order="188" X="81702.7" Y="14535.8" />
				<Coordinate Order="189" X="81561.4" Y="14356.4" />
				<Coordinate Order="190" X="81327.6" Y="14329.2" />
				<Coordinate Order="191" X="81110.2" Y="14280.3" />
				<Coordinate Order="192" X="81327.6" Y="14198.8" />
				<Coordinate Order="193" X="81550.5" Y="14198.8" />
				<Coordinate Order="194" X="81773.4" Y="14236.8" />
				<Coordinate Order="195" X="82001.7" Y="14258.6" />
				<Coordinate Order="196" X="82219.1" Y="14242.3" />
				<Coordinate Order="197" X="82425.7" Y="14095.5" />
				<Coordinate Order="198" X="82534.4" Y="13899.8" />
				<Coordinate Order="199" X="82670.3" Y="13725.8" />
				<Coordinate Order="200" X="82735.5" Y="13503" />
				<Coordinate Order="201" X="82741" Y="13280.1" />
				<Coordinate Order="202" X="82681.2" Y="13051.8" />
				<Coordinate Order="203" X="82534.4" Y="12872.4" />
				<Coordinate Order="204" X="82496.4" Y="12644.1" />
				<Coordinate Order="205" X="82371.3" Y="12464.7" />
				<Coordinate Order="206" X="82181.1" Y="12317.9" />
				<Coordinate Order="207" X="81936.5" Y="12263.6" />
				<Coordinate Order="208" X="82164.8" Y="12236.4" />
				<Coordinate Order="209" X="82387.6" Y="12258.1" />
				<Coordinate Order="210" X="82512.7" Y="12078.7" />
				<Coordinate Order="211" X="82393.1" Y="11883" />
				<Coordinate Order="212" X="82224.6" Y="11741.7" />
				<Coordinate Order="213" X="81996.3" Y="11638.4" />
				<Coordinate Order="214" X="81773.4" Y="11671" />
				<Coordinate Order="215" X="81854.9" Y="11524.3" />
				<Coordinate Order="216" X="82072.4" Y="11589.5" />
				<Coordinate Order="217" X="82289.8" Y="11622.1" />
				<Coordinate Order="218" X="82507.2" Y="11627.6" />
				<Coordinate Order="219" X="82735.5" Y="11627.6" />
				<Coordinate Order="220" X="82980.2" Y="11573.2" />
				<Coordinate Order="221" X="83170.4" Y="11464.5" />
				<Coordinate Order="222" X="83241.1" Y="11681.9" />
				<Coordinate Order="223" X="83442.2" Y="11779.8" />
				<Coordinate Order="224" X="83654.2" Y="11866.7" />
				<Coordinate Order="225" X="83779.3" Y="12051.6" />
				<Coordinate Order="226" X="84002.1" Y="12116.8" />
				<Coordinate Order="227" X="84235.9" Y="12127.7" />
				<Coordinate Order="228" X="84464.2" Y="12067.9" />
				<Coordinate Order="229" X="84708.8" Y="12046.1" />
				<Coordinate Order="230" X="84937.1" Y="12062.4" />
				<Coordinate Order="231" X="85176.3" Y="12116.8" />
				<Coordinate Order="232" X="85176.3" Y="12187.5" />
				<Coordinate Order="233" X="84991.5" Y="12345.1" />
				<Coordinate Order="234" X="84877.3" Y="12551.7" />
				<Coordinate Order="235" X="84828.4" Y="12763.7" />
				<Coordinate Order="236" X="84882.8" Y="12992" />
				<Coordinate Order="237" X="84888.2" Y="13214.9" />
				<Coordinate Order="238" X="84801.2" Y="13443.2" />
				<Coordinate Order="239" X="84692.5" Y="13638.9" />
				<Coordinate Order="240" X="84578.3" Y="13888.9" />
				<Coordinate Order="241" X="84524" Y="14111.8" />
				<Coordinate Order="242" X="84551.2" Y="14329.2" />
				<Coordinate Order="243" X="84654.4" Y="14530.4" />
				<Coordinate Order="244" X="84752.3" Y="14742.4" />
				<Coordinate Order="245" X="84736" Y="14970.7" />
				<Coordinate Order="246" X="84833.8" Y="15182.7" />
				<Coordinate Order="247" X="85035" Y="15296.8" />
				<Coordinate Order="248" X="84828.4" Y="15405.6" />
				<Coordinate Order="249" X="84779.5" Y="15617.6" />
				<Coordinate Order="250" X="84828.4" Y="15835" />
				<Coordinate Order="251" X="84763.2" Y="16068.7" />
				<Coordinate Order="252" X="84725.1" Y="16264.4" />
				<Coordinate Order="253" X="84551.2" Y="16400.3" />
				<Coordinate Order="254" X="84420.7" Y="16585.2" />
				<Coordinate Order="255" X="84638.1" Y="16612.3" />
				<Coordinate Order="256" X="84730.6" Y="16818.9" />
				<Coordinate Order="257" X="84948" Y="16764.5" />
				<Coordinate Order="258" X="85040.4" Y="16976.6" />
				<Coordinate Order="259" X="84969.7" Y="17194" />
				<Coordinate Order="260" X="84915.4" Y="17411.4" />
				<Coordinate Order="261" X="85094.8" Y="17552.8" />
				<Coordinate Order="262" X="85268.7" Y="17688.7" />
				<Coordinate Order="263" X="85420.9" Y="17878.9" />
				<Coordinate Order="264" X="85535.1" Y="18069.2" />
				<Coordinate Order="265" X="85763.4" Y="18058.3" />
				<Coordinate Order="266" X="85915.6" Y="17884.4" />
				<Coordinate Order="267" X="86029.8" Y="17650.6" />
				<Coordinate Order="268" X="86073.2" Y="17406" />
				<Coordinate Order="269" X="86171.1" Y="17210.3" />
				<Coordinate Order="270" X="86214.6" Y="16982" />
				<Coordinate Order="271" X="86285.2" Y="16775.4" />
				<Coordinate Order="272" X="86230.9" Y="16552.5" />
				<Coordinate Order="273" X="86143.9" Y="16340.5" />
				<Coordinate Order="274" X="86377.6" Y="16280.7" />
				<Coordinate Order="275" X="86551.6" Y="16139.4" />
				<Coordinate Order="276" X="86404.8" Y="15960" />
				<Coordinate Order="277" X="86328.7" Y="15753.5" />
				<Coordinate Order="278" X="86355.9" Y="15536" />
				<Coordinate Order="279" X="86540.7" Y="15411" />
				<Coordinate Order="280" X="86763.6" Y="15356.6" />
				<Coordinate Order="281" X="86943" Y="15226.2" />
				<Coordinate Order="282" X="87073.5" Y="15014.2" />
				<Coordinate Order="283" X="87160.4" Y="14796.7" />
				<Coordinate Order="284" X="87242" Y="14590.2" />
				<Coordinate Order="285" X="87312.6" Y="14351" />
				<Coordinate Order="286" X="87318.1" Y="14117.2" />
				<Coordinate Order="287" X="87198.5" Y="13916.1" />
				<Coordinate Order="288" X="87008.2" Y="13791.1" />
				<Coordinate Order="289" X="86861.5" Y="13617.1" />
				<Coordinate Order="290" X="86703.8" Y="13454" />
				<Coordinate Order="291" X="86502.7" Y="13361.6" />
				<Coordinate Order="292" X="86296.1" Y="13280.1" />
				<Coordinate Order="293" X="86176.5" Y="13089.8" />
				<Coordinate Order="294" X="86399.4" Y="12861.5" />
				<Coordinate Order="295" X="86459.2" Y="12649.5" />
				<Coordinate Order="296" X="86497.2" Y="12432.1" />
				<Coordinate Order="297" X="86595.1" Y="12220.1" />
				<Coordinate Order="298" X="86638.6" Y="12002.6" />
				<Coordinate Order="299" X="86551.6" Y="11796.1" />
				<Coordinate Order="300" X="86432" Y="11589.5" />
				<Coordinate Order="301" X="86442.9" Y="11366.6" />
				<Coordinate Order="302" X="86464.6" Y="11143.8" />
				<Coordinate Order="303" X="86584.2" Y="10953.5" />
				<Coordinate Order="304" X="86633.1" Y="10714.3" />
				<Coordinate Order="305" X="86611.4" Y="10491.4" />
				<Coordinate Order="306" X="86513.6" Y="10284.9" />
				<Coordinate Order="307" X="86290.7" Y="10317.5" />
				<Coordinate Order="308" X="86116.7" Y="10486" />
				<Coordinate Order="309" X="85899.3" Y="10573" />
				<Coordinate Order="310" X="85676.4" Y="10567.5" />
				<Coordinate Order="311" X="85453.5" Y="10573" />
				<Coordinate Order="312" X="85290.5" Y="10415.3" />
				<Coordinate Order="313" X="85132.8" Y="10263.1" />
				<Coordinate Order="314" X="85372" Y="10301.2" />
				<Coordinate Order="315" X="85600.3" Y="10339.2" />
				<Coordinate Order="316" X="85817.8" Y="10306.6" />
				<Coordinate Order="317" X="86024.3" Y="10197.9" />
				<Coordinate Order="318" X="86225.4" Y="10284.9" />
				<Coordinate Order="319" X="86453.8" Y="10219.6" />
				<Coordinate Order="320" X="86567.9" Y="10013.1" />
				<Coordinate Order="321" X="86540.7" Y="9795.63" />
				<Coordinate Order="322" X="86448.3" Y="9578.19" />
				<Coordinate Order="323" X="86377.6" Y="9355.31" />
				<Coordinate Order="324" X="86285.2" Y="9148.75" />
				<Coordinate Order="325" X="86133" Y="8985.67" />
				<Coordinate Order="326" X="86122.2" Y="8768.23" />
				<Coordinate Order="327" X="86133" Y="8534.48" />
				<Coordinate Order="328" X="86116.7" Y="8311.61" />
				<Coordinate Order="329" X="86051.5" Y="8099.6" />
				<Coordinate Order="330" X="85866.7" Y="7925.65" />
				<Coordinate Order="331" X="85660.1" Y="7827.8" />
				<Coordinate Order="332" X="85448.1" Y="7757.14" />
				<Coordinate Order="333" X="85225.2" Y="7653.85" />
				<Coordinate Order="334" X="85007.8" Y="7610.37" />
				<Coordinate Order="335" X="84806.7" Y="7474.47" />
				<Coordinate Order="336" X="84578.3" Y="7469.03" />
				<Coordinate Order="337" X="84366.3" Y="7409.23" />
				<Coordinate Order="338" X="84121.7" Y="7365.75" />
				<Coordinate Order="339" X="83893.4" Y="7327.7" />
				<Coordinate Order="340" X="83676" Y="7311.39" />
				<Coordinate Order="341" X="83453.1" Y="7300.52" />
				<Coordinate Order="342" X="83230.2" Y="7327.7" />
				<Coordinate Order="343" X="83007.3" Y="7398.36" />
				<Coordinate Order="344" X="82800.8" Y="7517.95" />
				<Coordinate Order="345" X="82605.1" Y="7637.55" />
				<Coordinate Order="346" X="82398.5" Y="7719.09" />
				<Coordinate Order="347" X="82181.1" Y="7729.96" />
				<Coordinate Order="348" X="82018" Y="7572.31" />
				<Coordinate Order="349" X="81822.3" Y="7474.47" />
				<Coordinate Order="350" X="81626.6" Y="7371.18" />
				<Coordinate Order="351" X="81507" Y="7186.36" />
				<Coordinate Order="352" X="81311.3" Y="7077.64" />
				<Coordinate Order="353" X="81088.4" Y="7017.84" />
			</Coordinates>
		</Annotation>
		<Annotation Name="Annotation 1" Type="Polygon" PartOfGroup="metastases" Color="#F4FA58">
			<Coordinates>
				<Coordinate Order="0" X="81990.8" Y="7061.33" />
				<Coordinate Order="1" X="81767.9" Y="7055.9" />
				<Coordinate Order="2" X="81697.3" Y="7267.9" />
				<Coordinate Order="3" X="81898.4" Y="7360.31" />
				<Coordinate Order="4" X="82110.4" Y="7295.08" />
				<Coordinate Order="5" X="82115.8" Y="7077.64" />
			</Coordinates>
		</Annotation>
		<Annotation Name="Annotation 2" Type="Polygon" PartOfGroup="metastases" Color="#F4FA58">
			<Coordinates>
				<Coordinate Order="0" X="82447.4" Y="7333.13" />
				<Coordinate Order="1" X="82235.4" Y="7387.49" />
				<Coordinate Order="2" X="82137.6" Y="7588.62" />
				<Coordinate Order="3" X="82327.9" Y="7719.09" />
				<Coordinate Order="4" X="82529" Y="7632.11" />
				<Coordinate Order="5" X="82616" Y="7425.54" />
			</Coordinates>
		</Annotation>
		<Annotation Name="Annotation 3" Type="Polygon" PartOfGroup="metastases" Color="#F4FA58">
			<Coordinates>
				<Coordinate Order="0" X="75522" Y="13432.3" />
				<Coordinate Order="1" X="75293.7" Y="13421.4" />
				<Coordinate Order="2" X="75049.1" Y="13481.2" />
				<Coordinate Order="3" X="74793.6" Y="13557.3" />
				<Coordinate Order="4" X="74576.1" Y="13644.3" />
				<Coordinate Order="5" X="74342.4" Y="13774.8" />
				<Coordinate Order="6" X="74195.6" Y="13948.7" />
				<Coordinate Order="7" X="74108.7" Y="14171.6" />
				<Coordinate Order="8" X="74021.7" Y="14394.5" />
				<Coordinate Order="9" X="73978.2" Y="14622.8" />
				<Coordinate Order="10" X="73929.3" Y="14851.1" />
				<Coordinate Order="11" X="74005.4" Y="15074" />
				<Coordinate Order="12" X="74010.8" Y="15302.3" />
				<Coordinate Order="13" X="73967.3" Y="15530.6" />
				<Coordinate Order="14" X="73994.5" Y="15753.5" />
				<Coordinate Order="15" X="73945.6" Y="15987.2" />
				<Coordinate Order="16" X="73831.4" Y="16204.6" />
				<Coordinate Order="17" X="73869.5" Y="16427.5" />
				<Coordinate Order="18" X="73923.8" Y="16639.5" />
				<Coordinate Order="19" X="73842.3" Y="16851.5" />
				<Coordinate Order="20" X="73771.6" Y="17079.8" />
				<Coordinate Order="21" X="73766.2" Y="17297.3" />
				<Coordinate Order="22" X="73760.8" Y="17552.8" />
				<Coordinate Order="23" X="73744.4" Y="17791.9" />
				<Coordinate Order="24" X="73820.5" Y="18009.4" />
				<Coordinate Order="25" X="73978.2" Y="18172.5" />
				<Coordinate Order="26" X="73999.9" Y="18433.4" />
				<Coordinate Order="27" X="74005.4" Y="18683.4" />
				<Coordinate Order="28" X="74021.7" Y="18906.3" />
				<Coordinate Order="29" X="74059.7" Y="19123.8" />
				<Coordinate Order="30" X="74114.1" Y="19335.8" />
				<Coordinate Order="31" X="74195.6" Y="19553.2" />
				<Coordinate Order="32" X="74342.4" Y="19732.6" />
				<Coordinate Order="33" X="74521.8" Y="19917.4" />
				<Coordinate Order="34" X="74712" Y="20080.5" />
				<Coordinate Order="35" X="74744.7" Y="20314.2" />
				<Coordinate Order="36" X="74701.2" Y="20537.1" />
				<Coordinate Order="37" X="74842.5" Y="20863.3" />
				<Coordinate Order="38" X="74978.4" Y="21042.7" />
				<Coordinate Order="39" X="75141.5" Y="21211.2" />
				<Coordinate Order="40" X="75353.5" Y="21287.3" />
				<Coordinate Order="41" X="75581.8" Y="21336.2" />
				<Coordinate Order="42" X="75799.2" Y="21352.5" />
				<Coordinate Order="43" X="76043.9" Y="21260.1" />
				<Coordinate Order="44" X="76255.9" Y="21173.1" />
				<Coordinate Order="45" X="76489.6" Y="21129.6" />
				<Coordinate Order="46" X="76728.8" Y="21113.3" />
				<Coordinate Order="47" X="76973.4" Y="21075.3" />
				<Coordinate Order="48" X="77190.9" Y="20982.9" />
				<Coordinate Order="49" X="77359.4" Y="20841.5" />
				<Coordinate Order="50" X="77430" Y="20613.2" />
				<Coordinate Order="51" X="77462.6" Y="20384.9" />
				<Coordinate Order="52" X="77283.3" Y="20227.3" />
				<Coordinate Order="53" X="77234.3" Y="20004.4" />
				<Coordinate Order="54" X="77332.2" Y="19656.5" />
				<Coordinate Order="55" X="77326.8" Y="19433.6" />
				<Coordinate Order="56" X="77348.5" Y="19205.3" />
				<Coordinate Order="57" X="77299.6" Y="18982.4" />
				<Coordinate Order="58" X="77430" Y="18786.7" />
				<Coordinate Order="59" X="77614.9" Y="18661.7" />
				<Coordinate Order="60" X="77810.6" Y="18563.9" />
				<Coordinate Order="61" X="78022.6" Y="18688.9" />
				<Coordinate Order="62" X="78245.4" Y="18754.1" />
				<Coordinate Order="63" X="78468.3" Y="18770.4" />
				<Coordinate Order="64" X="78685.8" Y="18781.3" />
				<Coordinate Order="65" X="78897.8" Y="18656.3" />
				<Coordinate Order="66" X="79022.8" Y="18466" />
				<Coordinate Order="67" X="79245.6" Y="18487.8" />
				<Coordinate Order="68" X="79082.6" Y="18710.6" />
				<Coordinate Order="69" X="79300" Y="18705.2" />
				<Coordinate Order="70" X="79484.8" Y="18824.8" />
				<Coordinate Order="71" X="79609.9" Y="19004.2" />
				<Coordinate Order="72" X="79403.3" Y="19080.3" />
				<Coordinate Order="73" X="79267.4" Y="19254.2" />
				<Coordinate Order="74" X="79093.4" Y="19401" />
				<Coordinate Order="75" X="78876" Y="19357.5" />
				<Coordinate Order="76" X="78761.9" Y="19167.3" />
				<Coordinate Order="77" X="78647.7" Y="18966.1" />
				<Coordinate Order="78" X="78419.4" Y="18949.8" />
				<Coordinate Order="79" X="78201.9" Y="18966.1" />
				<Coordinate Order="80" X="78049.7" Y="18808.5" />
				<Coordinate Order="81" X="77848.6" Y="18721.5" />
				<Coordinate Order="82" X="77745.3" Y="18944.4" />
				<Coordinate Order="83" X="77663.8" Y="19150.9" />
				<Coordinate Order="84" X="77506.1" Y="19303.1" />
				<Coordinate Order="85" X="77473.5" Y="19536.9" />
				<Coordinate Order="86" X="77489.8" Y="19759.8" />
				<Coordinate Order="87" X="77462.6" Y="19988.1" />
				<Coordinate Order="88" X="77538.8" Y="20205.5" />
				<Coordinate Order="89" X="77718.1" Y="20330.5" />
				<Coordinate Order="90" X="77745.3" Y="20558.9" />
				<Coordinate Order="91" X="77783.4" Y="20798" />
				<Coordinate Order="92" X="77913.8" Y="20993.7" />
				<Coordinate Order="93" X="78071.5" Y="21151.4" />
				<Coordinate Order="94" X="78310.7" Y="21292.7" />
				<Coordinate Order="95" X="78539" Y="21271" />
				<Coordinate Order="96" X="78756.4" Y="21260.1" />
				<Coordinate Order="97" X="78984.7" Y="21303.6" />
				<Coordinate Order="98" X="79196.7" Y="21396" />
				<Coordinate Order="99" X="79387" Y="21526.5" />
				<Coordinate Order="100" X="79599" Y="21580.8" />
				<Coordinate Order="101" X="79821.9" Y="21515.6" />
				<Coordinate Order="102" X="79990.4" Y="21656.9" />
				<Coordinate Order="103" X="80235" Y="21662.4" />
				<Coordinate Order="104" X="80414.4" Y="21537.3" />
				<Coordinate Order="105" X="80392.6" Y="21765.6" />
				<Coordinate Order="106" X="80566.6" Y="21934.2" />
				<Coordinate Order="107" X="80767.7" Y="22026.6" />
				<Coordinate Order="108" X="80996" Y="22097.2" />
				<Coordinate Order="109" X="81170" Y="21955.9" />
				<Coordinate Order="110" X="81316.8" Y="21792.8" />
				<Coordinate Order="111" X="81534.2" Y="21798.3" />
				<Coordinate Order="112" X="81719" Y="21917.9" />
				<Coordinate Order="113" X="81914.7" Y="22059.2" />
				<Coordinate Order="114" X="82132.2" Y="22167.9" />
				<Coordinate Order="115" X="82365.9" Y="22206" />
				<Coordinate Order="116" X="82599.6" Y="22222.3" />
				<Coordinate Order="117" X="82822.5" Y="22216.8" />
				<Coordinate Order="118" X="83029.1" Y="22119" />
				<Coordinate Order="119" X="83246.5" Y="22021.1" />
				<Coordinate Order="120" X="83453.1" Y="21923.3" />
				<Coordinate Order="121" X="83491.1" Y="21684.1" />
				<Coordinate Order="122" X="83322.6" Y="21515.6" />
				<Coordinate Order="123" X="83137.8" Y="21363.4" />
				<Coordinate Order="124" X="83029.1" Y="21151.4" />
				<Coordinate Order="125" X="82942.1" Y="20939.4" />
				<Coordinate Order="126" X="82866" Y="20727.4" />
				<Coordinate Order="127" X="82817.1" Y="20488.2" />
				<Coordinate Order="128" X="82779" Y="20265.3" />
				<Coordinate Order="129" X="82686.6" Y="20064.2" />
				<Coordinate Order="130" X="82681.2" Y="19841.3" />
				<Coordinate Order="131" X="82474.6" Y="19770.6" />
				<Coordinate Order="132" X="82240.9" Y="19738" />
				<Coordinate Order="133" X="82007.1" Y="19732.6" />
				<Coordinate Order="134" X="81767.9" Y="19738" />
				<Coordinate Order="135" X="81604.9" Y="19901.1" />
				<Coordinate Order="136" X="81382" Y="19901.1" />
				<Coordinate Order="137" X="81284.1" Y="20102.2" />
				<Coordinate Order="138" X="81240.7" Y="20325.1" />
				<Coordinate Order="139" X="81170" Y="20548" />
				<Coordinate Order="140" X="80974.3" Y="20673" />
				<Coordinate Order="141" X="80773.2" Y="20776.3" />
				<Coordinate Order="142" X="80544.9" Y="20841.5" />
				<Coordinate Order="143" X="80376.3" Y="20678.5" />
				<Coordinate Order="144" X="80398.1" Y="20455.6" />
				<Coordinate Order="145" X="80463.3" Y="20243.6" />
				<Coordinate Order="146" X="80468.8" Y="20026.1" />
				<Coordinate Order="147" X="80615.5" Y="20200.1" />
				<Coordinate Order="148" X="80724.2" Y="20395.8" />
				<Coordinate Order="149" X="80919.9" Y="20515.4" />
				<Coordinate Order="150" X="81099.3" Y="20363.2" />
				<Coordinate Order="151" X="81115.6" Y="20118.5" />
				<Coordinate Order="152" X="80919.9" Y="20015.3" />
				<Coordinate Order="153" X="80794.9" Y="19835.9" />
				<Coordinate Order="154" X="80881.9" Y="19634.7" />
				<Coordinate Order="155" X="80653.6" Y="19558.6" />
				<Coordinate Order="156" X="80490.5" Y="19716.3" />
				<Coordinate Order="157" X="80360" Y="19536.9" />
				<Coordinate Order="158" X="80354.6" Y="19314" />
				<Coordinate Order="159" X="80572" Y="19341.2" />
				<Coordinate Order="160" X="80789.5" Y="19314" />
				<Coordinate Order="161" X="80985.2" Y="19205.3" />
				<Coordinate Order="162" X="81208" Y="19194.4" />
				<Coordinate Order="163" X="81447.2" Y="19210.7" />
				<Coordinate Order="164" X="81681" Y="19161.8" />
				<Coordinate Order="165" X="81572.3" Y="19368.4" />
				<Coordinate Order="166" X="81702.7" Y="19558.6" />
				<Coordinate Order="167" X="81947.3" Y="19607.6" />
				<Coordinate Order="168" X="82181.1" Y="19629.3" />
				<Coordinate Order="169" X="82382.2" Y="19531.5" />
				<Coordinate Order="170" X="82539.9" Y="19373.8" />
				<Coordinate Order="171" X="82621.4" Y="19167.3" />
				<Coordinate Order="172" X="82648.6" Y="19395.6" />
				<Coordinate Order="173" X="82610.5" Y="19623.9" />
				<Coordinate Order="174" X="82730.1" Y="19825" />
				<Coordinate Order="175" X="82860.6" Y="20009.8" />
				<Coordinate Order="176" X="82876.9" Y="20259.9" />
				<Coordinate Order="177" X="82914.9" Y="20477.3" />
				<Coordinate Order="178" X="82996.5" Y="20694.8" />
				<Coordinate Order="179" X="83078" Y="20912.2" />
				<Coordinate Order="180" X="83224.8" Y="21091.6" />
				<Coordinate Order="181" X="83420.5" Y="21194.9" />
				<Coordinate Order="182" X="83627" Y="21281.8" />
				<Coordinate Order="183" X="83860.8" Y="21298.2" />
				<Coordinate Order="184" X="84078.2" Y="21271" />
				<Coordinate Order="185" X="84284.8" Y="21184" />
				<Coordinate Order="186" X="84447.9" Y="21031.8" />
				<Coordinate Order="187" X="84583.8" Y="20852.4" />
				<Coordinate Order="188" X="84529.4" Y="20624.1" />
				<Coordinate Order="189" X="84594.6" Y="20406.7" />
				<Coordinate Order="190" X="84540.3" Y="20183.8" />
				<Coordinate Order="191" X="84763.2" Y="20145.7" />
				<Coordinate Order="192" X="84676.2" Y="19944.6" />
				<Coordinate Order="193" X="84540.3" Y="19759.8" />
				<Coordinate Order="194" X="84665.3" Y="19580.4" />
				<Coordinate Order="195" X="84893.6" Y="19613" />
				<Coordinate Order="196" X="85067.6" Y="19471.7" />
				<Coordinate Order="197" X="85219.8" Y="19286.8" />
				<Coordinate Order="198" X="85203.5" Y="19047.7" />
				<Coordinate Order="199" X="85051.3" Y="18890" />
				<Coordinate Order="200" X="85257.8" Y="18971.6" />
				<Coordinate Order="201" X="85230.7" Y="18743.2" />
				<Coordinate Order="202" X="85083.9" Y="18580.2" />
				<Coordinate Order="203" X="84942.6" Y="18759.6" />
				<Coordinate Order="204" X="84746.9" Y="18857.4" />
				<Coordinate Order="205" X="84529.4" Y="18792.2" />
				<Coordinate Order="206" X="84442.4" Y="18591" />
				<Coordinate Order="207" X="84230.4" Y="18514.9" />
				<Coordinate Order="208" X="84007.6" Y="18471.4" />
				<Coordinate Order="209" X="83676" Y="18373.6" />
				<Coordinate Order="210" X="83469.4" Y="18281.2" />
				<Coordinate Order="211" X="83273.7" Y="18183.3" />
				<Coordinate Order="212" X="83050.8" Y="18123.5" />
				<Coordinate Order="213" X="82849.7" Y="18014.8" />
				<Coordinate Order="214" X="82605.1" Y="17960.5" />
				<Coordinate Order="215" X="82376.8" Y="17965.9" />
				<Coordinate Order="216" X="82175.6" Y="17851.7" />
				<Coordinate Order="217" X="82012.6" Y="17694.1" />
				<Coordinate Order="218" X="81806" Y="17623.4" />
				<Coordinate Order="219" X="81561.4" Y="17623.4" />
				<Coordinate Order="220" X="81382" Y="17476.7" />
				<Coordinate Order="221" X="81159.1" Y="17449.5" />
				<Coordinate Order="222" X="80952.5" Y="17362.5" />
				<Coordinate Order="223" X="80974.3" Y="17134.2" />
				<Coordinate Order="224" X="80979.7" Y="16895" />
				<Coordinate Order="225" X="80936.2" Y="16677.6" />
				<Coordinate Order="226" X="80724.2" Y="16579.7" />
				<Coordinate Order="227" X="80572" Y="16405.8" />
				<Coordinate Order="228" X="80409" Y="16253.6" />
				<Coordinate Order="229" X="80213.3" Y="16123.1" />
				<Coordinate Order="230" X="80028.4" Y="15970.9" />
				<Coordinate Order="231" X="79783.8" Y="15954.6" />
				<Coordinate Order="232" X="79566.4" Y="15883.9" />
				<Coordinate Order="233" X="79397.9" Y="15742.6" />
				<Coordinate Order="234" X="79321.8" Y="15427.3" />
				<Coordinate Order="235" X="79147.8" Y="15280.5" />
				<Coordinate Order="236" X="78952.1" Y="15144.6" />
				<Coordinate Order="237" X="78723.8" Y="15068.5" />
				<Coordinate Order="238" X="78522.7" Y="14976.1" />
				<Coordinate Order="239" X="78299.8" Y="14916.3" />
				<Coordinate Order="240" X="78229.1" Y="14688" />
				<Coordinate Order="241" X="78261.7" Y="14465.1" />
				<Coordinate Order="242" X="78082.4" Y="14312.9" />
				<Coordinate Order="243" X="77864.9" Y="14264" />
				<Coordinate Order="244" X="77636.6" Y="14285.7" />
				<Coordinate Order="245" X="77446.3" Y="14171.6" />
				<Coordinate Order="246" X="77310.4" Y="13981.3" />
				<Coordinate Order="247" X="77103.9" Y="13872.6" />
				<Coordinate Order="248" X="76875.6" Y="13796.5" />
				<Coordinate Order="249" X="76685.3" Y="13687.8" />
				<Coordinate Order="250" X="76467.9" Y="13573.6" />
				<Coordinate Order="251" X="76245" Y="13492.1" />
				<Coordinate Order="252" X="76022.1" Y="13464.9" />
				<Coordinate Order="253" X="75804.7" Y="13421.4" />
			</Coordinates>
		</Annotation>
	</Annotations>
	<AnnotationGroups>
		<Group Name="metastases" PartOfGroup="None" Color="#ff0000">
			<Attributes />
		</Group>
	</AnnotationGroups>
</ASAP_Annotations>
