<?xml version="1.0"?>
<ASAP_Annotations>
	<Annotations>
		<Annotation Name="Annotation 0" Type="Polygon" PartOfGroup="metastases" Color="#F4FA58">
			<Coordinates>
				<Coordinate Order="0" X="128591" Y="67569.9" />
				<Coordinate Order="1" X="128460" Y="67610.2" />
				<Coordinate Order="2" X="128346" Y="67694.1" />
				<Coordinate Order="3" X="128235" Y="67778.1" />
				<Coordinate Order="4" X="128108" Y="67821.7" />
				<Coordinate Order="5" X="128007" Y="67912.4" />
				<Coordinate Order="6" X="127940" Y="68036.7" />
				<Coordinate Order="7" X="127842" Y="68130.7" />
				<Coordinate Order="8" X="127752" Y="68030" />
				<Coordinate Order="9" X="127617" Y="68013.2" />
				<Coordinate Order="10" X="127507" Y="68090.4" />
				<Coordinate Order="11" X="127372" Y="68127.3" />
				<Coordinate Order="12" X="127255" Y="68197.9" />
				<Coordinate Order="13" X="127218" Y="68332.2" />
				<Coordinate Order="14" X="127298" Y="68446.4" />
				<Coordinate Order="15" X="127413" Y="68520.2" />
				<Coordinate Order="16" X="127530" Y="68594.1" />
				<Coordinate Order="17" X="127648" Y="68668" />
				<Coordinate Order="18" X="127755" Y="68755.3" />
				<Coordinate Order="19" X="127866" Y="68832.6" />
				<Coordinate Order="20" X="127745" Y="68903.1" />
				<Coordinate Order="21" X="127604" Y="68856.1" />
				<Coordinate Order="22" X="127480" Y="68795.6" />
				<Coordinate Order="23" X="127359" Y="68725.1" />
				<Coordinate Order="24" X="127231" Y="68657.9" />
				<Coordinate Order="25" X="127114" Y="68577.3" />
				<Coordinate Order="26" X="126989" Y="68510.2" />
				<Coordinate Order="27" X="126862" Y="68459.8" />
				<Coordinate Order="28" X="126852" Y="68463.2" />
				<Coordinate Order="29" X="126751" Y="68553.8" />
				<Coordinate Order="30" X="126640" Y="68631.1" />
				<Coordinate Order="31" X="126519" Y="68698.2" />
				<Coordinate Order="32" X="126398" Y="68768.8" />
				<Coordinate Order="33" X="126274" Y="68849.3" />
				<Coordinate Order="34" X="126153" Y="68919.9" />
				<Coordinate Order="35" X="126029" Y="68977" />
				<Coordinate Order="36" X="125898" Y="68943.4" />
				<Coordinate Order="37" X="125764" Y="68963.5" />
				<Coordinate Order="38" X="125629" Y="68977" />
				<Coordinate Order="39" X="125502" Y="69027.3" />
				<Coordinate Order="40" X="125364" Y="69077.7" />
				<Coordinate Order="41" X="125216" Y="69128.1" />
				<Coordinate Order="42" X="125092" Y="69195.2" />
				<Coordinate Order="43" X="125001" Y="69302.7" />
				<Coordinate Order="44" X="124938" Y="69423.6" />
				<Coordinate Order="45" X="124897" Y="69554.6" />
				<Coordinate Order="46" X="124776" Y="69621.7" />
				<Coordinate Order="47" X="124669" Y="69712.4" />
				<Coordinate Order="48" X="124568" Y="69813.1" />
				<Coordinate Order="49" X="124467" Y="69903.8" />
				<Coordinate Order="50" X="124377" Y="70007.9" />
				<Coordinate Order="51" X="124283" Y="70108.7" />
				<Coordinate Order="52" X="124279" Y="70179.2" />
				<Coordinate Order="53" X="124293" Y="70313.5" />
				<Coordinate Order="54" X="124310" Y="70447.8" />
				<Coordinate Order="55" X="124259" Y="70575.4" />
				<Coordinate Order="56" X="124182" Y="70689.6" />
				<Coordinate Order="57" X="124098" Y="70807.2" />
				<Coordinate Order="58" X="124021" Y="70921.3" />
				<Coordinate Order="59" X="123954" Y="71038.9" />
				<Coordinate Order="60" X="123866" Y="71143" />
				<Coordinate Order="61" X="123826" Y="71277.3" />
				<Coordinate Order="62" X="123816" Y="71415" />
				<Coordinate Order="63" X="123806" Y="71556" />
				<Coordinate Order="64" X="123796" Y="71690.4" />
				<Coordinate Order="65" X="123776" Y="71824.7" />
				<Coordinate Order="66" X="123772" Y="71948.9" />
				<Coordinate Order="67" X="123796" Y="72100.1" />
				<Coordinate Order="68" X="123819" Y="72234.4" />
				<Coordinate Order="69" X="123816" Y="72372.1" />
				<Coordinate Order="70" X="123789" Y="72506.4" />
				<Coordinate Order="71" X="123752" Y="72640.7" />
				<Coordinate Order="72" X="123739" Y="72775.1" />
				<Coordinate Order="73" X="123742" Y="72912.7" />
				<Coordinate Order="74" X="123749" Y="73047.1" />
				<Coordinate Order="75" X="123752" Y="73188.1" />
				<Coordinate Order="76" X="123756" Y="73325.8" />
				<Coordinate Order="77" X="123769" Y="73466.8" />
				<Coordinate Order="78" X="123772" Y="73601.2" />
				<Coordinate Order="79" X="123796" Y="73738.9" />
				<Coordinate Order="80" X="123866" Y="73920.2" />
				<Coordinate Order="81" X="123930" Y="74041.1" />
				<Coordinate Order="82" X="123994" Y="74162" />
				<Coordinate Order="83" X="124068" Y="74293" />
				<Coordinate Order="84" X="124145" Y="74403.8" />
				<Coordinate Order="85" X="124239" Y="74511.2" />
				<Coordinate Order="86" X="124350" Y="74591.8" />
				<Coordinate Order="87" X="124471" Y="74672.4" />
				<Coordinate Order="88" X="124575" Y="74759.7" />
				<Coordinate Order="89" X="124703" Y="74806.8" />
				<Coordinate Order="90" X="124850" Y="74816.8" />
				<Coordinate Order="91" X="124971" Y="74880.6" />
				<Coordinate Order="92" X="125015" Y="75011.6" />
				<Coordinate Order="93" X="125085" Y="75129.1" />
				<Coordinate Order="94" X="125169" Y="75240" />
				<Coordinate Order="95" X="125196" Y="75374.3" />
				<Coordinate Order="96" X="125273" Y="75488.5" />
				<Coordinate Order="97" X="125263" Y="75626.1" />
				<Coordinate Order="98" X="125294" Y="75757.1" />
				<Coordinate Order="99" X="125236" Y="75884.7" />
				<Coordinate Order="100" X="125223" Y="76022.4" />
				<Coordinate Order="101" X="125253" Y="76153.4" />
				<Coordinate Order="102" X="125270" Y="76240.7" />
				<Coordinate Order="103" X="125388" Y="76307.9" />
				<Coordinate Order="104" X="125519" Y="76338.1" />
				<Coordinate Order="105" X="125653" Y="76334.7" />
				<Coordinate Order="106" X="125791" Y="76331.4" />
				<Coordinate Order="107" X="125935" Y="76358.2" />
				<Coordinate Order="108" X="126069" Y="76401.9" />
				<Coordinate Order="109" X="126204" Y="76459" />
				<Coordinate Order="110" X="126335" Y="76522.8" />
				<Coordinate Order="111" X="126469" Y="76569.8" />
				<Coordinate Order="112" X="126603" Y="76613.5" />
				<Coordinate Order="113" X="126738" Y="76633.6" />
				<Coordinate Order="114" X="126872" Y="76670.5" />
				<Coordinate Order="115" X="127010" Y="76700.8" />
				<Coordinate Order="116" X="126963" Y="76835.1" />
				<Coordinate Order="117" X="126835" Y="76888.8" />
				<Coordinate Order="118" X="126701" Y="76909" />
				<Coordinate Order="119" X="126560" Y="76932.5" />
				<Coordinate Order="120" X="126419" Y="76932.5" />
				<Coordinate Order="121" X="126291" Y="76982.9" />
				<Coordinate Order="122" X="126173" Y="77056.7" />
				<Coordinate Order="123" X="126106" Y="77177.6" />
				<Coordinate Order="124" X="126197" Y="77278.4" />
				<Coordinate Order="125" X="126314" Y="77345.5" />
				<Coordinate Order="126" X="126449" Y="77375.8" />
				<Coordinate Order="127" X="126573" Y="77342.2" />
				<Coordinate Order="128" X="126576" Y="77483.2" />
				<Coordinate Order="129" X="126667" Y="77590.7" />
				<Coordinate Order="130" X="126808" Y="77624.3" />
				<Coordinate Order="131" X="126942" Y="77644.4" />
				<Coordinate Order="132" X="127077" Y="77684.7" />
				<Coordinate Order="133" X="127131" Y="77634.3" />
				<Coordinate Order="134" X="127265" Y="77641.1" />
				<Coordinate Order="135" X="127404" Y="77602.8" />
				<Coordinate Order="136" X="127469" Y="77584.7" />
				<Coordinate Order="137" X="127536" Y="77581.4" />
				<Coordinate Order="138" X="127601" Y="77599.5" />
				<Coordinate Order="139" X="127574" Y="77663.9" />
				<Coordinate Order="140" X="127533" Y="77718.4" />
				<Coordinate Order="141" X="127525" Y="77784.4" />
				<Coordinate Order="142" X="127541" Y="77852.1" />
				<Coordinate Order="143" X="127538" Y="77918.1" />
				<Coordinate Order="144" X="127512" Y="77979.2" />
				<Coordinate Order="145" X="127450" Y="78008.9" />
				<Coordinate Order="146" X="127447" Y="78012.3" />
				<Coordinate Order="147" X="127375" Y="78060.1" />
				<Coordinate Order="148" X="127330" Y="78109.6" />
				<Coordinate Order="149" X="127290" Y="78164.1" />
				<Coordinate Order="150" X="127261" Y="78231.8" />
				<Coordinate Order="151" X="127224" Y="78291.3" />
				<Coordinate Order="152" X="127163" Y="78321" />
				<Coordinate Order="153" X="127057" Y="78091.5" />
				<Coordinate Order="154" X="126980" Y="78059.5" />
				<Coordinate Order="155" X="126923" Y="78102.1" />
				<Coordinate Order="156" X="126912" Y="78142.6" />
				<Coordinate Order="157" X="126965" Y="78170.3" />
				<Coordinate Order="158" X="127023" Y="78202.2" />
				<Coordinate Order="159" X="127068" Y="78246.9" />
				<Coordinate Order="160" X="127040" Y="78330" />
				<Coordinate Order="161" X="126997" Y="78406.7" />
				<Coordinate Order="162" X="126914" Y="78453.5" />
				<Coordinate Order="163" X="126838" Y="78494" />
				<Coordinate Order="164" X="126853" Y="78583.5" />
				<Coordinate Order="165" X="126916" Y="78641" />
				<Coordinate Order="166" X="126991" Y="78683.6" />
				<Coordinate Order="167" X="127070" Y="78721.9" />
				<Coordinate Order="168" X="127153" Y="78745.3" />
				<Coordinate Order="169" X="127230" Y="78783.7" />
				<Coordinate Order="170" X="127310" Y="78811.4" />
				<Coordinate Order="171" X="127389" Y="78851.8" />
				<Coordinate Order="172" X="127472" Y="78885.9" />
				<Coordinate Order="173" X="127555" Y="78922.1" />
				<Coordinate Order="174" X="127598" Y="78930.6" />
				<Coordinate Order="175" X="127598" Y="78930.6" />
				<Coordinate Order="176" X="127681" Y="78949.8" />
				<Coordinate Order="177" X="127764" Y="78979.6" />
				<Coordinate Order="178" X="127845" Y="79013.7" />
				<Coordinate Order="179" X="127915" Y="79062.7" />
				<Coordinate Order="180" X="127922" Y="79075.5" />
				<Coordinate Order="181" X="127929" Y="79139.3" />
				<Coordinate Order="182" X="127960" Y="79186.9" />
				<Coordinate Order="183" X="127992" Y="79180.6" />
				<Coordinate Order="184" X="128082" Y="79147.9" />
				<Coordinate Order="185" X="128167" Y="79139.4" />
				<Coordinate Order="186" X="128246" Y="79105.3" />
				<Coordinate Order="187" X="128324" Y="79062.7" />
				<Coordinate Order="188" X="128403" Y="79028.6" />
				<Coordinate Order="189" X="128439" Y="78947.7" />
				<Coordinate Order="190" X="128422" Y="78860.3" />
				<Coordinate Order="191" X="128401" Y="78777.3" />
				<Coordinate Order="192" X="128429" Y="78690" />
				<Coordinate Order="193" X="128516" Y="78675" />
				<Coordinate Order="194" X="128544" Y="78594.1" />
				<Coordinate Order="195" X="128550" Y="78577.1" />
				<Coordinate Order="196" X="128637" Y="78583.5" />
				<Coordinate Order="197" X="128725" Y="78604.8" />
				<Coordinate Order="198" X="128816" Y="78630.3" />
				<Coordinate Order="199" X="128901" Y="78638.8" />
				<Coordinate Order="200" X="128989" Y="78649.5" />
				<Coordinate Order="201" X="129061" Y="78600.5" />
				<Coordinate Order="202" X="129121" Y="78538.7" />
				<Coordinate Order="203" X="129210" Y="78515.3" />
				<Coordinate Order="204" X="129293" Y="78494" />
				<Coordinate Order="205" X="129372" Y="78455.7" />
				<Coordinate Order="206" X="129449" Y="78417.3" />
				<Coordinate Order="207" X="129513" Y="78355.6" />
				<Coordinate Order="208" X="129526" Y="78270.4" />
				<Coordinate Order="209" X="129523" Y="78253.3" />
				<Coordinate Order="210" X="129579" Y="78185.2" />
				<Coordinate Order="211" X="129668" Y="78183" />
				<Coordinate Order="212" X="129762" Y="78185.2" />
				<Coordinate Order="213" X="129849" Y="78191.6" />
				<Coordinate Order="214" X="129934" Y="78198" />
				<Coordinate Order="215" X="130020" Y="78189.4" />
				<Coordinate Order="216" X="130098" Y="78149" />
				<Coordinate Order="217" X="130162" Y="78082.9" />
				<Coordinate Order="218" X="130228" Y="78021.2" />
				<Coordinate Order="219" X="130254" Y="77991.4" />
				<Coordinate Order="220" X="130275" Y="77908.3" />
				<Coordinate Order="221" X="130286" Y="77823.1" />
				<Coordinate Order="222" X="130318" Y="77740" />
				<Coordinate Order="223" X="130354" Y="77659.1" />
				<Coordinate Order="224" X="130407" Y="77582.4" />
				<Coordinate Order="225" X="130433" Y="77495.1" />
				<Coordinate Order="226" X="130437" Y="77409.9" />
				<Coordinate Order="227" X="130473" Y="77331.1" />
				<Coordinate Order="228" X="130529" Y="77265.1" />
				<Coordinate Order="229" X="130618" Y="77267.2" />
				<Coordinate Order="230" X="130697" Y="77316.2" />
				<Coordinate Order="231" X="130784" Y="77365.2" />
				<Coordinate Order="232" X="130867" Y="77399.3" />
				<Coordinate Order="233" X="130955" Y="77412" />
				<Coordinate Order="234" X="131038" Y="77392.9" />
				<Coordinate Order="235" X="131097" Y="77331.1" />
				<Coordinate Order="236" X="131127" Y="77243.8" />
				<Coordinate Order="237" X="131202" Y="77201.2" />
				<Coordinate Order="238" X="131293" Y="77201.2" />
				<Coordinate Order="239" X="131379" Y="77196.9" />
				<Coordinate Order="240" X="131462" Y="77173.5" />
				<Coordinate Order="241" X="131545" Y="77139.4" />
				<Coordinate Order="242" X="131628" Y="77113.9" />
				<Coordinate Order="243" X="131709" Y="77147.9" />
				<Coordinate Order="244" X="131749" Y="77224.6" />
				<Coordinate Order="245" X="131826" Y="77265.1" />
				<Coordinate Order="246" X="131896" Y="77216.1" />
				<Coordinate Order="247" X="131924" Y="77133" />
				<Coordinate Order="248" X="131900" Y="77047.8" />
				<Coordinate Order="249" X="131909" Y="76958.4" />
				<Coordinate Order="250" X="131964" Y="76890.2" />
				<Coordinate Order="251" X="132049" Y="76877.4" />
				<Coordinate Order="252" X="132120" Y="76930.7" />
				<Coordinate Order="253" X="132199" Y="76971.2" />
				<Coordinate Order="254" X="132290" Y="76990.3" />
				<Coordinate Order="255" X="132380" Y="76998.8" />
				<Coordinate Order="256" X="132467" Y="77009.5" />
				<Coordinate Order="257" X="132552" Y="77022.3" />
				<Coordinate Order="258" X="132639" Y="77032.9" />
				<Coordinate Order="259" X="132727" Y="77037.2" />
				<Coordinate Order="260" X="132786" Y="76973.3" />
				<Coordinate Order="261" X="132797" Y="76886" />
				<Coordinate Order="262" X="132808" Y="76800.8" />
				<Coordinate Order="263" X="132789" Y="76717.7" />
				<Coordinate Order="264" X="132710" Y="76679.4" />
				<Coordinate Order="265" X="132625" Y="76677.2" />
				<Coordinate Order="266" X="132535" Y="76668.7" />
				<Coordinate Order="267" X="132463" Y="76613.3" />
				<Coordinate Order="268" X="132546" Y="76587.8" />
				<Coordinate Order="269" X="132627" Y="76617.6" />
				<Coordinate Order="270" X="132712" Y="76643.2" />
				<Coordinate Order="271" X="132799" Y="76641" />
				<Coordinate Order="272" X="132812" Y="76555.8" />
				<Coordinate Order="273" X="132789" Y="76502.6" />
				<Coordinate Order="274" X="132814" Y="76417.4" />
				<Coordinate Order="275" X="132882" Y="76351.4" />
				<Coordinate Order="276" X="132929" Y="76278.9" />
				<Coordinate Order="277" X="132978" Y="76204.4" />
				<Coordinate Order="278" X="133023" Y="76129.9" />
				<Coordinate Order="279" X="133055" Y="76048.9" />
				<Coordinate Order="280" X="133072" Y="75961.6" />
				<Coordinate Order="281" X="133080" Y="75887.1" />
				<Coordinate Order="282" X="133134" Y="75810.4" />
				<Coordinate Order="283" X="133221" Y="75793.3" />
				<Coordinate Order="284" X="133302" Y="75757.1" />
				<Coordinate Order="285" X="133387" Y="75723.1" />
				<Coordinate Order="286" X="133466" Y="75684.7" />
				<Coordinate Order="287" X="133545" Y="75646.4" />
				<Coordinate Order="288" X="133613" Y="75593.1" />
				<Coordinate Order="289" X="133657" Y="75518.6" />
				<Coordinate Order="290" X="133664" Y="75431.3" />
				<Coordinate Order="291" X="133636" Y="75348.2" />
				<Coordinate Order="292" X="133602" Y="75267.3" />
				<Coordinate Order="293" X="133545" Y="75199.1" />
				<Coordinate Order="294" X="133464" Y="75160.8" />
				<Coordinate Order="295" X="133459" Y="75141.6" />
				<Coordinate Order="296" X="133374" Y="75122.4" />
				<Coordinate Order="297" X="133300" Y="75075.6" />
				<Coordinate Order="298" X="133323" Y="74990.4" />
				<Coordinate Order="299" X="133347" Y="74905.2" />
				<Coordinate Order="300" X="133408" Y="74841.3" />
				<Coordinate Order="301" X="133496" Y="74864.7" />
				<Coordinate Order="302" X="133566" Y="74815.7" />
				<Coordinate Order="303" X="133572" Y="74726.3" />
				<Coordinate Order="304" X="133604" Y="74645.3" />
				<Coordinate Order="305" X="133692" Y="74643.2" />
				<Coordinate Order="306" X="133768" Y="74598.5" />
				<Coordinate Order="307" X="133849" Y="74560.1" />
				<Coordinate Order="308" X="133937" Y="74541" />
				<Coordinate Order="309" X="134022" Y="74511.2" />
				<Coordinate Order="310" X="134073" Y="74455.8" />
				<Coordinate Order="311" X="134145" Y="74402.5" />
				<Coordinate Order="312" X="134216" Y="74353.5" />
				<Coordinate Order="313" X="134284" Y="74298.2" />
				<Coordinate Order="314" X="134343" Y="74234.3" />
				<Coordinate Order="315" X="134399" Y="74164" />
				<Coordinate Order="316" X="134482" Y="74142.7" />
				<Coordinate Order="317" X="134567" Y="74125.7" />
				<Coordinate Order="318" X="134635" Y="74072.4" />
				<Coordinate Order="319" X="134629" Y="73987.2" />
				<Coordinate Order="320" X="134544" Y="73974.4" />
				<Coordinate Order="321" X="134458" Y="73972.3" />
				<Coordinate Order="322" X="134373" Y="73991.5" />
				<Coordinate Order="323" X="134288" Y="74019.2" />
				<Coordinate Order="324" X="134198" Y="74027.7" />
				<Coordinate Order="325" X="134135" Y="73970.2" />
				<Coordinate Order="326" X="134205" Y="73921.2" />
				<Coordinate Order="327" X="134294" Y="73912.7" />
				<Coordinate Order="328" X="134380" Y="73899.9" />
				<Coordinate Order="329" X="134469" Y="73897.8" />
				<Coordinate Order="330" X="134556" Y="73882.9" />
				<Coordinate Order="331" X="134646" Y="73874.3" />
				<Coordinate Order="332" X="134731" Y="73855.2" />
				<Coordinate Order="333" X="134820" Y="73846.6" />
				<Coordinate Order="334" X="134895" Y="73804" />
				<Coordinate Order="335" X="134952" Y="73735.9" />
				<Coordinate Order="336" X="135008" Y="73669.9" />
				<Coordinate Order="337" X="135040" Y="73616.6" />
				<Coordinate Order="338" X="135057" Y="73531.4" />
				<Coordinate Order="339" X="135140" Y="73508" />
				<Coordinate Order="340" X="135227" Y="73495.2" />
				<Coordinate Order="341" X="135308" Y="73454.8" />
				<Coordinate Order="342" X="135389" Y="73427.1" />
				<Coordinate Order="343" X="135470" Y="73397.2" />
				<Coordinate Order="344" X="135559" Y="73373.8" />
				<Coordinate Order="345" X="135640" Y="73346.1" />
				<Coordinate Order="346" X="135730" Y="73312" />
				<Coordinate Order="347" X="135813" Y="73280.1" />
				<Coordinate Order="348" X="135896" Y="73241.8" />
				<Coordinate Order="349" X="135977" Y="73199.2" />
				<Coordinate Order="350" X="136039" Y="73135.3" />
				<Coordinate Order="351" X="136073" Y="73050.1" />
				<Coordinate Order="352" X="136096" Y="72964.9" />
				<Coordinate Order="353" X="136098" Y="72879.7" />
				<Coordinate Order="354" X="136100" Y="72790.2" />
				<Coordinate Order="355" X="136083" Y="72705" />
				<Coordinate Order="356" X="136039" Y="72630.5" />
				<Coordinate Order="357" X="135979" Y="72568.7" />
				<Coordinate Order="358" X="135909" Y="72517.6" />
				<Coordinate Order="359" X="135838" Y="72468.6" />
				<Coordinate Order="360" X="135866" Y="72415.4" />
				<Coordinate Order="361" X="135864" Y="72330.2" />
				<Coordinate Order="362" X="135858" Y="72245" />
				<Coordinate Order="363" X="135928" Y="72193.9" />
				<Coordinate Order="364" X="136007" Y="72159.8" />
				<Coordinate Order="365" X="136047" Y="72083.1" />
				<Coordinate Order="366" X="136054" Y="71993.7" />
				<Coordinate Order="367" X="136051" Y="71906.3" />
				<Coordinate Order="368" X="136049" Y="71821.1" />
				<Coordinate Order="369" X="136056" Y="71735.9" />
				<Coordinate Order="370" X="136054" Y="71650.8" />
				<Coordinate Order="371" X="136039" Y="71623.1" />
				<Coordinate Order="372" X="135971" Y="71567.7" />
				<Coordinate Order="373" X="135890" Y="71540" />
				<Coordinate Order="374" X="135838" Y="71465.5" />
				<Coordinate Order="375" X="135811" Y="71384.5" />
				<Coordinate Order="376" X="135768" Y="71305.7" />
				<Coordinate Order="377" X="135677" Y="71284.4" />
				<Coordinate Order="378" X="135589" Y="71269.5" />
				<Coordinate Order="379" X="135536" Y="71201.4" />
				<Coordinate Order="380" X="135461" Y="71152.4" />
				<Coordinate Order="381" X="135387" Y="71101.3" />
				<Coordinate Order="382" X="135425" Y="71024.6" />
				<Coordinate Order="383" X="135410" Y="70939.4" />
				<Coordinate Order="384" X="135368" Y="70862.7" />
				<Coordinate Order="385" X="135304" Y="70800.9" />
				<Coordinate Order="386" X="135263" Y="70783.9" />
				<Coordinate Order="387" X="135200" Y="70722.1" />
				<Coordinate Order="388" X="135129" Y="70671" />
				<Coordinate Order="389" X="135048" Y="70634.8" />
				<Coordinate Order="390" X="134963" Y="70643.3" />
				<Coordinate Order="391" X="134916" Y="70715.7" />
				<Coordinate Order="392" X="134850" Y="70773.3" />
				<Coordinate Order="393" X="134784" Y="70828.6" />
				<Coordinate Order="394" X="134710" Y="70871.2" />
				<Coordinate Order="395" X="134624" Y="70864.8" />
				<Coordinate Order="396" X="134633" Y="70777.5" />
				<Coordinate Order="397" X="134673" Y="70696.6" />
				<Coordinate Order="398" X="134697" Y="70611.4" />
				<Coordinate Order="399" X="134699" Y="70524.1" />
				<Coordinate Order="400" X="134714" Y="70412.3" />
				<Coordinate Order="401" X="134721" Y="70351.1" />
				<Coordinate Order="402" X="134696" Y="70290" />
				<Coordinate Order="403" X="134667" Y="70234.9" />
				<Coordinate Order="404" X="134630" Y="70181.4" />
				<Coordinate Order="405" X="134578" Y="70144.7" />
				<Coordinate Order="406" X="134528" Y="70108" />
				<Coordinate Order="407" X="134497" Y="70053" />
				<Coordinate Order="408" X="134451" Y="70010.2" />
				<Coordinate Order="409" X="134398" Y="69976.5" />
				<Coordinate Order="410" X="134363" Y="69924.5" />
				<Coordinate Order="411" X="134351" Y="69864.9" />
				<Coordinate Order="412" X="134321" Y="69805.3" />
				<Coordinate Order="413" X="134292" Y="69748.7" />
				<Coordinate Order="414" X="134263" Y="69693.6" />
				<Coordinate Order="415" X="134237" Y="69637.1" />
				<Coordinate Order="416" X="134210" Y="69577.4" />
				<Coordinate Order="417" X="134167" Y="69531.6" />
				<Coordinate Order="418" X="134109" Y="69511.7" />
				<Coordinate Order="419" X="134046" Y="69510.2" />
				<Coordinate Order="420" X="134013" Y="69464.3" />
				<Coordinate Order="421" X="133985" Y="69409.2" />
				<Coordinate Order="422" X="133919" Y="69409.2" />
				<Coordinate Order="423" X="133855" Y="69415.4" />
				<Coordinate Order="424" X="133794" Y="69418.4" />
				<Coordinate Order="425" X="133733" Y="69423" />
				<Coordinate Order="426" X="133673" Y="69368" />
				<Coordinate Order="427" X="133618" Y="69338.9" />
				<Coordinate Order="428" X="133562" Y="69314.4" />
				<Coordinate Order="429" X="133503" Y="69294.6" />
				<Coordinate Order="430" X="133442" Y="69276.2" />
				<Coordinate Order="431" X="133337" Y="69259.7" />
				<Coordinate Order="432" X="133255" Y="69286.9" />
				<Coordinate Order="433" X="133174" Y="69307.8" />
				<Coordinate Order="434" X="133094" Y="69339.1" />
				<Coordinate Order="435" X="133036" Y="69399.8" />
				<Coordinate Order="436" X="133069" Y="69479.3" />
				<Coordinate Order="437" X="133151" Y="69500.2" />
				<Coordinate Order="438" X="133157" Y="69585.9" />
				<Coordinate Order="439" X="133084" Y="69640.3" />
				<Coordinate Order="440" X="133015" Y="69688.4" />
				<Coordinate Order="441" X="132935" Y="69721.9" />
				<Coordinate Order="442" X="132956" Y="69636.1" />
				<Coordinate Order="443" X="132986" Y="69552.5" />
				<Coordinate Order="444" X="132950" Y="69475.1" />
				<Coordinate Order="445" X="132869" Y="69456.3" />
				<Coordinate Order="446" X="132791" Y="69420.7" />
				<Coordinate Order="447" X="132710" Y="69389.3" />
				<Coordinate Order="448" X="132626" Y="69378.9" />
				<Coordinate Order="449" X="132542" Y="69364.2" />
				<Coordinate Order="450" X="132465" Y="69326.6" />
				<Coordinate Order="451" X="132408" Y="69259.7" />
				<Coordinate Order="452" X="132385" Y="69178.1" />
				<Coordinate Order="453" X="132413" Y="69098.6" />
				<Coordinate Order="454" X="132436" Y="69015" />
				<Coordinate Order="455" X="132488" Y="68948.1" />
				<Coordinate Order="456" X="132569" Y="68920.9" />
				<Coordinate Order="457" X="132657" Y="68908.3" />
				<Coordinate Order="458" X="132735" Y="68874.9" />
				<Coordinate Order="459" X="132770" Y="68797.5" />
				<Coordinate Order="460" X="132753" Y="68707.6" />
				<Coordinate Order="461" X="132703" Y="68636.5" />
				<Coordinate Order="462" X="132634" Y="68586.3" />
				<Coordinate Order="463" X="132559" Y="68538.2" />
				<Coordinate Order="464" X="132482" Y="68488" />
				<Coordinate Order="465" X="132450" Y="68465" />
				<Coordinate Order="466" X="132410" Y="68387.6" />
				<Coordinate Order="467" X="132383" Y="68303.9" />
				<Coordinate Order="468" X="132339" Y="68230.7" />
				<Coordinate Order="469" X="132270" Y="68182.6" />
				<Coordinate Order="470" X="132222" Y="68130.3" />
				<Coordinate Order="471" X="132166" Y="68065.5" />
				<Coordinate Order="472" X="132086" Y="68038.3" />
				<Coordinate Order="473" X="132007" Y="68067.6" />
				<Coordinate Order="474" X="131923" Y="68078.1" />
				<Coordinate Order="475" X="131837" Y="68088.5" />
				<Coordinate Order="476" X="131752" Y="68086.4" />
				<Coordinate Order="477" X="131668" Y="68071.8" />
				<Coordinate Order="478" X="131591" Y="68038.3" />
				<Coordinate Order="479" X="131507" Y="68021.6" />
				<Coordinate Order="480" X="131455" Y="67954.7" />
				<Coordinate Order="481" X="131428" Y="67875.2" />
				<Coordinate Order="482" X="131465" Y="67799.9" />
				<Coordinate Order="483" X="131520" Y="67735.1" />
				<Coordinate Order="484" X="131572" Y="67668.1" />
				<Coordinate Order="485" X="131605" Y="67586.6" />
				<Coordinate Order="486" X="131658" Y="67490.4" />
				<Coordinate Order="487" X="131616" Y="67417.2" />
				<Coordinate Order="488" X="131559" Y="67354.4" />
				<Coordinate Order="489" X="131482" Y="67312.6" />
				<Coordinate Order="490" X="131405" Y="67277.1" />
				<Coordinate Order="491" X="131336" Y="67224.8" />
				<Coordinate Order="492" X="131281" Y="67157.9" />
				<Coordinate Order="493" X="131260" Y="67074.2" />
				<Coordinate Order="494" X="131214" Y="67001" />
				<Coordinate Order="495" X="131133" Y="66975.9" />
				<Coordinate Order="496" X="131047" Y="66973.8" />
				<Coordinate Order="497" X="130951" Y="67007.3" />
				<Coordinate Order="498" X="130875" Y="67044.9" />
				<Coordinate Order="499" X="130802" Y="67088.8" />
				<Coordinate Order="500" X="130737" Y="67145.3" />
				<Coordinate Order="501" X="130664" Y="67189.2" />
				<Coordinate Order="502" X="130673" Y="67285.4" />
				<Coordinate Order="503" X="130587" Y="67308.4" />
				<Coordinate Order="504" X="130501" Y="67291.7" />
				<Coordinate Order="505" X="130428" Y="67245.7" />
				<Coordinate Order="506" X="130371" Y="67180.9" />
				<Coordinate Order="507" X="130288" Y="67199.7" />
				<Coordinate Order="508" X="130202" Y="67206" />
				<Coordinate Order="509" X="130118" Y="67212.2" />
				<Coordinate Order="510" X="130043" Y="67168.3" />
				<Coordinate Order="511" X="129959" Y="67139" />
				<Coordinate Order="512" X="129892" Y="67113.9" />
				<Coordinate Order="513" X="129819" Y="67162" />
				<Coordinate Order="514" X="129736" Y="67174.6" />
				<Coordinate Order="515" X="129650" Y="67168.3" />
				<Coordinate Order="516" X="129564" Y="67170.4" />
				<Coordinate Order="517" X="129480" Y="67178.8" />
				<Coordinate Order="518" X="129399" Y="67201.8" />
				<Coordinate Order="519" X="129319" Y="67235.2" />
				<Coordinate Order="520" X="129246" Y="67281.3" />
				<Coordinate Order="521" X="129167" Y="67314.7" />
				<Coordinate Order="522" X="129081" Y="67333.5" />
				<Coordinate Order="523" X="128999" Y="67358.6" />
				<Coordinate Order="524" X="128918" Y="67379.5" />
				<Coordinate Order="525" X="128843" Y="67421.4" />
				<Coordinate Order="526" X="128767" Y="67461.1" />
				<Coordinate Order="527" X="128690" Y="67500.8" />
				<Coordinate Order="528" X="128619" Y="67546.9" />
			</Coordinates>
		</Annotation>
		<Annotation Name="Annotation 1" Type="Polygon" PartOfGroup="metastases" Color="#F4FA58">
			<Coordinates>
				<Coordinate Order="0" X="129198" Y="78709.2" />
				<Coordinate Order="1" X="129155" Y="78717.8" />
				<Coordinate Order="2" X="129116" Y="78738.3" />
				<Coordinate Order="3" X="129076" Y="78755.5" />
				<Coordinate Order="4" X="129064" Y="78797.5" />
				<Coordinate Order="5" X="129103" Y="78824.5" />
				<Coordinate Order="6" X="129150" Y="78828.8" />
				<Coordinate Order="7" X="129188" Y="78805.1" />
				<Coordinate Order="8" X="129213" Y="78769.5" />
				<Coordinate Order="9" X="129222" Y="78727.5" />
			</Coordinates>
		</Annotation>
		<Annotation Name="Annotation 2" Type="Polygon" PartOfGroup="metastases" Color="#F4FA58">
			<Coordinates>
				<Coordinate Order="0" X="127322" Y="79309.3" />
				<Coordinate Order="1" X="127282" Y="79304.4" />
				<Coordinate Order="2" X="127251" Y="79329" />
				<Coordinate Order="3" X="127258" Y="79369.3" />
				<Coordinate Order="4" X="127294" Y="79385.1" />
				<Coordinate Order="5" X="127333" Y="79392" />
				<Coordinate Order="6" X="127370" Y="79375.2" />
				<Coordinate Order="7" X="127364" Y="79335.9" />
			</Coordinates>
		</Annotation>
		<Annotation Name="Annotation 3" Type="Polygon" PartOfGroup="metastases" Color="#F4FA58">
			<Coordinates>
				<Coordinate Order="0" X="127686" Y="79394.9" />
				<Coordinate Order="1" X="127650" Y="79416.5" />
				<Coordinate Order="2" X="127619" Y="79442.1" />
				<Coordinate Order="3" X="127617" Y="79481.5" />
				<Coordinate Order="4" X="127643" Y="79513.9" />
				<Coordinate Order="5" X="127680" Y="79531.6" />
				<Coordinate Order="6" X="127719" Y="79526.7" />
				<Coordinate Order="7" X="127733" Y="79488.3" />
				<Coordinate Order="8" X="127727" Y="79448" />
				<Coordinate Order="9" X="127714" Y="79409.7" />
			</Coordinates>
		</Annotation>
	</Annotations>
	<AnnotationGroups>
		<Group Name="metastases" PartOfGroup="None" Color="#ff0000">
			<Attributes />
		</Group>
	</AnnotationGroups>
</ASAP_Annotations>
