<?xml version="1.0"?>
<ASAP_Annotations>
	<Annotations>
		<Annotation Name="Annotation 2" Type="Polygon" PartOfGroup="metastases" Color="#F4FA58">
			<Coordinates>
				<Coordinate Order="0" X="33861.3" Y="133479" />
				<Coordinate Order="1" X="33824.2" Y="133314" />
				<Coordinate Order="2" X="33762.4" Y="133153" />
				<Coordinate Order="3" X="33914.9" Y="133013" />
				<Coordinate Order="4" X="33989.1" Y="132864" />
				<Coordinate Order="5" X="33898.4" Y="132716" />
				<Coordinate Order="6" X="33733.5" Y="132679" />
				<Coordinate Order="7" X="33475.9" Y="132709" />
				<Coordinate Order="8" X="33367.8" Y="132898" />
				<Coordinate Order="9" X="33224.6" Y="133044" />
				<Coordinate Order="10" X="33128.4" Y="133174" />
				<Coordinate Order="11" X="33073.7" Y="133419" />
				<Coordinate Order="12" X="33009" Y="133573" />
				<Coordinate Order="13" X="32861.9" Y="133689" />
				<Coordinate Order="14" X="32719.9" Y="133764" />
				<Coordinate Order="15" X="32723.4" Y="133965" />
				<Coordinate Order="16" X="32644.6" Y="134120" />
				<Coordinate Order="17" X="32448.4" Y="134319" />
				<Coordinate Order="18" X="32332" Y="134449" />
				<Coordinate Order="19" X="32150.3" Y="134559" />
				<Coordinate Order="20" X="31943.1" Y="134675" />
				<Coordinate Order="21" X="31787" Y="134800" />
				<Coordinate Order="22" X="31804" Y="134971" />
				<Coordinate Order="23" X="31803.8" Y="135081" />
				<Coordinate Order="24" X="31988.6" Y="135086" />
				<Coordinate Order="25" X="32154.4" Y="135185" />
				<Coordinate Order="26" X="32331.2" Y="135320" />
				<Coordinate Order="27" X="32564.7" Y="135333" />
				<Coordinate Order="28" X="32748.1" Y="135214" />
				<Coordinate Order="29" X="32974.9" Y="135161" />
				<Coordinate Order="30" X="33181.6" Y="135162" />
				<Coordinate Order="31" X="33376.2" Y="135048" />
				<Coordinate Order="32" X="33530.5" Y="134913" />
				<Coordinate Order="33" X="33899.3" Y="134849" />
				<Coordinate Order="34" X="33983.1" Y="134672" />
				<Coordinate Order="35" X="34086.1" Y="134498" />
				<Coordinate Order="36" X="34108.7" Y="134353" />
				<Coordinate Order="37" X="34145.8" Y="134138" />
				<Coordinate Order="38" X="34141.7" Y="133969" />
				<Coordinate Order="39" X="34088.1" Y="133767" />
				<Coordinate Order="40" X="34009.7" Y="133611" />
			</Coordinates>
		</Annotation>
		<Annotation Name="Annotation 3" Type="Polygon" PartOfGroup="metastases" Color="#F4FA58">
			<Coordinates>
				<Coordinate Order="0" X="36837.6" Y="132603" />
				<Coordinate Order="1" X="36783.5" Y="132830" />
				<Coordinate Order="2" X="36772.9" Y="132979" />
				<Coordinate Order="3" X="36811.2" Y="133158" />
				<Coordinate Order="4" X="36822.3" Y="133382" />
				<Coordinate Order="5" X="36712.7" Y="133396" />
				<Coordinate Order="6" X="36520" Y="133424" />
				<Coordinate Order="7" X="36317.7" Y="133301" />
				<Coordinate Order="8" X="36198.5" Y="133223" />
				<Coordinate Order="9" X="36105" Y="133259" />
				<Coordinate Order="10" X="35956.8" Y="133181" />
				<Coordinate Order="11" X="35816.3" Y="133112" />
				<Coordinate Order="12" X="35773.7" Y="132979" />
				<Coordinate Order="13" X="35612.3" Y="132894" />
				<Coordinate Order="14" X="35514.7" Y="132778" />
				<Coordinate Order="15" X="35394.1" Y="132753" />
				<Coordinate Order="16" X="35288.3" Y="132706" />
				<Coordinate Order="17" X="35242.2" Y="132550" />
				<Coordinate Order="18" X="35300.1" Y="132486" />
				<Coordinate Order="19" X="35423.4" Y="132524" />
				<Coordinate Order="20" X="35597.7" Y="132556" />
				<Coordinate Order="21" X="35815.6" Y="132633" />
				<Coordinate Order="22" X="35988.7" Y="132638" />
				<Coordinate Order="23" X="36158.8" Y="132537" />
				<Coordinate Order="24" X="36383.6" Y="132529" />
				<Coordinate Order="25" X="36558" Y="132505" />
				<Coordinate Order="26" X="36771.1" Y="132535" />
			</Coordinates>
		</Annotation>
		<Annotation Name="Annotation 4" Type="Polygon" PartOfGroup="metastases" Color="#F4FA58">
			<Coordinates>
				<Coordinate Order="0" X="59408" Y="136792" />
				<Coordinate Order="1" X="59355.5" Y="136819" />
				<Coordinate Order="2" X="59303.1" Y="136880" />
				<Coordinate Order="3" X="59275.9" Y="136953" />
				<Coordinate Order="4" X="59270.1" Y="136983" />
				<Coordinate Order="5" X="59299.2" Y="137054" />
				<Coordinate Order="6" X="59349.7" Y="137025" />
				<Coordinate Order="7" X="59400.2" Y="136983" />
				<Coordinate Order="8" X="59439.1" Y="136916" />
				<Coordinate Order="9" X="59454.6" Y="136849" />
				<Coordinate Order="10" X="59439.1" Y="136798" />
			</Coordinates>
		</Annotation>
		<Annotation Name="Annotation 5" Type="Polygon" PartOfGroup="metastases" Color="#F4FA58">
			<Coordinates>
				<Coordinate Order="0" X="58156.1" Y="46511.4" />
				<Coordinate Order="1" X="58070.4" Y="46571.1" />
				<Coordinate Order="2" X="58039.3" Y="46672.3" />
				<Coordinate Order="3" X="58052.3" Y="46747.6" />
				<Coordinate Order="4" X="58086" Y="46752.8" />
				<Coordinate Order="5" X="58192.4" Y="46669.7" />
				<Coordinate Order="6" X="58223.6" Y="46586.6" />
				<Coordinate Order="7" X="58213.2" Y="46529.5" />
			</Coordinates>
		</Annotation>
		<Annotation Name="Annotation 6" Type="Polygon" PartOfGroup="metastases" Color="#F4FA58">
			<Coordinates>
				<Coordinate Order="0" X="32211.8" Y="43967.8" />
				<Coordinate Order="1" X="32144.8" Y="44017.1" />
				<Coordinate Order="2" X="32119.2" Y="44092" />
				<Coordinate Order="3" X="32097.5" Y="44168.8" />
				<Coordinate Order="4" X="32030.5" Y="44212.2" />
				<Coordinate Order="5" X="31985.2" Y="44279.2" />
				<Coordinate Order="6" X="31916.2" Y="44320.6" />
				<Coordinate Order="7" X="31861.1" Y="44381.6" />
				<Coordinate Order="8" X="31829.5" Y="44454.6" />
				<Coordinate Order="9" X="31825.6" Y="44535.3" />
				<Coordinate Order="10" X="31825.6" Y="44624" />
				<Coordinate Order="11" X="31796" Y="44700.9" />
				<Coordinate Order="12" X="31760.6" Y="44771.8" />
				<Coordinate Order="13" X="31715.3" Y="44840.8" />
				<Coordinate Order="14" X="31673.9" Y="44911.7" />
				<Coordinate Order="15" X="31628.5" Y="44980.7" />
				<Coordinate Order="16" X="31579.3" Y="44992.5" />
				<Coordinate Order="17" X="31480.8" Y="45037.8" />
				<Coordinate Order="18" X="31445.3" Y="45140.3" />
				<Coordinate Order="19" X="31490.6" Y="45205.3" />
				<Coordinate Order="20" X="31472.9" Y="45335.4" />
				<Coordinate Order="21" X="31431.5" Y="45404.3" />
				<Coordinate Order="22" X="31378.3" Y="45463.5" />
				<Coordinate Order="23" X="31329" Y="45534.4" />
				<Coordinate Order="24" X="31279.8" Y="45601.4" />
				<Coordinate Order="25" X="31234.4" Y="45666.4" />
				<Coordinate Order="26" X="31191.1" Y="45743.3" />
				<Coordinate Order="27" X="31147.7" Y="45812.2" />
				<Coordinate Order="28" X="31094.5" Y="45875.3" />
				<Coordinate Order="29" X="31043.3" Y="45869.4" />
				<Coordinate Order="30" X="30962.5" Y="45900.9" />
				<Coordinate Order="31" X="30885.7" Y="45918.6" />
				<Coordinate Order="32" X="30808.8" Y="45962" />
				<Coordinate Order="33" X="30735.9" Y="46005.3" />
				<Coordinate Order="34" X="30663" Y="46052.6" />
				<Coordinate Order="35" X="30607.8" Y="46113.7" />
				<Coordinate Order="36" X="30588.1" Y="46172.8" />
				<Coordinate Order="37" X="30572.4" Y="46251.7" />
				<Coordinate Order="38" X="30558.6" Y="46330.5" />
				<Coordinate Order="39" X="30527" Y="46405.4" />
				<Coordinate Order="40" X="30515.2" Y="46486.1" />
				<Coordinate Order="41" X="30538.9" Y="46572.8" />
				<Coordinate Order="42" X="30601.9" Y="46622.1" />
				<Coordinate Order="43" X="30682.7" Y="46630" />
				<Coordinate Order="44" X="30743.8" Y="46578.8" />
				<Coordinate Order="45" X="30808.8" Y="46531.5" />
				<Coordinate Order="46" X="30887.6" Y="46545.3" />
				<Coordinate Order="47" X="30966.5" Y="46557.1" />
				<Coordinate Order="48" X="31045.3" Y="46543.3" />
				<Coordinate Order="49" X="31110.3" Y="46555.1" />
				<Coordinate Order="50" X="31260.1" Y="46643.8" />
				<Coordinate Order="51" X="31336.9" Y="46620.1" />
				<Coordinate Order="52" X="31415.7" Y="46596.5" />
				<Coordinate Order="53" X="31490.6" Y="46565" />
				<Coordinate Order="54" X="31565.5" Y="46533.4" />
				<Coordinate Order="55" X="31642.3" Y="46505.9" />
				<Coordinate Order="56" X="31717.2" Y="46470.4" />
				<Coordinate Order="57" X="31790.1" Y="46436.9" />
				<Coordinate Order="58" X="31867" Y="46415.2" />
				<Coordinate Order="59" X="31941.9" Y="46387.6" />
				<Coordinate Order="60" X="32010.8" Y="46348.2" />
				<Coordinate Order="61" X="32097.5" Y="46314.7" />
				<Coordinate Order="62" X="32174.4" Y="46291.1" />
				<Coordinate Order="63" X="32223.6" Y="46228" />
				<Coordinate Order="64" X="32288.7" Y="46153.1" />
				<Coordinate Order="65" X="32286.7" Y="46094" />
				<Coordinate Order="66" X="32235.5" Y="46019.1" />
				<Coordinate Order="67" X="32192.1" Y="45958.1" />
				<Coordinate Order="68" X="32263.1" Y="45993.5" />
				<Coordinate Order="69" X="32336" Y="46036.9" />
				<Coordinate Order="70" X="32422.7" Y="46076.3" />
				<Coordinate Order="71" X="32507.4" Y="46090.1" />
				<Coordinate Order="72" X="32588.2" Y="46068.4" />
				<Coordinate Order="73" X="32657.2" Y="46027" />
				<Coordinate Order="74" X="32712.3" Y="45967.9" />
				<Coordinate Order="75" X="32720.2" Y="45889.1" />
				<Coordinate Order="76" X="32724.2" Y="45810.3" />
				<Coordinate Order="77" X="32753.7" Y="45733.4" />
				<Coordinate Order="78" X="32803" Y="45670.4" />
				<Coordinate Order="79" X="32864.1" Y="45619.1" />
				<Coordinate Order="80" X="32877.8" Y="45540.3" />
				<Coordinate Order="81" X="32879.8" Y="45500.9" />
				<Coordinate Order="82" X="32850.3" Y="45426" />
				<Coordinate Order="83" X="32860.1" Y="45343.3" />
				<Coordinate Order="84" X="32879.8" Y="45262.5" />
				<Coordinate Order="85" X="32883.8" Y="45183.6" />
				<Coordinate Order="86" X="32854.2" Y="45104.8" />
				<Coordinate Order="87" X="32818.7" Y="45031.9" />
				<Coordinate Order="88" X="32787.2" Y="44959" />
				<Coordinate Order="89" X="32769.5" Y="44880.2" />
				<Coordinate Order="90" X="32734" Y="44809.2" />
				<Coordinate Order="91" X="32663.1" Y="44771.8" />
				<Coordinate Order="92" X="32609.9" Y="44712.7" />
				<Coordinate Order="93" X="32544.8" Y="44669.3" />
				<Coordinate Order="94" X="32507.4" Y="44592.5" />
				<Coordinate Order="95" X="32448.3" Y="44537.3" />
				<Coordinate Order="96" X="32383.3" Y="44486.1" />
				<Coordinate Order="97" X="32349.8" Y="44478.2" />
				<Coordinate Order="98" X="32347.8" Y="44446.7" />
				<Coordinate Order="99" X="32428.6" Y="44446.7" />
				<Coordinate Order="100" X="32466" Y="44413.2" />
				<Coordinate Order="101" X="32471.9" Y="44348.1" />
				<Coordinate Order="102" X="32487.7" Y="44281.2" />
				<Coordinate Order="103" X="32568.5" Y="44261.4" />
				<Coordinate Order="104" X="32603.9" Y="44188.5" />
				<Coordinate Order="105" X="32609.9" Y="44109.7" />
				<Coordinate Order="106" X="32568.5" Y="44040.8" />
				<Coordinate Order="107" X="32542.9" Y="44052.6" />
				<Coordinate Order="108" X="32513.3" Y="44021" />
				<Coordinate Order="109" X="32393.1" Y="43952.1" />
				<Coordinate Order="110" X="32345.8" Y="43952.1" />
				<Coordinate Order="111" X="32282.8" Y="43975.7" />
			</Coordinates>
		</Annotation>
		<Annotation Name="Annotation 7" Type="Polygon" PartOfGroup="metastases" Color="#F4FA58">
			<Coordinates>
				<Coordinate Order="0" X="34061" Y="43682.2" />
				<Coordinate Order="1" X="33994.4" Y="43648.8" />
				<Coordinate Order="2" X="33918.4" Y="43648.8" />
				<Coordinate Order="3" X="33872.1" Y="43708.1" />
				<Coordinate Order="4" X="33931.4" Y="43754.4" />
				<Coordinate Order="5" X="33996.2" Y="43793.3" />
				<Coordinate Order="6" X="34062.9" Y="43826.6" />
				<Coordinate Order="7" X="34131.4" Y="43856.3" />
				<Coordinate Order="8" X="34188.9" Y="43906.3" />
				<Coordinate Order="9" X="34238.9" Y="43969.3" />
				<Coordinate Order="10" X="34277.8" Y="44034.1" />
				<Coordinate Order="11" X="34311.1" Y="44054.5" />
				<Coordinate Order="12" X="34387.1" Y="44074.9" />
				<Coordinate Order="13" X="34461.1" Y="44084.1" />
				<Coordinate Order="14" X="34535.2" Y="44087.8" />
				<Coordinate Order="15" X="34583.4" Y="44106.3" />
				<Coordinate Order="16" X="34622.3" Y="44171.2" />
				<Coordinate Order="17" X="34644.5" Y="44243.4" />
				<Coordinate Order="18" X="34666.8" Y="44315.7" />
				<Coordinate Order="19" X="34720.5" Y="44367.5" />
				<Coordinate Order="20" X="34724.2" Y="44373.1" />
				<Coordinate Order="21" X="34798.3" Y="44365.7" />
				<Coordinate Order="22" X="34866.8" Y="44332.3" />
				<Coordinate Order="23" X="34929.8" Y="44373.1" />
				<Coordinate Order="24" X="34998.3" Y="44406.4" />
				<Coordinate Order="25" X="35072.4" Y="44417.5" />
				<Coordinate Order="26" X="35139.1" Y="44450.9" />
				<Coordinate Order="27" X="35211.3" Y="44476.8" />
				<Coordinate Order="28" X="35285.4" Y="44487.9" />
				<Coordinate Order="29" X="35359.5" Y="44484.2" />
				<Coordinate Order="30" X="35424.4" Y="44445.3" />
				<Coordinate Order="31" X="35435.5" Y="44371.2" />
				<Coordinate Order="32" X="35441" Y="44295.3" />
				<Coordinate Order="33" X="35444.7" Y="44221.2" />
				<Coordinate Order="34" X="35428.1" Y="44141.5" />
				<Coordinate Order="35" X="35413.3" Y="44067.4" />
				<Coordinate Order="36" X="35391" Y="43995.2" />
				<Coordinate Order="37" X="35392.9" Y="43921.1" />
				<Coordinate Order="38" X="35420.7" Y="43850.7" />
				<Coordinate Order="39" X="35439.2" Y="43778.5" />
				<Coordinate Order="40" X="35441" Y="43704.4" />
				<Coordinate Order="41" X="35470.7" Y="43717.3" />
				<Coordinate Order="42" X="35535.5" Y="43813.7" />
				<Coordinate Order="43" X="35611.5" Y="43850.7" />
				<Coordinate Order="44" X="35672.6" Y="43854.4" />
				<Coordinate Order="45" X="35705.9" Y="43787.7" />
				<Coordinate Order="46" X="35665.2" Y="43735.9" />
				<Coordinate Order="47" X="35711.5" Y="43711.8" />
				<Coordinate Order="48" X="35663.3" Y="43648.8" />
				<Coordinate Order="49" X="35602.2" Y="43604.4" />
				<Coordinate Order="50" X="35539.2" Y="43563.6" />
				<Coordinate Order="51" X="35498.5" Y="43630.3" />
				<Coordinate Order="52" X="35392.9" Y="43574.7" />
				<Coordinate Order="53" X="35329.9" Y="43615.5" />
				<Coordinate Order="54" X="35274.3" Y="43665.5" />
				<Coordinate Order="55" X="35202.1" Y="43684" />
				<Coordinate Order="56" X="35126.1" Y="43691.4" />
				<Coordinate Order="57" X="35129.8" Y="43767.4" />
				<Coordinate Order="58" X="35176.2" Y="43826.6" />
				<Coordinate Order="59" X="35233.6" Y="43874.8" />
				<Coordinate Order="60" X="35281.7" Y="43934.1" />
				<Coordinate Order="61" X="35316.9" Y="44006.3" />
				<Coordinate Order="62" X="35257.7" Y="43991.5" />
				<Coordinate Order="63" X="35200.2" Y="43941.5" />
				<Coordinate Order="64" X="35152.1" Y="43880.4" />
				<Coordinate Order="65" X="35083.5" Y="43848.9" />
				<Coordinate Order="66" X="35009.4" Y="43828.5" />
				<Coordinate Order="67" X="34946.5" Y="43787.7" />
				<Coordinate Order="68" X="34898.3" Y="43741.4" />
				<Coordinate Order="69" X="34840.9" Y="43793.3" />
				<Coordinate Order="70" X="34768.6" Y="43817.4" />
				<Coordinate Order="71" X="34707.5" Y="43772.9" />
				<Coordinate Order="72" X="34639" Y="43735.9" />
				<Coordinate Order="73" X="34564.9" Y="43747" />
				<Coordinate Order="74" X="34490.8" Y="43735.9" />
				<Coordinate Order="75" X="34418.5" Y="43713.6" />
				<Coordinate Order="76" X="34335.2" Y="43700.7" />
				<Coordinate Order="77" X="34264.8" Y="43676.6" />
				<Coordinate Order="78" X="34185.1" Y="43654.4" />
				<Coordinate Order="79" X="34107.3" Y="43667.3" />
			</Coordinates>
		</Annotation>
	</Annotations>
	<AnnotationGroups>
		<Group Name="metastases" PartOfGroup="None" Color="#ff0000">
			<Attributes />
		</Group>
	</AnnotationGroups>
</ASAP_Annotations>
