<?xml version="1.0"?>
<ASAP_Annotations>
	<Annotations>
		<Annotation Name="Annotation 0" Type="Polygon" PartOfGroup="metastases" Color="#F4FA58">
			<Coordinates>
				<Coordinate Order="0" X="66740.2" Y="20894.3" />
				<Coordinate Order="1" X="66681.3" Y="20896.9" />
				<Coordinate Order="2" X="66628.7" Y="20904.6" />
				<Coordinate Order="3" X="66576.2" Y="20923.8" />
				<Coordinate Order="4" X="66527.4" Y="20955.8" />
				<Coordinate Order="5" X="66481.3" Y="21005.8" />
				<Coordinate Order="6" X="66450.5" Y="21055.8" />
				<Coordinate Order="7" X="66454.4" Y="21109.7" />
				<Coordinate Order="8" X="66483.9" Y="21157.1" />
				<Coordinate Order="9" X="66509.5" Y="21207.1" />
				<Coordinate Order="10" X="66509.5" Y="21264.8" />
				<Coordinate Order="11" X="66549.2" Y="21322.5" />
				<Coordinate Order="12" X="66595.4" Y="21352" />
				<Coordinate Order="13" X="66644.1" Y="21377.6" />
				<Coordinate Order="14" X="66697.9" Y="21375" />
				<Coordinate Order="15" X="66742.8" Y="21343" />
				<Coordinate Order="16" X="66774.9" Y="21299.4" />
				<Coordinate Order="17" X="66812" Y="21249.4" />
				<Coordinate Order="18" X="66823.6" Y="21198.1" />
				<Coordinate Order="19" X="66824.9" Y="21141.7" />
				<Coordinate Order="20" X="66815.9" Y="21081.5" />
				<Coordinate Order="21" X="66769.7" Y="21054.5" />
				<Coordinate Order="22" X="66723.6" Y="21023.8" />
				<Coordinate Order="23" X="66740.2" Y="20971.2" />
				<Coordinate Order="24" X="66769.7" Y="20928.9" />
			</Coordinates>
		</Annotation>
		<Annotation Name="Annotation 1" Type="Polygon" PartOfGroup="metastases" Color="#F4FA58">
			<Coordinates>
				<Coordinate Order="0" X="68533.7" Y="21143" />
				<Coordinate Order="1" X="68476" Y="21153.3" />
				<Coordinate Order="2" X="68436.3" Y="21189.1" />
				<Coordinate Order="3" X="68399.1" Y="21234" />
				<Coordinate Order="4" X="68378.6" Y="21294.3" />
				<Coordinate Order="5" X="68372.1" Y="21350.7" />
				<Coordinate Order="6" X="68404.2" Y="21403.2" />
				<Coordinate Order="7" X="68449.1" Y="21431.4" />
				<Coordinate Order="8" X="68501.6" Y="21445.5" />
				<Coordinate Order="9" X="68554.2" Y="21431.4" />
				<Coordinate Order="10" X="68581.1" Y="21377.6" />
				<Coordinate Order="11" X="68587.5" Y="21310.9" />
				<Coordinate Order="12" X="68574.7" Y="21249.4" />
				<Coordinate Order="13" X="68549.1" Y="21190.4" />
			</Coordinates>
		</Annotation>
		<Annotation Name="Annotation 2" Type="Polygon" PartOfGroup="metastases" Color="#F4FA58">
			<Coordinates>
				<Coordinate Order="0" X="68296.5" Y="21284" />
				<Coordinate Order="1" X="68233.7" Y="21298.1" />
				<Coordinate Order="2" X="68177.3" Y="21305.8" />
				<Coordinate Order="3" X="68124.7" Y="21327.6" />
				<Coordinate Order="4" X="68083.7" Y="21375" />
				<Coordinate Order="5" X="68052.9" Y="21428.9" />
				<Coordinate Order="6" X="68036.3" Y="21484" />
				<Coordinate Order="7" X="68050.4" Y="21535.3" />
				<Coordinate Order="8" X="68090.1" Y="21569.9" />
				<Coordinate Order="9" X="68141.4" Y="21585.3" />
				<Coordinate Order="10" X="68177.3" Y="21622.4" />
				<Coordinate Order="11" X="68214.5" Y="21663.5" />
				<Coordinate Order="12" X="68268.3" Y="21676.3" />
				<Coordinate Order="13" X="68319.6" Y="21655.8" />
				<Coordinate Order="14" X="68335" Y="21603.2" />
				<Coordinate Order="15" X="68349.1" Y="21546.8" />
				<Coordinate Order="16" X="68354.2" Y="21495.5" />
				<Coordinate Order="17" X="68356.8" Y="21444.3" />
				<Coordinate Order="18" X="68350.4" Y="21393" />
				<Coordinate Order="19" X="68322.2" Y="21337.9" />
			</Coordinates>
		</Annotation>
		<Annotation Name="Annotation 3" Type="Polygon" PartOfGroup="metastases" Color="#F4FA58">
			<Coordinates>
				<Coordinate Order="0" X="67440.2" Y="21185.3" />
				<Coordinate Order="1" X="67388.9" Y="21181.5" />
				<Coordinate Order="2" X="67337.6" Y="21186.6" />
				<Coordinate Order="3" X="67288.9" Y="21217.4" />
				<Coordinate Order="4" X="67250.5" Y="21254.5" />
				<Coordinate Order="5" X="67205.6" Y="21303.2" />
				<Coordinate Order="6" X="67176.1" Y="21350.7" />
				<Coordinate Order="7" X="67142.8" Y="21390.4" />
				<Coordinate Order="8" X="67095.3" Y="21410.9" />
				<Coordinate Order="9" X="67038.9" Y="21412.2" />
				<Coordinate Order="10" X="66982.5" Y="21426.3" />
				<Coordinate Order="11" X="66922.3" Y="21430.2" />
				<Coordinate Order="12" X="66868.4" Y="21466" />
				<Coordinate Order="13" X="66828.7" Y="21500.7" />
				<Coordinate Order="14" X="66801.8" Y="21545.5" />
				<Coordinate Order="15" X="66794.1" Y="21598.1" />
				<Coordinate Order="16" X="66786.4" Y="21649.4" />
				<Coordinate Order="17" X="66786.4" Y="21705.8" />
				<Coordinate Order="18" X="66792.8" Y="21760.9" />
				<Coordinate Order="19" X="66741.5" Y="21782.7" />
				<Coordinate Order="20" X="66689" Y="21780.1" />
				<Coordinate Order="21" X="66635.1" Y="21801.9" />
				<Coordinate Order="22" X="66618.5" Y="21858.3" />
				<Coordinate Order="23" X="66632.6" Y="21914.7" />
				<Coordinate Order="24" X="66654.4" Y="21967.3" />
				<Coordinate Order="25" X="66687.7" Y="22012.2" />
				<Coordinate Order="26" X="66722.3" Y="22050.6" />
				<Coordinate Order="27" X="66749.2" Y="22103.2" />
				<Coordinate Order="28" X="66765.9" Y="22154.4" />
				<Coordinate Order="29" X="66714.6" Y="22158.3" />
				<Coordinate Order="30" X="66664.6" Y="22182.7" />
				<Coordinate Order="31" X="66636.4" Y="22230.1" />
				<Coordinate Order="32" X="66660.8" Y="22283.9" />
				<Coordinate Order="33" X="66695.4" Y="22333.9" />
				<Coordinate Order="34" X="66747.9" Y="22357" />
				<Coordinate Order="35" X="66776.1" Y="22308.3" />
				<Coordinate Order="36" X="66764.6" Y="22251.9" />
				<Coordinate Order="37" X="66799.2" Y="22209.6" />
				<Coordinate Order="38" X="66845.4" Y="22232.6" />
				<Coordinate Order="39" X="66896.6" Y="22216" />
				<Coordinate Order="40" X="66926.1" Y="22168.6" />
				<Coordinate Order="41" X="66977.4" Y="22155.7" />
				<Coordinate Order="42" X="67037.7" Y="22164.7" />
				<Coordinate Order="43" X="67091.5" Y="22181.4" />
				<Coordinate Order="44" X="67146.6" Y="22201.9" />
				<Coordinate Order="45" X="67196.6" Y="22226.2" />
				<Coordinate Order="46" X="67249.2" Y="22230.1" />
				<Coordinate Order="47" X="67296.6" Y="22205.7" />
				<Coordinate Order="48" X="67315.8" Y="22155.7" />
				<Coordinate Order="49" X="67317.1" Y="22095.5" />
				<Coordinate Order="50" X="67324.8" Y="22040.4" />
				<Coordinate Order="51" X="67341.5" Y="21987.8" />
				<Coordinate Order="52" X="67338.9" Y="21931.4" />
				<Coordinate Order="53" X="67283.8" Y="21903.2" />
				<Coordinate Order="54" X="67231.2" Y="21885.2" />
				<Coordinate Order="55" X="67237.6" Y="21834" />
				<Coordinate Order="56" X="67295.3" Y="21839.1" />
				<Coordinate Order="57" X="67341.5" Y="21866" />
				<Coordinate Order="58" X="67397.9" Y="21830.1" />
				<Coordinate Order="59" X="67444" Y="21799.4" />
				<Coordinate Order="60" X="67487.6" Y="21768.6" />
				<Coordinate Order="61" X="67517.1" Y="21726.3" />
				<Coordinate Order="62" X="67529.9" Y="21669.9" />
				<Coordinate Order="63" X="67524.8" Y="21613.5" />
				<Coordinate Order="64" X="67576.1" Y="21596.8" />
				<Coordinate Order="65" X="67596.6" Y="21545.5" />
				<Coordinate Order="66" X="67596.6" Y="21493" />
				<Coordinate Order="67" X="67574.8" Y="21444.3" />
				<Coordinate Order="68" X="67547.9" Y="21395.5" />
				<Coordinate Order="69" X="67553" Y="21341.7" />
				<Coordinate Order="70" X="67528.6" Y="21291.7" />
				<Coordinate Order="71" X="67503" Y="21241.7" />
			</Coordinates>
		</Annotation>
		<Annotation Name="Annotation 4" Type="Polygon" PartOfGroup="metastases" Color="#F4FA58">
			<Coordinates>
				<Coordinate Order="0" X="69136.2" Y="21677.6" />
				<Coordinate Order="1" X="69075.9" Y="21682.7" />
				<Coordinate Order="2" X="69025.9" Y="21709.6" />
				<Coordinate Order="3" X="68986.2" Y="21750.6" />
				<Coordinate Order="4" X="68964.4" Y="21804.5" />
				<Coordinate Order="5" X="69006.7" Y="21836.5" />
				<Coordinate Order="6" X="69059.3" Y="21817.3" />
				<Coordinate Order="7" X="69111.8" Y="21791.7" />
				<Coordinate Order="8" X="69160.5" Y="21769.9" />
			</Coordinates>
		</Annotation>
	</Annotations>
	<AnnotationGroups>
		<Group Name="metastases" PartOfGroup="None" Color="#ff0000">
			<Attributes />
		</Group>
	</AnnotationGroups>
</ASAP_Annotations>
