<?xml version="1.0"?>
<ASAP_Annotations>
	<Annotations>
		<Annotation Name="Annotation 0" Type="Polygon" PartOfGroup="metastases" Color="#F4FA58">
			<Coordinates>
				<Coordinate Order="0" X="77822.4" Y="91617.7" />
				<Coordinate Order="1" X="77801.8" Y="91628" />
				<Coordinate Order="2" X="77791.5" Y="91648.6" />
				<Coordinate Order="3" X="77789.8" Y="91671.5" />
				<Coordinate Order="4" X="77796.6" Y="91693.9" />
				<Coordinate Order="5" X="77816.1" Y="91706.5" />
				<Coordinate Order="6" X="77832.7" Y="91701.3" />
				<Coordinate Order="7" X="77852.8" Y="91697.9" />
				<Coordinate Order="8" X="77870.5" Y="91691.6" />
				<Coordinate Order="9" X="77877.4" Y="91676.1" />
				<Coordinate Order="10" X="77883.1" Y="91654.9" />
				<Coordinate Order="11" X="77870.5" Y="91634.9" />
				<Coordinate Order="12" X="77849.9" Y="91624" />
			</Coordinates>
		</Annotation>
		<Annotation Name="Annotation 1" Type="Polygon" PartOfGroup="metastases" Color="#F4FA58">
			<Coordinates>
				<Coordinate Order="0" X="77617.8" Y="91867.6" />
				<Coordinate Order="1" X="77592.6" Y="91870.6" />
				<Coordinate Order="2" X="77571" Y="91882.6" />
				<Coordinate Order="3" X="77565.6" Y="91888" />
				<Coordinate Order="4" X="77542.8" Y="91897" />
				<Coordinate Order="5" X="77530.1" Y="91918" />
				<Coordinate Order="6" X="77549.4" Y="91915.6" />
				<Coordinate Order="7" X="77574.6" Y="91916.2" />
				<Coordinate Order="8" X="77596.8" Y="91925.8" />
				<Coordinate Order="9" X="77621.4" Y="91929.4" />
				<Coordinate Order="10" X="77645.4" Y="91934.2" />
				<Coordinate Order="11" X="77677.2" Y="91929.4" />
				<Coordinate Order="12" X="77690.4" Y="91908.4" />
				<Coordinate Order="13" X="77696.4" Y="91883.8" />
				<Coordinate Order="14" X="77685.6" Y="91870.6" />
			</Coordinates>
		</Annotation>
		<Annotation Name="Annotation 2" Type="Polygon" PartOfGroup="metastases" Color="#F4FA58">
			<Coordinates>
				<Coordinate Order="0" X="67537.9" Y="87828.3" />
				<Coordinate Order="1" X="67516.5" Y="87849" />
				<Coordinate Order="2" X="67510.8" Y="87878.4" />
				<Coordinate Order="3" X="67503.6" Y="87906.9" />
				<Coordinate Order="4" X="67502.9" Y="87935.5" />
				<Coordinate Order="5" X="67520.8" Y="87959.1" />
				<Coordinate Order="6" X="67545.1" Y="87977" />
				<Coordinate Order="7" X="67575.8" Y="87974.1" />
				<Coordinate Order="8" X="67597.3" Y="87954.1" />
				<Coordinate Order="9" X="67612.3" Y="87929.1" />
				<Coordinate Order="10" X="67603" Y="87901.2" />
				<Coordinate Order="11" X="67589.4" Y="87875.5" />
				<Coordinate Order="12" X="67576.5" Y="87849" />
			</Coordinates>
		</Annotation>
		<Annotation Name="Annotation 3" Type="Polygon" PartOfGroup="metastases" Color="#F4FA58">
			<Coordinates>
				<Coordinate Order="0" X="67101.7" Y="88240.1" />
				<Coordinate Order="1" X="67095.5" Y="88244.9" />
				<Coordinate Order="2" X="67098.9" Y="88261.5" />
				<Coordinate Order="3" X="67112" Y="88269.8" />
				<Coordinate Order="4" X="67121" Y="88258" />
			</Coordinates>
		</Annotation>
		<Annotation Name="Annotation 4" Type="Polygon" PartOfGroup="metastases" Color="#F4FA58">
			<Coordinates>
				<Coordinate Order="0" X="60027.7" Y="87710.9" />
				<Coordinate Order="1" X="59995.5" Y="87725.3" />
				<Coordinate Order="2" X="59964.2" Y="87751.2" />
				<Coordinate Order="3" X="59979.4" Y="87787.9" />
				<Coordinate Order="4" X="60001.8" Y="87773.6" />
				<Coordinate Order="5" X="60020.6" Y="87781.6" />
				<Coordinate Order="6" X="60035.8" Y="87791.5" />
				<Coordinate Order="7" X="60040.3" Y="87766.4" />
				<Coordinate Order="8" X="60061.7" Y="87777.2" />
				<Coordinate Order="9" X="60078.7" Y="87778.1" />
				<Coordinate Order="10" X="60107.4" Y="87754.8" />
				<Coordinate Order="11" X="60108.3" Y="87727" />
				<Coordinate Order="12" X="60061.7" Y="87736.9" />
				<Coordinate Order="13" X="60052.8" Y="87714.5" />
			</Coordinates>
		</Annotation>
	</Annotations>
	<AnnotationGroups>
		<Group Name="metastases" PartOfGroup="None" Color="#ff0000">
			<Attributes />
		</Group>
	</AnnotationGroups>
</ASAP_Annotations>
