<?xml version="1.0"?>
<ASAP_Annotations>
	<Annotations>
		<Annotation Name="Annotation 5" Type="Polygon" PartOfGroup="metastases" Color="#F4FA58">
			<Coordinates>
				<Coordinate Order="0" X="45226.8" Y="149112" />
				<Coordinate Order="1" X="45147.2" Y="149154" />
				<Coordinate Order="2" X="45067.7" Y="149196" />
				<Coordinate Order="3" X="44985.9" Y="149236" />
				<Coordinate Order="4" X="44899.7" Y="149260" />
				<Coordinate Order="5" X="44811.3" Y="149273" />
				<Coordinate Order="6" X="44727.4" Y="149311" />
				<Coordinate Order="7" X="44641.2" Y="149339" />
				<Coordinate Order="8" X="44552.8" Y="149337" />
				<Coordinate Order="9" X="44466.6" Y="149313" />
				<Coordinate Order="10" X="44376" Y="149306" />
				<Coordinate Order="11" X="44311.9" Y="149373" />
				<Coordinate Order="12" X="44227.9" Y="149410" />
				<Coordinate Order="13" X="44137.3" Y="149430" />
				<Coordinate Order="14" X="44046.7" Y="149406" />
				<Coordinate Order="15" X="43958.3" Y="149395" />
				<Coordinate Order="16" X="43878.8" Y="149439" />
				<Coordinate Order="17" X="43850" Y="149549" />
				<Coordinate Order="18" X="43847.8" Y="149640" />
				<Coordinate Order="19" X="43843.4" Y="149731" />
				<Coordinate Order="20" X="43830.2" Y="149711" />
				<Coordinate Order="21" X="43768.3" Y="149644" />
				<Coordinate Order="22" X="43682.1" Y="149609" />
				<Coordinate Order="23" X="43593.7" Y="149605" />
				<Coordinate Order="24" X="43536.2" Y="149675" />
				<Coordinate Order="25" X="43518.6" Y="149768" />
				<Coordinate Order="26" X="43545.1" Y="149854" />
				<Coordinate Order="27" X="43578.2" Y="149941" />
				<Coordinate Order="28" X="43615.8" Y="150022" />
				<Coordinate Order="29" X="43651.2" Y="150104" />
				<Coordinate Order="30" X="43739.6" Y="150126" />
				<Coordinate Order="31" X="43810.3" Y="150069" />
				<Coordinate Order="32" X="43814.7" Y="150005" />
				<Coordinate Order="33" X="43907.5" Y="150124" />
				<Coordinate Order="34" X="44009.2" Y="150104" />
				<Coordinate Order="35" X="44037.9" Y="150058" />
				<Coordinate Order="36" X="44004.7" Y="150142" />
				<Coordinate Order="37" X="43987.1" Y="150234" />
				<Coordinate Order="38" X="43984.8" Y="150327" />
				<Coordinate Order="39" X="43936.2" Y="150402" />
				<Coordinate Order="40" X="43839" Y="150442" />
				<Coordinate Order="41" X="43748.4" Y="150442" />
				<Coordinate Order="42" X="43755" Y="150354" />
				<Coordinate Order="43" X="43686.5" Y="150296" />
				<Coordinate Order="44" X="43657.8" Y="150210" />
				<Coordinate Order="45" X="43640.1" Y="150120" />
				<Coordinate Order="46" X="43602.5" Y="150038" />
				<Coordinate Order="47" X="43520.8" Y="149991" />
				<Coordinate Order="48" X="43430.2" Y="150005" />
				<Coordinate Order="49" X="43363.9" Y="150071" />
				<Coordinate Order="50" X="43330.7" Y="150155" />
				<Coordinate Order="51" X="43306.4" Y="150241" />
				<Coordinate Order="52" X="43346.2" Y="150323" />
				<Coordinate Order="53" X="43408.1" Y="150387" />
				<Coordinate Order="54" X="43498.7" Y="150398" />
				<Coordinate Order="55" X="43560.6" Y="150427" />
				<Coordinate Order="56" X="43494.3" Y="150486" />
				<Coordinate Order="57" X="43405.9" Y="150478" />
				<Coordinate Order="58" X="43332.9" Y="150424" />
				<Coordinate Order="59" X="43251.2" Y="150380" />
				<Coordinate Order="60" X="43167.2" Y="150343" />
				<Coordinate Order="61" X="43094.3" Y="150292" />
				<Coordinate Order="62" X="43030.2" Y="150230" />
				<Coordinate Order="63" X="42928.5" Y="150184" />
				<Coordinate Order="64" X="42840.1" Y="150170" />
				<Coordinate Order="65" X="42758.4" Y="150206" />
				<Coordinate Order="66" X="42694.3" Y="150272" />
				<Coordinate Order="67" X="42670" Y="150358" />
				<Coordinate Order="68" X="42723" Y="150431" />
				<Coordinate Order="69" X="42780.5" Y="150500" />
				<Coordinate Order="70" X="42840.1" Y="150566" />
				<Coordinate Order="71" X="42804.8" Y="150650" />
				<Coordinate Order="72" X="42716.4" Y="150639" />
				<Coordinate Order="73" X="42639" Y="150683" />
				<Coordinate Order="74" X="42561.7" Y="150639" />
				<Coordinate Order="75" X="42539.6" Y="150546" />
				<Coordinate Order="76" X="42513.1" Y="150458" />
				<Coordinate Order="77" X="42420.3" Y="150455" />
				<Coordinate Order="78" X="42327.5" Y="150458" />
				<Coordinate Order="79" X="42254.5" Y="150405" />
				<Coordinate Order="80" X="42181.6" Y="150458" />
				<Coordinate Order="81" X="42212.5" Y="150548" />
				<Coordinate Order="82" X="42256.7" Y="150630" />
				<Coordinate Order="83" X="42300.9" Y="150707" />
				<Coordinate Order="84" X="42356.2" Y="150785" />
				<Coordinate Order="85" X="42400.4" Y="150869" />
				<Coordinate Order="86" X="42429.1" Y="150959" />
				<Coordinate Order="87" X="42424.7" Y="151048" />
				<Coordinate Order="88" X="42373.9" Y="151121" />
				<Coordinate Order="89" X="42340.7" Y="151205" />
				<Coordinate Order="90" X="42261.2" Y="151205" />
				<Coordinate Order="91" X="42239.1" Y="151116" />
				<Coordinate Order="92" X="42225.8" Y="151023" />
				<Coordinate Order="93" X="42177.2" Y="150946" />
				<Coordinate Order="94" X="42108.7" Y="150889" />
				<Coordinate Order="95" X="42007" Y="150891" />
				<Coordinate Order="96" X="41918.6" Y="150915" />
				<Coordinate Order="97" X="41861.2" Y="150986" />
				<Coordinate Order="98" X="41797.1" Y="151048" />
				<Coordinate Order="99" X="41739.6" Y="151116" />
				<Coordinate Order="100" X="41744.1" Y="151114" />
				<Coordinate Order="101" X="41677.8" Y="151178" />
				<Coordinate Order="102" X="41591.6" Y="151202" />
				<Coordinate Order="103" X="41501" Y="151211" />
				<Coordinate Order="104" X="41465.6" Y="151129" />
				<Coordinate Order="105" X="41492.1" Y="151037" />
				<Coordinate Order="106" X="41492.1" Y="150946" />
				<Coordinate Order="107" X="41456.8" Y="150864" />
				<Coordinate Order="108" X="41397.1" Y="150798" />
				<Coordinate Order="109" X="41308.7" Y="150774" />
				<Coordinate Order="110" X="41231.4" Y="150824" />
				<Coordinate Order="111" X="41218.1" Y="150915" />
				<Coordinate Order="112" X="41215.9" Y="151010" />
				<Coordinate Order="113" X="41198.2" Y="151098" />
				<Coordinate Order="114" X="41173.9" Y="151134" />
				<Coordinate Order="115" X="41149.6" Y="151045" />
				<Coordinate Order="116" X="41065.6" Y="151017" />
				<Coordinate Order="117" X="41039.1" Y="151103" />
				<Coordinate Order="118" X="41012.6" Y="151189" />
				<Coordinate Order="119" X="41021.4" Y="151277" />
				<Coordinate Order="120" X="41072.3" Y="151353" />
				<Coordinate Order="121" X="41021.4" Y="151426" />
				<Coordinate Order="122" X="40986.1" Y="151510" />
				<Coordinate Order="123" X="40950.7" Y="151596" />
				<Coordinate Order="124" X="40904.3" Y="151673" />
				<Coordinate Order="125" X="40930.8" Y="151759" />
				<Coordinate Order="126" X="40945.4" Y="151855" />
				<Coordinate Order="127" X="40977.5" Y="151938" />
				<Coordinate Order="128" X="41005.6" Y="152016" />
				<Coordinate Order="129" X="41019.7" Y="152098" />
				<Coordinate Order="130" X="41009.6" Y="152179" />
				<Coordinate Order="131" X="41005.6" Y="152267" />
				<Coordinate Order="132" X="41025.7" Y="152349" />
				<Coordinate Order="133" X="41053.8" Y="152426" />
				<Coordinate Order="134" X="41106" Y="152490" />
				<Coordinate Order="135" X="41172.3" Y="152538" />
				<Coordinate Order="136" X="41232.5" Y="152600" />
				<Coordinate Order="137" X="41250.6" Y="152588" />
				<Coordinate Order="138" X="41302.8" Y="152653" />
				<Coordinate Order="139" X="41332.9" Y="152729" />
				<Coordinate Order="140" X="41369.1" Y="152809" />
				<Coordinate Order="141" X="41421.3" Y="152880" />
				<Coordinate Order="142" X="41467.5" Y="152948" />
				<Coordinate Order="143" X="41527.7" Y="153004" />
				<Coordinate Order="144" X="41584" Y="153062" />
				<Coordinate Order="145" X="41644.2" Y="153131" />
				<Coordinate Order="146" X="41702.4" Y="153191" />
				<Coordinate Order="147" X="41766.7" Y="153247" />
				<Coordinate Order="148" X="41829" Y="153301" />
				<Coordinate Order="149" X="41891.2" Y="153355" />
				<Coordinate Order="150" X="41961.5" Y="153402" />
				<Coordinate Order="151" X="42039.8" Y="153432" />
				<Coordinate Order="152" X="42114.1" Y="153472" />
				<Coordinate Order="153" X="42182.4" Y="153518" />
				<Coordinate Order="154" X="42254.7" Y="153556" />
				<Coordinate Order="155" X="42284.8" Y="153582" />
				<Coordinate Order="156" X="42361.1" Y="153631" />
				<Coordinate Order="157" X="42433.4" Y="153667" />
				<Coordinate Order="158" X="42505.7" Y="153713" />
				<Coordinate Order="159" X="42572" Y="153763" />
				<Coordinate Order="160" X="42636.2" Y="153813" />
				<Coordinate Order="161" X="42704.5" Y="153859" />
				<Coordinate Order="162" X="42770.8" Y="153916" />
				<Coordinate Order="163" X="42843" Y="153970" />
				<Coordinate Order="164" X="42911.3" Y="154014" />
				<Coordinate Order="165" X="42983.6" Y="154056" />
				<Coordinate Order="166" X="43063.9" Y="154074" />
				<Coordinate Order="167" X="43144.3" Y="154070" />
				<Coordinate Order="168" X="43238.6" Y="154016" />
				<Coordinate Order="169" X="43298.9" Y="153962" />
				<Coordinate Order="170" X="43369.2" Y="153916" />
				<Coordinate Order="171" X="43437.4" Y="153872" />
				<Coordinate Order="172" X="43499.7" Y="153813" />
				<Coordinate Order="173" X="43572" Y="153753" />
				<Coordinate Order="174" X="43638.3" Y="153705" />
				<Coordinate Order="175" X="43688.5" Y="153641" />
				<Coordinate Order="176" X="43700.5" Y="153560" />
				<Coordinate Order="177" X="43682.4" Y="153482" />
				<Coordinate Order="178" X="43662.4" Y="153402" />
				<Coordinate Order="179" X="43652.3" Y="153319" />
				<Coordinate Order="180" X="43638.3" Y="153279" />
				<Coordinate Order="181" X="43614.2" Y="153195" />
				<Coordinate Order="182" X="43604.1" Y="153108" />
				<Coordinate Order="183" X="43598.1" Y="153028" />
				<Coordinate Order="184" X="43594.1" Y="152946" />
				<Coordinate Order="185" X="43604.1" Y="152865" />
				<Coordinate Order="186" X="43684.4" Y="152875" />
				<Coordinate Order="187" X="43760.8" Y="152847" />
				<Coordinate Order="188" X="43788.9" Y="152771" />
				<Coordinate Order="189" X="43835.1" Y="152799" />
				<Coordinate Order="190" X="43823" Y="152882" />
				<Coordinate Order="191" X="43811" Y="152966" />
				<Coordinate Order="192" X="43815" Y="153046" />
				<Coordinate Order="193" X="43845.1" Y="153124" />
				<Coordinate Order="194" X="43881.2" Y="153199" />
				<Coordinate Order="195" X="43911.4" Y="153275" />
				<Coordinate Order="196" X="43937.5" Y="153353" />
				<Coordinate Order="197" X="43949.5" Y="153434" />
				<Coordinate Order="198" X="43939.5" Y="153520" />
				<Coordinate Order="199" X="43915.4" Y="153606" />
				<Coordinate Order="200" X="43895.3" Y="153689" />
				<Coordinate Order="201" X="43887.3" Y="153769" />
				<Coordinate Order="202" X="43863.2" Y="153799" />
				<Coordinate Order="203" X="43831" Y="153876" />
				<Coordinate Order="204" X="43815" Y="153960" />
				<Coordinate Order="205" X="43808.9" Y="154042" />
				<Coordinate Order="206" X="43827" Y="154123" />
				<Coordinate Order="207" X="43863.2" Y="154195" />
				<Coordinate Order="208" X="43915.4" Y="154257" />
				<Coordinate Order="209" X="43951.5" Y="154329" />
				<Coordinate Order="210" X="44031.8" Y="154337" />
				<Coordinate Order="211" X="44112.2" Y="154327" />
				<Coordinate Order="212" X="44194.5" Y="154335" />
				<Coordinate Order="213" X="44252.7" Y="154396" />
				<Coordinate Order="214" X="44278.8" Y="154472" />
				<Coordinate Order="215" X="44286.9" Y="154502" />
				<Coordinate Order="216" X="44353.1" Y="154556" />
				<Coordinate Order="217" X="44417.4" Y="154610" />
				<Coordinate Order="218" X="44487.7" Y="154663" />
				<Coordinate Order="219" X="44560" Y="154715" />
				<Coordinate Order="220" X="44632.3" Y="154765" />
				<Coordinate Order="221" X="44700.6" Y="154817" />
				<Coordinate Order="222" X="44758.8" Y="154874" />
				<Coordinate Order="223" X="44815" Y="154936" />
				<Coordinate Order="224" X="44869.2" Y="154996" />
				<Coordinate Order="225" X="44929.5" Y="155052" />
				<Coordinate Order="226" X="44967.6" Y="155054" />
				<Coordinate Order="227" X="45045.9" Y="155080" />
				<Coordinate Order="228" X="45114.2" Y="155125" />
				<Coordinate Order="229" X="45168.4" Y="155185" />
				<Coordinate Order="230" X="45242.7" Y="155225" />
				<Coordinate Order="231" X="45301" Y="155293" />
				<Coordinate Order="232" X="45353.2" Y="155356" />
				<Coordinate Order="233" X="45407.4" Y="155416" />
				<Coordinate Order="234" X="45461.6" Y="155478" />
				<Coordinate Order="235" X="45521.9" Y="155534" />
				<Coordinate Order="236" X="45584.1" Y="155590" />
				<Coordinate Order="237" X="45636.3" Y="155657" />
				<Coordinate Order="238" X="45686.5" Y="155721" />
				<Coordinate Order="239" X="45734.7" Y="155787" />
				<Coordinate Order="240" X="45784.9" Y="155854" />
				<Coordinate Order="241" X="45821.1" Y="155926" />
				<Coordinate Order="242" X="45871.3" Y="155990" />
				<Coordinate Order="243" X="45935.5" Y="156050" />
				<Coordinate Order="244" X="46009.8" Y="156084" />
				<Coordinate Order="245" X="46092.2" Y="156088" />
				<Coordinate Order="246" X="46160.4" Y="156040" />
				<Coordinate Order="247" X="46198.6" Y="155968" />
				<Coordinate Order="248" X="46250.8" Y="155902" />
				<Coordinate Order="249" X="46274.9" Y="155819" />
				<Coordinate Order="250" X="46272.9" Y="155737" />
				<Coordinate Order="251" X="46248.8" Y="155659" />
				<Coordinate Order="252" X="46180.5" Y="155613" />
				<Coordinate Order="253" X="46100.2" Y="155617" />
				<Coordinate Order="254" X="46015.9" Y="155594" />
				<Coordinate Order="255" X="45981.7" Y="155518" />
				<Coordinate Order="256" X="45971.7" Y="155438" />
				<Coordinate Order="257" X="45915.5" Y="155345" />
				<Coordinate Order="258" X="45999.8" Y="155333" />
				<Coordinate Order="259" X="46088.2" Y="155366" />
				<Coordinate Order="260" X="46170.5" Y="155390" />
				<Coordinate Order="261" X="46250.8" Y="155394" />
				<Coordinate Order="262" X="46272.9" Y="155392" />
				<Coordinate Order="263" X="46335.2" Y="155339" />
				<Coordinate Order="264" X="46409.5" Y="155295" />
				<Coordinate Order="265" X="46477.7" Y="155249" />
				<Coordinate Order="266" X="46519.9" Y="155177" />
				<Coordinate Order="267" X="46521.9" Y="155096" />
				<Coordinate Order="268" X="46534" Y="155012" />
				<Coordinate Order="269" X="46544" Y="154932" />
				<Coordinate Order="270" X="46546" Y="154849" />
				<Coordinate Order="271" X="46542" Y="154769" />
				<Coordinate Order="272" X="46536" Y="154689" />
				<Coordinate Order="273" X="46590.2" Y="154629" />
				<Coordinate Order="274" X="46694.6" Y="154649" />
				<Coordinate Order="275" X="46734.8" Y="154576" />
				<Coordinate Order="276" X="46787" Y="154512" />
				<Coordinate Order="277" X="46809.1" Y="154434" />
				<Coordinate Order="278" X="46815.1" Y="154349" />
				<Coordinate Order="279" X="46789" Y="154283" />
				<Coordinate Order="280" X="46754.8" Y="154209" />
				<Coordinate Order="281" X="46656.4" Y="154195" />
				<Coordinate Order="282" X="46598.2" Y="154239" />
				<Coordinate Order="283" X="46624.3" Y="154135" />
				<Coordinate Order="284" X="46752.8" Y="154143" />
				<Coordinate Order="285" X="46799" Y="154074" />
				<Coordinate Order="286" X="46821.1" Y="153994" />
				<Coordinate Order="287" X="46853.2" Y="153920" />
				<Coordinate Order="288" X="46925.5" Y="153884" />
				<Coordinate Order="289" X="46985.8" Y="153827" />
				<Coordinate Order="290" X="47001.8" Y="153747" />
				<Coordinate Order="291" X="47003.9" Y="153667" />
				<Coordinate Order="292" X="46995.8" Y="153576" />
				<Coordinate Order="293" X="46989.8" Y="153494" />
				<Coordinate Order="294" X="46967.7" Y="153416" />
				<Coordinate Order="295" X="46953.7" Y="153335" />
				<Coordinate Order="296" X="46941.6" Y="153255" />
				<Coordinate Order="297" X="46923.5" Y="153175" />
				<Coordinate Order="298" X="46913.5" Y="153086" />
				<Coordinate Order="299" X="46899.4" Y="153006" />
				<Coordinate Order="300" X="46889.4" Y="152926" />
				<Coordinate Order="301" X="46877.3" Y="152845" />
				<Coordinate Order="302" X="46857.3" Y="152761" />
				<Coordinate Order="303" X="46827.1" Y="152685" />
				<Coordinate Order="304" X="46793" Y="152643" />
				<Coordinate Order="305" X="46841.2" Y="152574" />
				<Coordinate Order="306" X="46891.4" Y="152510" />
				<Coordinate Order="307" X="46943.6" Y="152438" />
				<Coordinate Order="308" X="46971.7" Y="152359" />
				<Coordinate Order="309" X="46981.8" Y="152279" />
				<Coordinate Order="310" X="46963.7" Y="152199" />
				<Coordinate Order="311" X="46949.6" Y="152181" />
				<Coordinate Order="312" X="46957.7" Y="152098" />
				<Coordinate Order="313" X="46905.5" Y="152034" />
				<Coordinate Order="314" X="46845.2" Y="151970" />
				<Coordinate Order="315" X="46813.1" Y="151892" />
				<Coordinate Order="316" X="46863.3" Y="151823" />
				<Coordinate Order="317" X="46891.4" Y="151747" />
				<Coordinate Order="318" X="46881.4" Y="151667" />
				<Coordinate Order="319" X="46847.2" Y="151592" />
				<Coordinate Order="320" X="46781" Y="151546" />
				<Coordinate Order="321" X="46716.7" Y="151494" />
				<Coordinate Order="322" X="46638.4" Y="151460" />
				<Coordinate Order="323" X="46548" Y="151456" />
				<Coordinate Order="324" X="46479.7" Y="151504" />
				<Coordinate Order="325" X="46397.4" Y="151508" />
				<Coordinate Order="326" X="46317.1" Y="151494" />
				<Coordinate Order="327" X="46240.8" Y="151462" />
				<Coordinate Order="328" X="46156.4" Y="151478" />
				<Coordinate Order="329" X="46076.1" Y="151484" />
				<Coordinate Order="330" X="45993.8" Y="151496" />
				<Coordinate Order="331" X="45911.4" Y="151514" />
				<Coordinate Order="332" X="45835.1" Y="151540" />
				<Coordinate Order="333" X="45752.8" Y="151558" />
				<Coordinate Order="334" X="45742.8" Y="151524" />
				<Coordinate Order="335" X="45690.6" Y="151462" />
				<Coordinate Order="336" X="45612.2" Y="151420" />
				<Coordinate Order="337" X="45533.9" Y="151394" />
				<Coordinate Order="338" X="45493.8" Y="151323" />
				<Coordinate Order="339" X="45435.5" Y="151263" />
				<Coordinate Order="340" X="45363.2" Y="151227" />
				<Coordinate Order="341" X="45311" Y="151181" />
				<Coordinate Order="342" X="45264.8" Y="151110" />
				<Coordinate Order="343" X="45234.7" Y="151032" />
				<Coordinate Order="344" X="45202.6" Y="150956" />
				<Coordinate Order="345" X="45172.5" Y="150877" />
				<Coordinate Order="346" X="45136.3" Y="150801" />
				<Coordinate Order="347" X="45134.3" Y="150719" />
				<Coordinate Order="348" X="45186.5" Y="150657" />
				<Coordinate Order="349" X="45230.7" Y="150588" />
				<Coordinate Order="350" X="45270.9" Y="150516" />
				<Coordinate Order="351" X="45290.9" Y="150434" />
				<Coordinate Order="352" X="45297" Y="150351" />
				<Coordinate Order="353" X="45307" Y="150269" />
				<Coordinate Order="354" X="45282.9" Y="150229" />
				<Coordinate Order="355" X="45292.9" Y="150146" />
				<Coordinate Order="356" X="45349.2" Y="150084" />
				<Coordinate Order="357" X="45369.3" Y="150004" />
				<Coordinate Order="358" X="45403.4" Y="149930" />
				<Coordinate Order="359" X="45419.5" Y="149849" />
				<Coordinate Order="360" X="45383.3" Y="149775" />
				<Coordinate Order="361" X="45315" Y="149731" />
				<Coordinate Order="362" X="45240.7" Y="149564" />
				<Coordinate Order="363" X="45297" Y="149596" />
				<Coordinate Order="364" X="45371.3" Y="149628" />
				<Coordinate Order="365" X="45453.6" Y="149628" />
				<Coordinate Order="366" X="45521.9" Y="149582" />
				<Coordinate Order="367" X="45568.1" Y="149514" />
				<Coordinate Order="368" X="45596.2" Y="149438" />
				<Coordinate Order="369" X="45570.1" Y="149357" />
				<Coordinate Order="370" X="45525.9" Y="149287" />
				<Coordinate Order="371" X="45493.8" Y="149211" />
				<Coordinate Order="372" X="45425.5" Y="149142" />
				<Coordinate Order="373" X="45319" Y="149100" />
				<Coordinate Order="374" X="45270.9" Y="149106" />
			</Coordinates>
		</Annotation>
		<Annotation Name="Annotation 7" Type="Polygon" PartOfGroup="metastases" Color="#F4FA58">
			<Coordinates>
				<Coordinate Order="0" X="45678.5" Y="149910" />
				<Coordinate Order="1" X="45760.8" Y="149918" />
				<Coordinate Order="2" X="45835.1" Y="149950" />
				<Coordinate Order="3" X="45871.3" Y="150024" />
				<Coordinate Order="4" X="45885.3" Y="150104" />
				<Coordinate Order="5" X="45855.2" Y="150181" />
				<Coordinate Order="6" X="45805" Y="150245" />
				<Coordinate Order="7" X="45726.7" Y="150263" />
				<Coordinate Order="8" X="45648.4" Y="150245" />
				<Coordinate Order="9" X="45578.1" Y="150199" />
				<Coordinate Order="10" X="45548" Y="150122" />
				<Coordinate Order="11" X="45564" Y="150042" />
				<Coordinate Order="12" X="45594.2" Y="149966" />
				<Coordinate Order="13" X="45634.3" Y="149914" />
			</Coordinates>
		</Annotation>
		<Annotation Name="Annotation 8" Type="Polygon" PartOfGroup="metastases" Color="#F4FA58">
			<Coordinates>
				<Coordinate Order="0" X="45511.8" Y="150187" />
				<Coordinate Order="1" X="45485.7" Y="150209" />
				<Coordinate Order="2" X="45489.7" Y="150279" />
				<Coordinate Order="3" X="45517.9" Y="150289" />
				<Coordinate Order="4" X="45568.1" Y="150245" />
				<Coordinate Order="5" X="45554" Y="150197" />
			</Coordinates>
		</Annotation>
		<Annotation Name="Annotation 9" Type="Polygon" PartOfGroup="metastases" Color="#F4FA58">
			<Coordinates>
				<Coordinate Order="0" X="46218.7" Y="149875" />
				<Coordinate Order="1" X="46162.5" Y="149936" />
				<Coordinate Order="2" X="46152.4" Y="150016" />
				<Coordinate Order="3" X="46168.5" Y="150096" />
				<Coordinate Order="4" X="46194.6" Y="150175" />
				<Coordinate Order="5" X="46226.7" Y="150249" />
				<Coordinate Order="6" X="46282.9" Y="150309" />
				<Coordinate Order="7" X="46363.3" Y="150315" />
				<Coordinate Order="8" X="46441.6" Y="150289" />
				<Coordinate Order="9" X="46489.8" Y="150223" />
				<Coordinate Order="10" X="46497.8" Y="150142" />
				<Coordinate Order="11" X="46477.7" Y="150064" />
				<Coordinate Order="12" X="46429.5" Y="149998" />
				<Coordinate Order="13" X="46379.3" Y="149932" />
				<Coordinate Order="14" X="46309" Y="149889" />
				<Coordinate Order="15" X="46284.9" Y="149885" />
			</Coordinates>
		</Annotation>
		<Annotation Name="Annotation 10" Type="Polygon" PartOfGroup="metastases" Color="#F4FA58">
			<Coordinates>
				<Coordinate Order="0" X="46351.2" Y="150918" />
				<Coordinate Order="1" X="46276.9" Y="150954" />
				<Coordinate Order="2" X="46200.6" Y="150980" />
				<Coordinate Order="3" X="46154.4" Y="151052" />
				<Coordinate Order="4" X="46148.4" Y="151136" />
				<Coordinate Order="5" X="46198.6" Y="151203" />
				<Coordinate Order="6" X="46226.7" Y="151279" />
				<Coordinate Order="7" X="46293" Y="151329" />
				<Coordinate Order="8" X="46367.3" Y="151361" />
				<Coordinate Order="9" X="46421.5" Y="151363" />
				<Coordinate Order="10" X="46477.7" Y="151305" />
				<Coordinate Order="11" X="46489.8" Y="151225" />
				<Coordinate Order="12" X="46419.5" Y="151183" />
				<Coordinate Order="13" X="46421.5" Y="151102" />
				<Coordinate Order="14" X="46455.6" Y="151028" />
				<Coordinate Order="15" X="46423.5" Y="150954" />
				<Coordinate Order="16" X="46413.5" Y="150946" />
			</Coordinates>
		</Annotation>
		<Annotation Name="Annotation 11" Type="Polygon" PartOfGroup="metastases" Color="#F4FA58">
			<Coordinates>
				<Coordinate Order="0" X="45359.2" Y="150895" />
				<Coordinate Order="1" X="45315" Y="150964" />
				<Coordinate Order="2" X="45299" Y="151044" />
				<Coordinate Order="3" X="45311" Y="151124" />
				<Coordinate Order="4" X="45383.3" Y="151175" />
				<Coordinate Order="5" X="45465.6" Y="151181" />
				<Coordinate Order="6" X="45535.9" Y="151140" />
				<Coordinate Order="7" X="45556" Y="151060" />
				<Coordinate Order="8" X="45541.9" Y="150980" />
				<Coordinate Order="9" X="45489.7" Y="150916" />
				<Coordinate Order="10" X="45413.4" Y="150883" />
				<Coordinate Order="11" X="45401.4" Y="150881" />
			</Coordinates>
		</Annotation>
		<Annotation Name="Annotation 12" Type="Polygon" PartOfGroup="metastases" Color="#F4FA58">
			<Coordinates>
				<Coordinate Order="0" X="50465.3" Y="150190" />
				<Coordinate Order="1" X="50381.5" Y="150265" />
				<Coordinate Order="2" X="50286.6" Y="150332" />
				<Coordinate Order="3" X="50219.6" Y="150435" />
				<Coordinate Order="4" X="50169.3" Y="150541" />
				<Coordinate Order="5" X="50088.3" Y="150628" />
				<Coordinate Order="6" X="50001.7" Y="150703" />
				<Coordinate Order="7" X="49940.3" Y="150807" />
				<Coordinate Order="8" X="49884.5" Y="150907" />
				<Coordinate Order="9" X="49828.6" Y="151011" />
				<Coordinate Order="10" X="49783.9" Y="151114" />
				<Coordinate Order="11" X="49730.9" Y="151217" />
				<Coordinate Order="12" X="49689" Y="151323" />
				<Coordinate Order="13" X="49655.5" Y="151432" />
				<Coordinate Order="14" X="49613.6" Y="151538" />
				<Coordinate Order="15" X="49563.3" Y="151647" />
				<Coordinate Order="16" X="49549.4" Y="151762" />
				<Coordinate Order="17" X="49513.1" Y="151871" />
				<Coordinate Order="18" X="49468.4" Y="151977" />
				<Coordinate Order="19" X="49423.7" Y="152086" />
				<Coordinate Order="20" X="49406.9" Y="152200" />
				<Coordinate Order="21" X="49393" Y="152270" />
				<Coordinate Order="22" X="49429.3" Y="152379" />
				<Coordinate Order="23" X="49471.2" Y="152485" />
				<Coordinate Order="24" X="49412.5" Y="152583" />
				<Coordinate Order="25" X="49328.8" Y="152661" />
				<Coordinate Order="26" X="49214.3" Y="152633" />
				<Coordinate Order="27" X="49147.2" Y="152541" />
				<Coordinate Order="28" X="49021.6" Y="152504" />
				<Coordinate Order="29" X="48909.9" Y="152530" />
				<Coordinate Order="30" X="48834.5" Y="152613" />
				<Coordinate Order="31" X="48820.5" Y="152728" />
				<Coordinate Order="32" X="48770.3" Y="152828" />
				<Coordinate Order="33" X="48767.5" Y="152940" />
				<Coordinate Order="34" X="48795.4" Y="153052" />
				<Coordinate Order="35" X="48809.4" Y="153166" />
				<Coordinate Order="36" X="48828.9" Y="153278" />
				<Coordinate Order="37" X="48865.2" Y="153390" />
				<Coordinate Order="38" X="48912.7" Y="153493" />
				<Coordinate Order="39" X="48979.7" Y="153588" />
				<Coordinate Order="40" X="49035.5" Y="153686" />
				<Coordinate Order="41" X="49077.4" Y="153795" />
				<Coordinate Order="42" X="49108.2" Y="153903" />
				<Coordinate Order="43" X="49105.4" Y="154004" />
				<Coordinate Order="44" X="49127.7" Y="154116" />
				<Coordinate Order="45" X="49197.5" Y="154205" />
				<Coordinate Order="46" X="49306.4" Y="154230" />
				<Coordinate Order="47" X="49398.6" Y="154155" />
				<Coordinate Order="48" X="49485.1" Y="154079" />
				<Coordinate Order="49" X="49574.5" Y="154010" />
				<Coordinate Order="50" X="49663.9" Y="153937" />
				<Coordinate Order="51" X="49742" Y="153856" />
				<Coordinate Order="52" X="49783.9" Y="153750" />
				<Coordinate Order="53" X="49825.8" Y="153644" />
				<Coordinate Order="54" X="49904" Y="153630" />
				<Coordinate Order="55" X="49987.8" Y="153708" />
				<Coordinate Order="56" X="50060.4" Y="153795" />
				<Coordinate Order="57" X="50077.1" Y="153906" />
				<Coordinate Order="58" X="50046.4" Y="154018" />
				<Coordinate Order="59" X="49990.6" Y="154121" />
				<Coordinate Order="60" X="49940.3" Y="154222" />
				<Coordinate Order="61" X="49873.3" Y="154325" />
				<Coordinate Order="62" X="49814.6" Y="154428" />
				<Coordinate Order="63" X="49722.5" Y="154507" />
				<Coordinate Order="64" X="49622" Y="154557" />
				<Coordinate Order="65" X="49518.6" Y="154610" />
				<Coordinate Order="66" X="49409.7" Y="154652" />
				<Coordinate Order="67" X="49303.6" Y="154694" />
				<Coordinate Order="68" X="49211.5" Y="154766" />
				<Coordinate Order="69" X="49150" Y="154867" />
				<Coordinate Order="70" X="49077.4" Y="154953" />
				<Coordinate Order="71" X="49007.6" Y="155048" />
				<Coordinate Order="72" X="48946.2" Y="155143" />
				<Coordinate Order="73" X="48887.5" Y="155241" />
				<Coordinate Order="74" X="48865.2" Y="155353" />
				<Coordinate Order="75" X="48876.4" Y="155464" />
				<Coordinate Order="76" X="48870.8" Y="155481" />
				<Coordinate Order="77" X="48834.5" Y="155587" />
				<Coordinate Order="78" X="48859.6" Y="155699" />
				<Coordinate Order="79" X="48926.6" Y="155791" />
				<Coordinate Order="80" X="48884.8" Y="155897" />
				<Coordinate Order="81" X="48842.9" Y="156006" />
				<Coordinate Order="82" X="48817.7" Y="156118" />
				<Coordinate Order="83" X="48851.2" Y="156232" />
				<Coordinate Order="84" X="48918.3" Y="156330" />
				<Coordinate Order="85" X="49027.2" Y="156364" />
				<Coordinate Order="86" X="49133.3" Y="156403" />
				<Coordinate Order="87" X="49236.6" Y="156461" />
				<Coordinate Order="88" X="49348.3" Y="156492" />
				<Coordinate Order="89" X="49460" Y="156514" />
				<Coordinate Order="90" X="49574.5" Y="156526" />
				<Coordinate Order="91" X="49694.6" Y="156540" />
				<Coordinate Order="92" X="49809.1" Y="156567" />
				<Coordinate Order="93" X="49915.2" Y="156604" />
				<Coordinate Order="94" X="50026.9" Y="156621" />
				<Coordinate Order="95" X="50138.6" Y="156635" />
				<Coordinate Order="96" X="50261.4" Y="156635" />
				<Coordinate Order="97" X="50381.5" Y="156635" />
				<Coordinate Order="98" X="50459.7" Y="156609" />
				<Coordinate Order="99" X="50574.2" Y="156609" />
				<Coordinate Order="100" X="50691.5" Y="156607" />
				<Coordinate Order="101" X="50811.6" Y="156612" />
				<Coordinate Order="102" X="50928.8" Y="156626" />
				<Coordinate Order="103" X="51046.1" Y="156626" />
				<Coordinate Order="104" X="51157.8" Y="156623" />
				<Coordinate Order="105" X="51266.7" Y="156581" />
				<Coordinate Order="106" X="51367.3" Y="156520" />
				<Coordinate Order="107" X="51473.4" Y="156478" />
				<Coordinate Order="108" X="51582.3" Y="156433" />
				<Coordinate Order="109" X="51682.8" Y="156378" />
				<Coordinate Order="110" X="51786.1" Y="156330" />
				<Coordinate Order="111" X="51892.2" Y="156280" />
				<Coordinate Order="112" X="52001.1" Y="156244" />
				<Coordinate Order="113" X="52093.3" Y="156179" />
				<Coordinate Order="114" X="52185.4" Y="156112" />
				<Coordinate Order="115" X="52288.8" Y="156068" />
				<Coordinate Order="116" X="52358.6" Y="156020" />
				<Coordinate Order="117" X="52445.1" Y="155948" />
				<Coordinate Order="118" X="52554" Y="155995" />
				<Coordinate Order="119" X="52665.7" Y="155967" />
				<Coordinate Order="120" X="52743.9" Y="155886" />
				<Coordinate Order="121" X="52780.2" Y="155780" />
				<Coordinate Order="122" X="52774.6" Y="155668" />
				<Coordinate Order="123" X="52819.3" Y="155562" />
				<Coordinate Order="124" X="52931" Y="155585" />
				<Coordinate Order="125" X="53034.3" Y="155632" />
				<Coordinate Order="126" X="53143.3" Y="155596" />
				<Coordinate Order="127" X="53252.2" Y="155551" />
				<Coordinate Order="128" X="53358.3" Y="155501" />
				<Coordinate Order="129" X="53467.2" Y="155467" />
				<Coordinate Order="130" X="53559.3" Y="155400" />
				<Coordinate Order="131" X="53590" Y="155291" />
				<Coordinate Order="132" X="53598.4" Y="155163" />
				<Coordinate Order="133" X="53654.3" Y="155062" />
				<Coordinate Order="134" X="53757.6" Y="155012" />
				<Coordinate Order="135" X="53807.9" Y="154912" />
				<Coordinate Order="136" X="53699" Y="154875" />
				<Coordinate Order="137" X="53587.3" Y="154878" />
				<Coordinate Order="138" X="53618" Y="154769" />
				<Coordinate Order="139" X="53696.2" Y="154688" />
				<Coordinate Order="140" X="53802.3" Y="154638" />
				<Coordinate Order="141" X="53874.9" Y="154618" />
				<Coordinate Order="142" X="53855.3" Y="154694" />
				<Coordinate Order="143" X="53835.8" Y="154730" />
				<Coordinate Order="144" X="53883.3" Y="154775" />
				<Coordinate Order="145" X="54003.3" Y="154789" />
				<Coordinate Order="146" X="54073.1" Y="154699" />
				<Coordinate Order="147" X="54115" Y="154593" />
				<Coordinate Order="148" X="54126.2" Y="154537" />
				<Coordinate Order="149" X="54151.3" Y="154535" />
				<Coordinate Order="150" X="54263" Y="154529" />
				<Coordinate Order="151" X="54369.1" Y="154493" />
				<Coordinate Order="152" X="54430.6" Y="154395" />
				<Coordinate Order="153" X="54447.3" Y="154275" />
				<Coordinate Order="154" X="54413.8" Y="154236" />
				<Coordinate Order="155" X="54444.5" Y="154213" />
				<Coordinate Order="156" X="54542.3" Y="154269" />
				<Coordinate Order="157" X="54637.2" Y="154286" />
				<Coordinate Order="158" X="54721" Y="154297" />
				<Coordinate Order="159" X="54815.9" Y="154300" />
				<Coordinate Order="160" X="55028.2" Y="154188" />
				<Coordinate Order="161" X="54952.8" Y="154121" />
				<Coordinate Order="162" X="54922" Y="154093" />
				<Coordinate Order="163" X="54821.5" Y="154040" />
				<Coordinate Order="164" X="54709.8" Y="154026" />
				<Coordinate Order="165" X="54684.7" Y="153917" />
				<Coordinate Order="166" X="54754.5" Y="153825" />
				<Coordinate Order="167" X="54785.2" Y="153753" />
				<Coordinate Order="168" X="54849.4" Y="153775" />
				<Coordinate Order="169" X="54866.2" Y="153870" />
				<Coordinate Order="170" X="54958.3" Y="153884" />
				<Coordinate Order="171" X="54983.5" Y="153814" />
				<Coordinate Order="172" X="54922" Y="153719" />
				<Coordinate Order="173" X="54986.3" Y="153627" />
				<Coordinate Order="174" X="55098" Y="153610" />
				<Coordinate Order="175" X="55134.3" Y="153725" />
				<Coordinate Order="176" X="55192.9" Y="153823" />
				<Coordinate Order="177" X="55232" Y="153929" />
				<Coordinate Order="178" X="55327" Y="153996" />
				<Coordinate Order="179" X="55438.7" Y="153982" />
				<Coordinate Order="180" X="55542" Y="153937" />
				<Coordinate Order="181" X="55645.3" Y="153892" />
				<Coordinate Order="182" X="55745.8" Y="153842" />
				<Coordinate Order="183" X="55846.4" Y="153789" />
				<Coordinate Order="184" X="55944.1" Y="153730" />
				<Coordinate Order="185" X="56041.8" Y="153672" />
				<Coordinate Order="186" X="56136.8" Y="153610" />
				<Coordinate Order="187" X="56217.7" Y="153532" />
				<Coordinate Order="188" X="56304.3" Y="153457" />
				<Coordinate Order="189" X="56382.5" Y="153376" />
				<Coordinate Order="190" X="56430" Y="153300" />
				<Coordinate Order="191" X="56404.8" Y="153191" />
				<Coordinate Order="192" X="56284.8" Y="153183" />
				<Coordinate Order="193" X="56159.1" Y="153152" />
				<Coordinate Order="194" X="56206.6" Y="153060" />
				<Coordinate Order="195" X="56295.9" Y="153124" />
				<Coordinate Order="196" X="56407.6" Y="153119" />
				<Coordinate Order="197" X="56519.3" Y="153122" />
				<Coordinate Order="198" X="56631" Y="153110" />
				<Coordinate Order="199" X="56681.3" Y="153010" />
				<Coordinate Order="200" X="56712" Y="152901" />
				<Coordinate Order="201" X="56795.8" Y="152826" />
				<Coordinate Order="202" X="56823.7" Y="152708" />
				<Coordinate Order="203" X="56826.5" Y="152594" />
				<Coordinate Order="204" X="56955" Y="152516" />
				<Coordinate Order="205" X="57055.5" Y="152465" />
				<Coordinate Order="206" X="57144.8" Y="152396" />
				<Coordinate Order="207" X="57200.7" Y="152295" />
				<Coordinate Order="208" X="57248.2" Y="152192" />
				<Coordinate Order="209" X="57295.6" Y="152088" />
				<Coordinate Order="210" X="57331.9" Y="151979" />
				<Coordinate Order="211" X="57357.1" Y="151871" />
				<Coordinate Order="212" X="57365.4" Y="151759" />
				<Coordinate Order="213" X="57354.3" Y="151644" />
				<Coordinate Order="214" X="57312.4" Y="151538" />
				<Coordinate Order="215" X="57231.4" Y="151429" />
				<Coordinate Order="216" X="57326.4" Y="151365" />
				<Coordinate Order="217" X="57334.7" Y="151298" />
				<Coordinate Order="218" X="57337.5" Y="151265" />
				<Coordinate Order="219" X="57382.2" Y="151161" />
				<Coordinate Order="220" X="57357.1" Y="151052" />
				<Coordinate Order="221" X="57351.5" Y="150980" />
				<Coordinate Order="222" X="57432.5" Y="150902" />
				<Coordinate Order="223" X="57468.8" Y="150795" />
				<Coordinate Order="224" X="57477.1" Y="150773" />
				<Coordinate Order="225" X="57466" Y="150659" />
				<Coordinate Order="226" X="57385" Y="150572" />
				<Coordinate Order="227" X="57382.2" Y="150539" />
				<Coordinate Order="228" X="57491.1" Y="150508" />
				<Coordinate Order="229" X="57569.3" Y="150427" />
				<Coordinate Order="230" X="57591.6" Y="150315" />
				<Coordinate Order="231" X="57577.7" Y="150173" />
				<Coordinate Order="232" X="57552.5" Y="150061" />
				<Coordinate Order="233" X="57466" Y="149975" />
				<Coordinate Order="234" X="57463.2" Y="149905" />
				<Coordinate Order="235" X="57510.7" Y="149857" />
				<Coordinate Order="236" X="57616.8" Y="149821" />
				<Coordinate Order="237" X="57658.7" Y="149715" />
				<Coordinate Order="238" X="57695" Y="149603" />
				<Coordinate Order="239" X="57736.8" Y="149497" />
				<Coordinate Order="240" X="57736.8" Y="149444" />
				<Coordinate Order="241" X="57745.2" Y="149332" />
				<Coordinate Order="242" X="57667" Y="149251" />
				<Coordinate Order="243" X="57683.8" Y="149137" />
				<Coordinate Order="244" X="57619.6" Y="149039" />
				<Coordinate Order="245" X="57530.2" Y="148966" />
				<Coordinate Order="246" X="57516.2" Y="148852" />
				<Coordinate Order="247" X="57510.7" Y="148827" />
				<Coordinate Order="248" X="57622.4" Y="148810" />
				<Coordinate Order="249" X="57627.9" Y="148760" />
				<Coordinate Order="250" X="57678.2" Y="148810" />
				<Coordinate Order="251" X="57647.5" Y="148922" />
				<Coordinate Order="252" X="57745.2" Y="148980" />
				<Coordinate Order="253" X="57856.9" Y="148983" />
				<Coordinate Order="254" X="57935.1" Y="148902" />
				<Coordinate Order="255" X="57985.4" Y="148785" />
				<Coordinate Order="256" X="58038.4" Y="148679" />
				<Coordinate Order="257" X="58077.5" Y="148573" />
				<Coordinate Order="258" X="58133.4" Y="148475" />
				<Coordinate Order="259" X="58183.6" Y="148374" />
				<Coordinate Order="260" X="58239.5" Y="148277" />
				<Coordinate Order="261" X="58250.7" Y="148260" />
				<Coordinate Order="262" X="58306.5" Y="148162" />
				<Coordinate Order="263" X="58270.2" Y="148031" />
				<Coordinate Order="264" X="58158.5" Y="148014" />
				<Coordinate Order="265" X="58113.8" Y="148017" />
				<Coordinate Order="266" X="58085.9" Y="148051" />
				<Coordinate Order="267" X="58052.4" Y="148104" />
				<Coordinate Order="268" X="58030.1" Y="148162" />
				<Coordinate Order="269" X="57979.8" Y="148221" />
				<Coordinate Order="270" X="57949.1" Y="148115" />
				<Coordinate Order="271" X="57999.3" Y="148011" />
				<Coordinate Order="272" X="58091.5" Y="147947" />
				<Coordinate Order="273" X="58074.7" Y="147835" />
				<Coordinate Order="274" X="57982.6" Y="147771" />
				<Coordinate Order="275" X="57882.1" Y="147718" />
				<Coordinate Order="276" X="57921.1" Y="147715" />
				<Coordinate Order="277" X="58018.9" Y="147584" />
				<Coordinate Order="278" X="58080.3" Y="147679" />
				<Coordinate Order="279" X="58180.8" Y="147732" />
				<Coordinate Order="280" X="58289.8" Y="147707" />
				<Coordinate Order="281" X="58331.6" Y="147601" />
				<Coordinate Order="282" X="58303.7" Y="147492" />
				<Coordinate Order="283" X="58245.1" Y="147394" />
				<Coordinate Order="284" X="58169.7" Y="147311" />
				<Coordinate Order="285" X="58088.7" Y="147232" />
				<Coordinate Order="286" X="58052.4" Y="147121" />
				<Coordinate Order="287" X="57985.4" Y="147028" />
				<Coordinate Order="288" X="57890.4" Y="146967" />
				<Coordinate Order="289" X="57817.8" Y="146880" />
				<Coordinate Order="290" X="57722.9" Y="146819" />
				<Coordinate Order="291" X="57611.2" Y="146797" />
				<Coordinate Order="292" X="57499.5" Y="146827" />
				<Coordinate Order="293" X="57482.7" Y="146847" />
				<Coordinate Order="294" X="57524.6" Y="146975" />
				<Coordinate Order="295" X="57560.9" Y="147082" />
				<Coordinate Order="296" X="57507.9" Y="147154" />
				<Coordinate Order="297" X="57493.9" Y="147093" />
				<Coordinate Order="298" X="57479.9" Y="146978" />
				<Coordinate Order="299" X="57410.1" Y="146953" />
				<Coordinate Order="300" X="57334.7" Y="147037" />
				<Coordinate Order="301" X="57281.7" Y="147112" />
				<Coordinate Order="302" X="57220.2" Y="147095" />
				<Coordinate Order="303" X="57172.8" Y="147037" />
				<Coordinate Order="304" X="57130.9" Y="146961" />
				<Coordinate Order="305" X="57116.9" Y="146928" />
				<Coordinate Order="306" X="57147.6" Y="146936" />
				<Coordinate Order="307" X="57264.9" Y="146953" />
				<Coordinate Order="308" X="57376.6" Y="146928" />
				<Coordinate Order="309" X="57390.6" Y="146816" />
				<Coordinate Order="310" X="57340.3" Y="146713" />
				<Coordinate Order="311" X="57318" Y="146696" />
				<Coordinate Order="312" X="57225.8" Y="146632" />
				<Coordinate Order="313" X="57111.3" Y="146654" />
				<Coordinate Order="314" X="57010.8" Y="146716" />
				<Coordinate Order="315" X="56982.9" Y="146735" />
				<Coordinate Order="316" X="56918.7" Y="146643" />
				<Coordinate Order="317" X="56809.8" Y="146610" />
				<Coordinate Order="318" X="56622.7" Y="146582" />
				<Coordinate Order="319" X="56586.4" Y="146593" />
				<Coordinate Order="320" X="56617.1" Y="146660" />
				<Coordinate Order="321" X="56566.8" Y="146760" />
				<Coordinate Order="322" X="56485.8" Y="146791" />
				<Coordinate Order="323" X="56452.3" Y="146830" />
				<Coordinate Order="324" X="56421.6" Y="146833" />
				<Coordinate Order="325" X="56323.9" Y="146760" />
				<Coordinate Order="326" X="56385.3" Y="146749" />
				<Coordinate Order="327" X="56421.6" Y="146640" />
				<Coordinate Order="328" X="56374.1" Y="146537" />
				<Coordinate Order="329" X="56279.2" Y="146476" />
				<Coordinate Order="330" X="56173.1" Y="146501" />
				<Coordinate Order="331" X="56167.5" Y="146501" />
				<Coordinate Order="332" X="56072.5" Y="146436" />
				<Coordinate Order="333" X="55960.8" Y="146431" />
				<Coordinate Order="334" X="55879.9" Y="146515" />
				<Coordinate Order="335" X="55846.4" Y="146624" />
				<Coordinate Order="336" X="55910.6" Y="146716" />
				<Coordinate Order="337" X="55997.1" Y="146788" />
				<Coordinate Order="338" X="56061.4" Y="146830" />
				<Coordinate Order="339" X="56089.3" Y="146939" />
				<Coordinate Order="340" X="56134" Y="147042" />
				<Coordinate Order="341" X="56203.8" Y="147132" />
				<Coordinate Order="342" X="56259.6" Y="147185" />
				<Coordinate Order="343" X="56279.2" Y="147297" />
				<Coordinate Order="344" X="56223.3" Y="147380" />
				<Coordinate Order="345" X="56139.6" Y="147439" />
				<Coordinate Order="346" X="56094.9" Y="147375" />
				<Coordinate Order="347" X="56195.4" Y="147324" />
				<Coordinate Order="348" X="56156.3" Y="147213" />
				<Coordinate Order="349" X="56044.6" Y="147199" />
				<Coordinate Order="350" X="56019.5" Y="147252" />
				<Coordinate Order="351" X="56011.1" Y="147344" />
				<Coordinate Order="352" X="55974.8" Y="147341" />
				<Coordinate Order="353" X="55924.5" Y="147241" />
				<Coordinate Order="354" X="55871.5" Y="147140" />
				<Coordinate Order="355" X="55779.3" Y="147073" />
				<Coordinate Order="356" X="55715.1" Y="146981" />
				<Coordinate Order="357" X="55676" Y="146875" />
				<Coordinate Order="358" X="55634.1" Y="146766" />
				<Coordinate Order="359" X="55645.3" Y="146668" />
				<Coordinate Order="360" X="55550.4" Y="146607" />
				<Coordinate Order="361" X="55435.9" Y="146618" />
				<Coordinate Order="362" X="55335.3" Y="146679" />
				<Coordinate Order="363" X="55304.6" Y="146713" />
				<Coordinate Order="364" X="55262.7" Y="146822" />
				<Coordinate Order="365" X="55212.5" Y="146925" />
				<Coordinate Order="366" X="55159.4" Y="147026" />
				<Coordinate Order="367" X="55100.8" Y="147123" />
				<Coordinate Order="368" X="55056.1" Y="147154" />
				<Coordinate Order="369" X="55042.1" Y="147068" />
				<Coordinate Order="370" X="55089.6" Y="146964" />
				<Coordinate Order="371" X="55153.8" Y="146872" />
				<Coordinate Order="372" X="55204.1" Y="146769" />
				<Coordinate Order="373" X="55195.7" Y="146654" />
				<Coordinate Order="374" X="55123.1" Y="146596" />
				<Coordinate Order="375" X="55005.8" Y="146638" />
				<Coordinate Order="376" X="55061.7" Y="146540" />
				<Coordinate Order="377" X="55067.3" Y="146400" />
				<Coordinate Order="378" X="54991.9" Y="146314" />
				<Coordinate Order="379" X="54899.7" Y="146238" />
				<Coordinate Order="380" X="54807.6" Y="146174" />
				<Coordinate Order="381" X="54712.6" Y="146110" />
				<Coordinate Order="382" X="54634.4" Y="146029" />
				<Coordinate Order="383" X="54547.9" Y="145956" />
				<Coordinate Order="384" X="54469.4" Y="145861" />
				<Coordinate Order="385" X="54450.1" Y="145785" />
				<Coordinate Order="386" X="54419.2" Y="145714" />
				<Coordinate Order="387" X="54365.1" Y="145654" />
				<Coordinate Order="388" X="54287.8" Y="145640" />
				<Coordinate Order="389" X="54239.5" Y="145640" />
				<Coordinate Order="390" X="54204.7" Y="145640" />
				<Coordinate Order="391" X="54127.4" Y="145621" />
				<Coordinate Order="392" X="54046.2" Y="145625" />
				<Coordinate Order="393" X="53970.8" Y="145650" />
				<Coordinate Order="394" X="53899.3" Y="145681" />
				<Coordinate Order="395" X="53831.7" Y="145719" />
				<Coordinate Order="396" X="53793" Y="145787" />
				<Coordinate Order="397" X="53779.5" Y="145866" />
				<Coordinate Order="398" X="53818.2" Y="145934" />
				<Coordinate Order="399" X="53852.9" Y="146006" />
				<Coordinate Order="400" X="53885.8" Y="146081" />
				<Coordinate Order="401" X="53924.4" Y="146150" />
				<Coordinate Order="402" X="53947.6" Y="146193" />
				<Coordinate Order="403" X="53968.9" Y="146270" />
				<Coordinate Order="404" X="54023" Y="146330" />
				<Coordinate Order="405" X="54084.8" Y="146384" />
				<Coordinate Order="406" X="54146.7" Y="146435" />
				<Coordinate Order="407" X="54218.2" Y="146481" />
				<Coordinate Order="408" X="54305.2" Y="146494" />
				<Coordinate Order="409" X="54380.5" Y="146469" />
				<Coordinate Order="410" X="54442.4" Y="146444" />
				<Coordinate Order="411" X="54488.8" Y="146512" />
				<Coordinate Order="412" X="54494.6" Y="146589" />
				<Coordinate Order="413" X="54494.6" Y="146670" />
				<Coordinate Order="414" X="54483" Y="146748" />
				<Coordinate Order="415" X="54459.8" Y="146833" />
				<Coordinate Order="416" X="54438.5" Y="146914" />
				<Coordinate Order="417" X="54417.2" Y="146989" />
				<Coordinate Order="418" X="54394.1" Y="147065" />
				<Coordinate Order="419" X="54378.6" Y="147142" />
				<Coordinate Order="420" X="54359.3" Y="147217" />
				<Coordinate Order="421" X="54347.7" Y="147296" />
				<Coordinate Order="422" X="54334.1" Y="147327" />
				<Coordinate Order="423" X="54295.5" Y="147395" />
				<Coordinate Order="424" X="54249.1" Y="147459" />
				<Coordinate Order="425" X="54185.3" Y="147503" />
				<Coordinate Order="426" X="54129.3" Y="147561" />
				<Coordinate Order="427" X="54061.7" Y="147606" />
				<Coordinate Order="428" X="53984.4" Y="147627" />
				<Coordinate Order="429" X="53905.1" Y="147635" />
				<Coordinate Order="430" X="53827.8" Y="147629" />
				<Coordinate Order="431" X="53750.5" Y="147615" />
				<Coordinate Order="432" X="53671.3" Y="147613" />
				<Coordinate Order="433" X="53590.1" Y="147627" />
				<Coordinate Order="434" X="53522.5" Y="147671" />
				<Coordinate Order="435" X="53441.3" Y="147693" />
				<Coordinate Order="436" X="53362.1" Y="147693" />
				<Coordinate Order="437" X="53277" Y="147693" />
				<Coordinate Order="438" X="53195.9" Y="147697" />
				<Coordinate Order="439" X="53118.6" Y="147685" />
				<Coordinate Order="440" X="53043.2" Y="147660" />
				<Coordinate Order="441" X="52991" Y="147720" />
				<Coordinate Order="442" X="52950.4" Y="147787" />
				<Coordinate Order="443" X="52915.6" Y="147861" />
				<Coordinate Order="444" X="52877" Y="147932" />
				<Coordinate Order="445" X="52826.7" Y="147996" />
				<Coordinate Order="446" X="52751.4" Y="148025" />
				<Coordinate Order="447" X="52672.1" Y="148023" />
				<Coordinate Order="448" X="52594.8" Y="148015" />
				<Coordinate Order="449" X="52515.6" Y="148000" />
				<Coordinate Order="450" X="52436.4" Y="147986" />
				<Coordinate Order="451" X="52359.1" Y="147983" />
				<Coordinate Order="452" X="52281.8" Y="148002" />
				<Coordinate Order="453" X="52218" Y="148050" />
				<Coordinate Order="454" X="52214.1" Y="148079" />
				<Coordinate Order="455" X="52173.5" Y="148149" />
				<Coordinate Order="456" X="52142.6" Y="148220" />
				<Coordinate Order="457" X="52154.2" Y="148299" />
				<Coordinate Order="458" X="52136.8" Y="148375" />
				<Coordinate Order="459" X="52078.8" Y="148429" />
				<Coordinate Order="460" X="52013.1" Y="148473" />
				<Coordinate Order="461" X="51962.8" Y="148537" />
				<Coordinate Order="462" X="51869.3" Y="148613" />
				<Coordinate Order="463" X="51793.4" Y="148713" />
				<Coordinate Order="464" X="51735.4" Y="148743" />
				<Coordinate Order="465" X="51660.1" Y="148707" />
				<Coordinate Order="466" X="51580.8" Y="148688" />
				<Coordinate Order="467" X="51513.6" Y="148640" />
				<Coordinate Order="468" X="51426.1" Y="148656" />
				<Coordinate Order="469" X="51363" Y="148709" />
				<Coordinate Order="470" X="51316.2" Y="148780" />
				<Coordinate Order="471" X="51255.2" Y="148835" />
				<Coordinate Order="472" X="51192.1" Y="148890" />
				<Coordinate Order="473" X="51159.6" Y="148967" />
				<Coordinate Order="474" X="51137.2" Y="149047" />
				<Coordinate Order="475" X="51147.3" Y="149112" />
				<Coordinate Order="476" X="51147.3" Y="149112" />
				<Coordinate Order="477" X="51175.8" Y="149189" />
				<Coordinate Order="478" X="51200.3" Y="149268" />
				<Coordinate Order="479" X="51181.9" Y="149348" />
				<Coordinate Order="480" X="51245" Y="149403" />
				<Coordinate Order="481" X="51269.4" Y="149482" />
				<Coordinate Order="482" X="51247.1" Y="149561" />
				<Coordinate Order="483" X="51198.2" Y="149631" />
				<Coordinate Order="484" X="51151.4" Y="149702" />
				<Coordinate Order="485" X="51106.6" Y="149771" />
				<Coordinate Order="486" X="51076.1" Y="149848" />
				<Coordinate Order="487" X="51047.6" Y="149928" />
				<Coordinate Order="488" X="50972.3" Y="149973" />
				<Coordinate Order="489" X="50907.2" Y="149922" />
				<Coordinate Order="490" X="50834" Y="149881" />
				<Coordinate Order="491" X="50779" Y="149942" />
				<Coordinate Order="492" X="50711.9" Y="149991" />
				<Coordinate Order="493" X="50630.5" Y="150007" />
				<Coordinate Order="494" X="50567.4" Y="150060" />
				<Coordinate Order="495" X="50526.7" Y="150135" />
			</Coordinates>
		</Annotation>
		<Annotation Name="Annotation 13" Type="Polygon" PartOfGroup="metastases" Color="#F4FA58">
			<Coordinates>
				<Coordinate Order="0" X="50693.6" Y="149240" />
				<Coordinate Order="1" X="50614.2" Y="149266" />
				<Coordinate Order="2" X="50557.2" Y="149327" />
				<Coordinate Order="3" X="50514.5" Y="149399" />
				<Coordinate Order="4" X="50518.6" Y="149482" />
				<Coordinate Order="5" X="50567.4" Y="149549" />
				<Coordinate Order="6" X="50632.5" Y="149600" />
				<Coordinate Order="7" X="50693.6" Y="149655" />
				<Coordinate Order="8" X="50777" Y="149651" />
				<Coordinate Order="9" X="50811.6" Y="149576" />
				<Coordinate Order="10" X="50856.4" Y="149507" />
				<Coordinate Order="11" X="50890.9" Y="149431" />
				<Coordinate Order="12" X="50895" Y="149350" />
				<Coordinate Order="13" X="50860.4" Y="149275" />
				<Coordinate Order="14" X="50781.1" Y="149242" />
			</Coordinates>
		</Annotation>
		<Annotation Name="Annotation 14" Type="Polygon" PartOfGroup="metastases" Color="#F4FA58">
			<Coordinates>
				<Coordinate Order="0" X="53264" Y="146258" />
				<Coordinate Order="1" X="53176.7" Y="146296" />
				<Coordinate Order="2" X="53091.6" Y="146332" />
				<Coordinate Order="3" X="53020" Y="146388" />
				<Coordinate Order="4" X="52970.7" Y="146473" />
				<Coordinate Order="5" X="52948.3" Y="146563" />
				<Coordinate Order="6" X="52937.1" Y="146652" />
				<Coordinate Order="7" X="52946.1" Y="146742" />
				<Coordinate Order="8" X="52972.9" Y="146829" />
				<Coordinate Order="9" X="53013.2" Y="146912" />
				<Coordinate Order="10" X="53080.4" Y="146973" />
				<Coordinate Order="11" X="53163.3" Y="147008" />
				<Coordinate Order="12" X="53252.8" Y="147020" />
				<Coordinate Order="13" X="53340.2" Y="146991" />
				<Coordinate Order="14" X="53454.4" Y="146910" />
				<Coordinate Order="15" X="53539.5" Y="146867" />
				<Coordinate Order="16" X="53579.8" Y="146787" />
				<Coordinate Order="17" X="53613.3" Y="146702" />
				<Coordinate Order="18" X="53633.5" Y="146614" />
				<Coordinate Order="19" X="53640.2" Y="146523" />
				<Coordinate Order="20" X="53604.4" Y="146440" />
				<Coordinate Order="21" X="53568.6" Y="146357" />
				<Coordinate Order="22" X="53494.7" Y="146305" />
				<Coordinate Order="23" X="53405.1" Y="146276" />
			</Coordinates>
		</Annotation>
		<Annotation Name="Annotation 15" Type="Polygon" PartOfGroup="metastases" Color="#F4FA58">
			<Coordinates>
				<Coordinate Order="0" X="27490.8" Y="84084" />
				<Coordinate Order="1" X="27409.1" Y="84134.8" />
				<Coordinate Order="2" X="27336.3" Y="84185.5" />
				<Coordinate Order="3" X="27261.2" Y="84242.9" />
				<Coordinate Order="4" X="27206" Y="84315.8" />
				<Coordinate Order="5" X="27161.9" Y="84393" />
				<Coordinate Order="6" X="27126.6" Y="84476.9" />
				<Coordinate Order="7" X="27139.8" Y="84571.9" />
				<Coordinate Order="8" X="27161.9" Y="84658" />
				<Coordinate Order="9" X="27206" Y="84735.2" />
				<Coordinate Order="10" X="27272.3" Y="84805.9" />
				<Coordinate Order="11" X="27362.8" Y="84843.4" />
				<Coordinate Order="12" X="27453.3" Y="84832.4" />
				<Coordinate Order="13" X="27543.8" Y="84814.7" />
				<Coordinate Order="14" X="27618.9" Y="84766.1" />
				<Coordinate Order="15" X="27676.3" Y="84693.3" />
				<Coordinate Order="16" X="27702.7" Y="84607.2" />
				<Coordinate Order="17" X="27731.4" Y="84523.3" />
				<Coordinate Order="18" X="27755.7" Y="84430.6" />
				<Coordinate Order="19" X="27771.2" Y="84342.3" />
				<Coordinate Order="20" X="27775.6" Y="84249.6" />
				<Coordinate Order="21" X="27764.6" Y="84161.3" />
				<Coordinate Order="22" X="27713.8" Y="84088.4" />
				<Coordinate Order="23" X="27623.3" Y="84068.5" />
			</Coordinates>
		</Annotation>
		<Annotation Name="Annotation 16" Type="Polygon" PartOfGroup="metastases" Color="#F4FA58">
			<Coordinates>
				<Coordinate Order="0" X="25894.8" Y="83346.7" />
				<Coordinate Order="1" X="25837.4" Y="83342.3" />
				<Coordinate Order="2" X="25813.1" Y="83428.3" />
				<Coordinate Order="3" X="25819.7" Y="83516.6" />
				<Coordinate Order="4" X="25813.1" Y="83604.9" />
				<Coordinate Order="5" X="25850.6" Y="83686.6" />
				<Coordinate Order="6" X="25857.2" Y="83774.9" />
				<Coordinate Order="7" X="25855" Y="83788.2" />
				<Coordinate Order="8" X="25868.3" Y="83876.5" />
				<Coordinate Order="9" X="25901.4" Y="83960.4" />
				<Coordinate Order="10" X="25941.1" Y="84039.8" />
				<Coordinate Order="11" X="25985.3" Y="84121.5" />
				<Coordinate Order="12" X="26042.7" Y="84194.4" />
				<Coordinate Order="13" X="26111.1" Y="84256.2" />
				<Coordinate Order="14" X="26175.1" Y="84320.2" />
				<Coordinate Order="15" X="26239.1" Y="84384.2" />
				<Coordinate Order="16" X="26298.7" Y="84452.6" />
				<Coordinate Order="17" X="26360.5" Y="84521.1" />
				<Coordinate Order="18" X="26424.6" Y="84582.9" />
				<Coordinate Order="19" X="26493" Y="84640.3" />
				<Coordinate Order="20" X="26581.3" Y="84644.7" />
				<Coordinate Order="21" X="26636.5" Y="84571.9" />
				<Coordinate Order="22" X="26625.5" Y="84481.4" />
				<Coordinate Order="23" X="26599" Y="84395.3" />
				<Coordinate Order="24" X="26557" Y="84315.8" />
				<Coordinate Order="25" X="26497.4" Y="84242.9" />
				<Coordinate Order="26" X="26429" Y="84178.9" />
				<Coordinate Order="27" X="26362.8" Y="84117.1" />
				<Coordinate Order="28" X="26305.4" Y="84044.3" />
				<Coordinate Order="29" X="26261.2" Y="83967" />
				<Coordinate Order="30" X="26225.9" Y="83885.3" />
				<Coordinate Order="31" X="26212.6" Y="83794.8" />
				<Coordinate Order="32" X="26181.7" Y="83708.7" />
				<Coordinate Order="33" X="26148.6" Y="83618.2" />
				<Coordinate Order="34" X="26104.5" Y="83540.9" />
				<Coordinate Order="35" X="26040.5" Y="83479.1" />
				<Coordinate Order="36" X="25972" Y="83417.3" />
			</Coordinates>
		</Annotation>
		<Annotation Name="Annotation 17" Type="Polygon" PartOfGroup="metastases" Color="#F4FA58">
			<Coordinates>
				<Coordinate Order="0" X="26400.3" Y="83620.4" />
				<Coordinate Order="1" X="26316.4" Y="83675.6" />
				<Coordinate Order="2" X="26296.5" Y="83766.1" />
				<Coordinate Order="3" X="26298.7" Y="83854.4" />
				<Coordinate Order="4" X="26327.4" Y="83938.3" />
				<Coordinate Order="5" X="26376" Y="84013.3" />
				<Coordinate Order="6" X="26431.2" Y="84086.2" />
				<Coordinate Order="7" X="26504" Y="84139.2" />
				<Coordinate Order="8" X="26570.3" Y="84198.8" />
				<Coordinate Order="9" X="26638.7" Y="84258.4" />
				<Coordinate Order="10" X="26711.6" Y="84207.6" />
				<Coordinate Order="11" X="26718.2" Y="84119.3" />
				<Coordinate Order="12" X="26791" Y="84068.5" />
				<Coordinate Order="13" X="26813.1" Y="83982.4" />
				<Coordinate Order="14" X="26780" Y="83896.3" />
				<Coordinate Order="15" X="26720.4" Y="83827.9" />
				<Coordinate Order="16" X="26654.2" Y="83763.9" />
				<Coordinate Order="17" X="26585.7" Y="83697.7" />
				<Coordinate Order="18" X="26517.3" Y="83638.1" />
			</Coordinates>
		</Annotation>
		<Annotation Name="Annotation 18" Type="Polygon" PartOfGroup="metastases" Color="#F4FA58">
			<Coordinates>
				<Coordinate Order="0" X="42146.4" Y="82334.3" />
				<Coordinate Order="1" X="42049.9" Y="82391.7" />
				<Coordinate Order="2" X="41948.2" Y="82420.4" />
				<Coordinate Order="3" X="41828.3" Y="82425.6" />
				<Coordinate Order="4" X="41726.6" Y="82467.3" />
				<Coordinate Order="5" X="41682.2" Y="82566.4" />
				<Coordinate Order="6" X="41658.7" Y="82668.1" />
				<Coordinate Order="7" X="41656.1" Y="82777.7" />
				<Coordinate Order="8" X="41705.7" Y="82874.1" />
				<Coordinate Order="9" X="41770.9" Y="82960.2" />
				<Coordinate Order="10" X="41856.9" Y="83025.4" />
				<Coordinate Order="11" X="41909.1" Y="83116.7" />
				<Coordinate Order="12" X="41937.8" Y="83218.4" />
				<Coordinate Order="13" X="41987.3" Y="83314.9" />
				<Coordinate Order="14" X="41990" Y="83419.2" />
				<Coordinate Order="15" X="42081.2" Y="83471.4" />
				<Coordinate Order="16" X="42039.5" Y="83570.5" />
				<Coordinate Order="17" X="42003" Y="83669.6" />
				<Coordinate Order="18" X="42063" Y="83758.2" />
				<Coordinate Order="19" X="42091.7" Y="83786.9" />
				<Coordinate Order="20" X="42203.8" Y="83901.7" />
				<Coordinate Order="21" X="42258.6" Y="83995.5" />
				<Coordinate Order="22" X="42224.7" Y="84094.6" />
				<Coordinate Order="23" X="42219.4" Y="84199" />
				<Coordinate Order="24" X="42224.7" Y="84305.9" />
				<Coordinate Order="25" X="42214.2" Y="84410.2" />
				<Coordinate Order="26" X="42156.9" Y="84407.6" />
				<Coordinate Order="27" X="42104.7" Y="84316.3" />
				<Coordinate Order="28" X="42104.7" Y="84209.4" />
				<Coordinate Order="29" X="42149" Y="84112.9" />
				<Coordinate Order="30" X="42175.1" Y="84008.6" />
				<Coordinate Order="31" X="42115.1" Y="83922.5" />
				<Coordinate Order="32" X="42013.4" Y="83880.8" />
				<Coordinate Order="33" X="41903.9" Y="83901.7" />
				<Coordinate Order="34" X="41804.8" Y="83940.8" />
				<Coordinate Order="35" X="41752.6" Y="84037.3" />
				<Coordinate Order="36" X="41786.5" Y="84136.4" />
				<Coordinate Order="37" X="41838.7" Y="84230.3" />
				<Coordinate Order="38" X="41833.5" Y="84334.6" />
				<Coordinate Order="39" X="41836.1" Y="84441.5" />
				<Coordinate Order="40" X="41815.2" Y="84545.8" />
				<Coordinate Order="41" X="41799.6" Y="84650.1" />
				<Coordinate Order="42" X="41838.7" Y="84749.2" />
				<Coordinate Order="43" X="41838.7" Y="84827.5" />
				<Coordinate Order="44" X="41851.7" Y="84931.8" />
				<Coordinate Order="45" X="41851.7" Y="85041.3" />
				<Coordinate Order="46" X="41783.9" Y="85122.2" />
				<Coordinate Order="47" X="41778.7" Y="85229.1" />
				<Coordinate Order="48" X="41765.7" Y="85333.4" />
				<Coordinate Order="49" X="41770.9" Y="85437.7" />
				<Coordinate Order="50" X="41817.8" Y="85531.6" />
				<Coordinate Order="51" X="41812.6" Y="85635.9" />
				<Coordinate Order="52" X="41828.3" Y="85740.2" />
				<Coordinate Order="53" X="41817.8" Y="85849.8" />
				<Coordinate Order="54" X="41794.4" Y="85956.7" />
				<Coordinate Order="55" X="41768.3" Y="86061" />
				<Coordinate Order="56" X="41789.1" Y="86165.3" />
				<Coordinate Order="57" X="41830.9" Y="86264.4" />
				<Coordinate Order="58" X="41838.7" Y="86340.1" />
				<Coordinate Order="59" X="41830.9" Y="86444.4" />
				<Coordinate Order="60" X="41802.2" Y="86546.1" />
				<Coordinate Order="61" X="41825.7" Y="86608.7" />
				<Coordinate Order="62" X="41919.5" Y="86663.4" />
				<Coordinate Order="63" X="42013.4" Y="86616.5" />
				<Coordinate Order="64" X="42068.2" Y="86522.6" />
				<Coordinate Order="65" X="42089.1" Y="86418.3" />
				<Coordinate Order="66" X="42099.5" Y="86311.4" />
				<Coordinate Order="67" X="42115.1" Y="86204.5" />
				<Coordinate Order="68" X="42138.6" Y="86100.1" />
				<Coordinate Order="69" X="42177.7" Y="86110.6" />
				<Coordinate Order="70" X="42240.3" Y="86024.5" />
				<Coordinate Order="71" X="42256" Y="85920.2" />
				<Coordinate Order="72" X="42266.4" Y="85810.7" />
				<Coordinate Order="73" X="42279.4" Y="85706.3" />
				<Coordinate Order="74" X="42302.9" Y="85596.8" />
				<Coordinate Order="75" X="42323.8" Y="85492.5" />
				<Coordinate Order="76" X="42352.4" Y="85385.6" />
				<Coordinate Order="77" X="42362.9" Y="85281.3" />
				<Coordinate Order="78" X="42381.1" Y="85171.7" />
				<Coordinate Order="79" X="42404.6" Y="85070" />
				<Coordinate Order="80" X="42438.5" Y="84968.3" />
				<Coordinate Order="81" X="42480.2" Y="84869.2" />
				<Coordinate Order="82" X="42524.6" Y="84767.5" />
				<Coordinate Order="83" X="42553.3" Y="84665.8" />
				<Coordinate Order="84" X="42532.4" Y="84556.3" />
				<Coordinate Order="85" X="42522" Y="84451.9" />
				<Coordinate Order="86" X="42550.7" Y="84350.2" />
				<Coordinate Order="87" X="42576.7" Y="84248.5" />
				<Coordinate Order="88" X="42595" Y="84144.2" />
				<Coordinate Order="89" X="42597.6" Y="84141.6" />
				<Coordinate Order="90" X="42602.8" Y="84034.7" />
				<Coordinate Order="91" X="42618.5" Y="83930.4" />
				<Coordinate Order="92" X="42634.1" Y="83826" />
				<Coordinate Order="93" X="42636.7" Y="83721.7" />
				<Coordinate Order="94" X="42623.7" Y="83617.4" />
				<Coordinate Order="95" X="42623.7" Y="83507.9" />
				<Coordinate Order="96" X="42623.7" Y="83398.3" />
				<Coordinate Order="97" X="42623.7" Y="83291.4" />
				<Coordinate Order="98" X="42608" Y="83184.5" />
				<Coordinate Order="99" X="42581.9" Y="83030.6" />
				<Coordinate Order="100" X="42542.8" Y="82921.1" />
				<Coordinate Order="101" X="42508.9" Y="82822" />
				<Coordinate Order="102" X="42480.2" Y="82717.7" />
				<Coordinate Order="103" X="42443.7" Y="82618.6" />
				<Coordinate Order="104" X="42412.4" Y="82516.9" />
				<Coordinate Order="105" X="42378.5" Y="82409.9" />
				<Coordinate Order="106" X="42295.1" Y="82339.5" />
				<Coordinate Order="107" X="42193.4" Y="82308.2" />
				<Coordinate Order="108" X="42177.7" Y="82316.1" />
			</Coordinates>
		</Annotation>
	</Annotations>
	<AnnotationGroups>
		<Group Name="metastases" PartOfGroup="None" Color="#ff0000">
			<Attributes />
		</Group>
	</AnnotationGroups>
</ASAP_Annotations>
