<?xml version="1.0"?>
<ASAP_Annotations>
	<Annotations>
		<Annotation Name="Annotation 1" Type="Polygon" PartOfGroup="metastases" Color="#F4FA58">
			<Coordinates>
				<Coordinate Order="0" X="68393.4" Y="135637" />
				<Coordinate Order="1" X="68346.7" Y="135644" />
				<Coordinate Order="2" X="68304.9" Y="135654" />
				<Coordinate Order="3" X="68285.5" Y="135688" />
				<Coordinate Order="4" X="68286.5" Y="135727" />
				<Coordinate Order="5" X="68289.4" Y="135768" />
				<Coordinate Order="6" X="68313.7" Y="135799" />
				<Coordinate Order="7" X="68346.7" Y="135823" />
				<Coordinate Order="8" X="68366.2" Y="135861" />
				<Coordinate Order="9" X="68383.7" Y="135897" />
				<Coordinate Order="10" X="68429.4" Y="135894" />
				<Coordinate Order="11" X="68442" Y="135854" />
				<Coordinate Order="12" X="68445.9" Y="135814" />
				<Coordinate Order="13" X="68486.7" Y="135813" />
				<Coordinate Order="14" X="68520.8" Y="135836" />
				<Coordinate Order="15" X="68562.6" Y="135847" />
				<Coordinate Order="16" X="68610.2" Y="135859" />
				<Coordinate Order="17" X="68647.1" Y="135844" />
				<Coordinate Order="18" X="68653.9" Y="135805" />
				<Coordinate Order="19" X="68627.7" Y="135774" />
				<Coordinate Order="20" X="68601.4" Y="135742" />
				<Coordinate Order="21" X="68567.4" Y="135715" />
				<Coordinate Order="22" X="68524.6" Y="135699" />
				<Coordinate Order="23" X="68556.7" Y="135674" />
				<Coordinate Order="24" X="68564.5" Y="135635" />
				<Coordinate Order="25" X="68548" Y="135599" />
				<Coordinate Order="26" X="68513" Y="135578" />
				<Coordinate Order="27" X="68474.1" Y="135569" />
				<Coordinate Order="28" X="68429.4" Y="135577" />
				<Coordinate Order="29" X="68408" Y="135611" />
			</Coordinates>
		</Annotation>
	</Annotations>
	<AnnotationGroups>
		<Group Name="metastases" PartOfGroup="None" Color="#ff0000">
			<Attributes />
		</Group>
	</AnnotationGroups>
</ASAP_Annotations>
