<?xml version="1.0"?>
<ASAP_Annotations>
	<Annotations>
		<Annotation Name="Annotation 0" Type="Polygon" PartOfGroup="metastases" Color="#F4FA58">
			<Coordinates>
				<Coordinate Order="0" X="74144.1" Y="63561.7" />
				<Coordinate Order="1" X="74038.2" Y="63586.5" />
				<Coordinate Order="2" X="73979.6" Y="63658.6" />
				<Coordinate Order="3" X="74002.1" Y="63753.3" />
				<Coordinate Order="4" X="74087.8" Y="63805.1" />
				<Coordinate Order="5" X="74180.1" Y="63789.3" />
				<Coordinate Order="6" X="74261.3" Y="63724" />
				<Coordinate Order="7" X="74263.5" Y="63618.1" />
			</Coordinates>
		</Annotation>
		<Annotation Name="Annotation 1" Type="Polygon" PartOfGroup="metastases" Color="#F4FA58">
			<Coordinates>
				<Coordinate Order="0" X="73359.9" Y="64016.9" />
				<Coordinate Order="1" X="73301.3" Y="64095.8" />
				<Coordinate Order="2" X="73278.8" Y="64201.7" />
				<Coordinate Order="3" X="73308" Y="64287.4" />
				<Coordinate Order="4" X="73395.9" Y="64336.9" />
				<Coordinate Order="5" X="73472.5" Y="64287.4" />
				<Coordinate Order="6" X="73508.6" Y="64195" />
				<Coordinate Order="7" X="73510.9" Y="64104.8" />
				<Coordinate Order="8" X="73470.3" Y="64021.4" />
			</Coordinates>
		</Annotation>
		<Annotation Name="Annotation 2" Type="Polygon" PartOfGroup="metastases" Color="#F4FA58">
			<Coordinates>
				<Coordinate Order="0" X="74344.6" Y="63942.6" />
				<Coordinate Order="1" X="74277" Y="64030.5" />
				<Coordinate Order="2" X="74243.2" Y="64122.8" />
				<Coordinate Order="3" X="74225.2" Y="64224.3" />
				<Coordinate Order="4" X="74290.6" Y="64289.6" />
				<Coordinate Order="5" X="74385.2" Y="64280.6" />
				<Coordinate Order="6" X="74455.1" Y="64206.2" />
				<Coordinate Order="7" X="74468.6" Y="64100.3" />
				<Coordinate Order="8" X="74446.1" Y="64007.9" />
			</Coordinates>
		</Annotation>
		<Annotation Name="Annotation 3" Type="Polygon" PartOfGroup="metastases" Color="#F4FA58">
			<Coordinates>
				<Coordinate Order="0" X="75300.1" Y="63726.2" />
				<Coordinate Order="1" X="75216.7" Y="63769.1" />
				<Coordinate Order="2" X="75164.9" Y="63863.7" />
				<Coordinate Order="3" X="75192" Y="63958.3" />
				<Coordinate Order="4" X="75273.1" Y="64010.2" />
				<Coordinate Order="5" X="75376.7" Y="63998.9" />
				<Coordinate Order="6" X="75464.6" Y="63938.1" />
				<Coordinate Order="7" X="75491.7" Y="63834.4" />
				<Coordinate Order="8" X="75444.3" Y="63746.5" />
			</Coordinates>
		</Annotation>
		<Annotation Name="Annotation 4" Type="Polygon" PartOfGroup="metastases" Color="#F4FA58">
			<Coordinates>
				<Coordinate Order="0" X="76167.7" Y="63548.2" />
				<Coordinate Order="1" X="76095.6" Y="63606.8" />
				<Coordinate Order="2" X="76064.1" Y="63701.4" />
				<Coordinate Order="3" X="76052.8" Y="63793.8" />
				<Coordinate Order="4" X="76084.3" Y="63884" />
				<Coordinate Order="5" X="76151.9" Y="63947.1" />
				<Coordinate Order="6" X="76246.6" Y="63960.6" />
				<Coordinate Order="7" X="76330" Y="63922.3" />
				<Coordinate Order="8" X="76357" Y="63816.4" />
				<Coordinate Order="9" X="76348" Y="63706" />
				<Coordinate Order="10" X="76305.2" Y="63602.3" />
				<Coordinate Order="11" X="76138.4" Y="63550.5" />
			</Coordinates>
		</Annotation>
		<Annotation Name="Annotation 5" Type="Polygon" PartOfGroup="metastases" Color="#F4FA58">
			<Coordinates>
				<Coordinate Order="0" X="76411.1" Y="64030.5" />
				<Coordinate Order="1" X="76388.6" Y="64134.1" />
				<Coordinate Order="2" X="76424.6" Y="64219.8" />
				<Coordinate Order="3" X="76541.8" Y="64231" />
				<Coordinate Order="4" X="76607.1" Y="64152.1" />
				<Coordinate Order="5" X="76598.1" Y="64046.2" />
				<Coordinate Order="6" X="76510.2" Y="63996.7" />
				<Coordinate Order="7" X="76408.8" Y="64001.2" />
			</Coordinates>
		</Annotation>
		<Annotation Name="Annotation 6" Type="Polygon" PartOfGroup="metastases" Color="#F4FA58">
			<Coordinates>
				<Coordinate Order="0" X="76039.3" Y="64249" />
				<Coordinate Order="1" X="75933.4" Y="64271.6" />
				<Coordinate Order="2" X="75847.7" Y="64303.1" />
				<Coordinate Order="3" X="75780.1" Y="64379.7" />
				<Coordinate Order="4" X="75762.1" Y="64472.1" />
				<Coordinate Order="5" X="75845.5" Y="64524" />
				<Coordinate Order="6" X="75949.1" Y="64503.7" />
				<Coordinate Order="7" X="76032.5" Y="64465.4" />
				<Coordinate Order="8" X="76109.1" Y="64386.5" />
				<Coordinate Order="9" X="76142.9" Y="64298.6" />
				<Coordinate Order="10" X="76075.3" Y="64228.8" />
				<Coordinate Order="11" X="76075.3" Y="64228.8" />
			</Coordinates>
		</Annotation>
		<Annotation Name="Annotation 7" Type="Polygon" PartOfGroup="metastases" Color="#F4FA58">
			<Coordinates>
				<Coordinate Order="0" X="74748" Y="64145.4" />
				<Coordinate Order="1" X="74646.6" Y="64145.4" />
				<Coordinate Order="2" X="74552" Y="64204" />
				<Coordinate Order="3" X="74524.9" Y="64316.6" />
				<Coordinate Order="4" X="74576.8" Y="64393.3" />
				<Coordinate Order="5" X="74687.2" Y="64402.3" />
				<Coordinate Order="6" X="74752.5" Y="64318.9" />
				<Coordinate Order="7" X="74781.8" Y="64219.8" />
			</Coordinates>
		</Annotation>
		<Annotation Name="Annotation 8" Type="Polygon" PartOfGroup="metastases" Color="#F4FA58">
			<Coordinates>
				<Coordinate Order="0" X="74090" Y="64620.9" />
				<Coordinate Order="1" X="73984.1" Y="64636.6" />
				<Coordinate Order="2" X="73900.7" Y="64688.5" />
				<Coordinate Order="3" X="73833.1" Y="64753.8" />
				<Coordinate Order="4" X="73779" Y="64848.5" />
				<Coordinate Order="5" X="73740.7" Y="64954.4" />
				<Coordinate Order="6" X="73747.5" Y="65051.3" />
				<Coordinate Order="7" X="73794.8" Y="65136.9" />
				<Coordinate Order="8" X="73855.6" Y="65211.3" />
				<Coordinate Order="9" X="73943.5" Y="65150.4" />
				<Coordinate Order="10" X="73959.3" Y="65053.5" />
				<Coordinate Order="11" X="74004.4" Y="64965.7" />
				<Coordinate Order="12" X="74101.3" Y="64911.6" />
				<Coordinate Order="13" X="74132.8" Y="64810.2" />
				<Coordinate Order="14" X="74130.6" Y="64704.2" />
			</Coordinates>
		</Annotation>
		<Annotation Name="Annotation 9" Type="Polygon" PartOfGroup="metastases" Color="#F4FA58">
			<Coordinates>
				<Coordinate Order="0" X="74038.2" Y="65175.2" />
				<Coordinate Order="1" X="73932.3" Y="65200" />
				<Coordinate Order="2" X="73871.4" Y="65278.9" />
				<Coordinate Order="3" X="73909.7" Y="65362.3" />
				<Coordinate Order="4" X="74015.6" Y="65387.1" />
				<Coordinate Order="5" X="74132.8" Y="65387.1" />
				<Coordinate Order="6" X="74225.2" Y="65380.3" />
				<Coordinate Order="7" X="74263.5" Y="65296.9" />
				<Coordinate Order="8" X="74182.4" Y="65238.3" />
			</Coordinates>
		</Annotation>
		<Annotation Name="Annotation 10" Type="Polygon" PartOfGroup="metastases" Color="#F4FA58">
			<Coordinates>
				<Coordinate Order="0" X="75011.7" Y="64684" />
				<Coordinate Order="1" X="74912.5" Y="64735.8" />
				<Coordinate Order="2" X="74842.7" Y="64812.4" />
				<Coordinate Order="3" X="74829.1" Y="64916.1" />
				<Coordinate Order="4" X="74890" Y="64992.7" />
				<Coordinate Order="5" X="74968.9" Y="65042.3" />
				<Coordinate Order="6" X="75056.8" Y="65062.6" />
				<Coordinate Order="7" X="75126.6" Y="65001.7" />
				<Coordinate Order="8" X="75160.4" Y="64904.8" />
				<Coordinate Order="9" X="75149.1" Y="64805.7" />
			</Coordinates>
		</Annotation>
		<Annotation Name="Annotation 11" Type="Polygon" PartOfGroup="metastases" Color="#F4FA58">
			<Coordinates>
				<Coordinate Order="0" X="73537.9" Y="64605.1" />
				<Coordinate Order="1" X="73432" Y="64643.4" />
				<Coordinate Order="2" X="73348.6" Y="64684" />
				<Coordinate Order="3" X="73278.8" Y="64753.8" />
				<Coordinate Order="4" X="73303.5" Y="64844" />
				<Coordinate Order="5" X="73429.7" Y="64828.2" />
				<Coordinate Order="6" X="73508.6" Y="64783.1" />
				<Coordinate Order="7" X="73592" Y="64738.1" />
				<Coordinate Order="8" X="73652.8" Y="64670.4" />
			</Coordinates>
		</Annotation>
		<Annotation Name="Annotation 12" Type="Polygon" PartOfGroup="metastases" Color="#F4FA58">
			<Coordinates>
				<Coordinate Order="0" X="74497.9" Y="65668.7" />
				<Coordinate Order="1" X="74380.7" Y="65731.8" />
				<Coordinate Order="2" X="74277" Y="65756.6" />
				<Coordinate Order="3" X="74168.9" Y="65761.1" />
				<Coordinate Order="4" X="74065.2" Y="65797.2" />
				<Coordinate Order="5" X="73975.1" Y="65855.8" />
				<Coordinate Order="6" X="73909.7" Y="65941.4" />
				<Coordinate Order="7" X="73914.2" Y="66047.3" />
				<Coordinate Order="8" X="73975.1" Y="66139.7" />
				<Coordinate Order="9" X="74053.9" Y="66189.3" />
				<Coordinate Order="10" X="74141.8" Y="66259.1" />
				<Coordinate Order="11" X="74056.2" Y="66308.7" />
				<Coordinate Order="12" X="73966.1" Y="66320" />
				<Coordinate Order="13" X="73882.7" Y="66365.1" />
				<Coordinate Order="14" X="73810.6" Y="66425.9" />
				<Coordinate Order="15" X="73713.7" Y="66464.2" />
				<Coordinate Order="16" X="73607.8" Y="66493.5" />
				<Coordinate Order="17" X="73515.4" Y="66554.4" />
				<Coordinate Order="18" X="73454.5" Y="66624.2" />
				<Coordinate Order="19" X="73459" Y="66721.1" />
				<Coordinate Order="20" X="73546.9" Y="66763.9" />
				<Coordinate Order="21" X="73634.8" Y="66694.1" />
				<Coordinate Order="22" X="73693.4" Y="66612.9" />
				<Coordinate Order="23" X="73743" Y="66522.8" />
				<Coordinate Order="24" X="73855.6" Y="66482.2" />
				<Coordinate Order="25" X="73970.6" Y="66428.2" />
				<Coordinate Order="26" X="74065.2" Y="66421.4" />
				<Coordinate Order="27" X="74101.3" Y="66504.8" />
				<Coordinate Order="28" X="74065.2" Y="66601.7" />
				<Coordinate Order="29" X="73990.9" Y="66660.3" />
				<Coordinate Order="30" X="73966.1" Y="66750.4" />
				<Coordinate Order="31" X="73873.7" Y="66739.1" />
				<Coordinate Order="32" X="73772.3" Y="66754.9" />
				<Coordinate Order="33" X="73706.9" Y="66820.3" />
				<Coordinate Order="34" X="73664.1" Y="66901.4" />
				<Coordinate Order="35" X="73576.2" Y="66932.9" />
				<Coordinate Order="36" X="73492.8" Y="66982.5" />
				<Coordinate Order="37" X="73587.5" Y="67027.6" />
				<Coordinate Order="38" X="73610" Y="66939.7" />
				<Coordinate Order="39" X="73695.6" Y="66890.1" />
				<Coordinate Order="40" X="73790.3" Y="66883.4" />
				<Coordinate Order="41" X="73887.2" Y="66851.8" />
				<Coordinate Order="42" X="73930" Y="66761.7" />
				<Coordinate Order="43" X="74020.1" Y="66797.7" />
				<Coordinate Order="44" X="74123.8" Y="66806.8" />
				<Coordinate Order="45" X="74200.4" Y="66745.9" />
				<Coordinate Order="46" X="74223" Y="66646.8" />
				<Coordinate Order="47" X="74299.6" Y="66703.1" />
				<Coordinate Order="48" X="74389.7" Y="66734.6" />
				<Coordinate Order="49" X="74484.4" Y="66763.9" />
				<Coordinate Order="50" X="74497.9" Y="66858.6" />
				<Coordinate Order="51" X="74410" Y="66932.9" />
				<Coordinate Order="52" X="74337.9" Y="66991.5" />
				<Coordinate Order="53" X="74247.8" Y="67059.1" />
				<Coordinate Order="54" X="74177.9" Y="67129" />
				<Coordinate Order="55" X="74132.8" Y="67230.4" />
				<Coordinate Order="56" X="74121.6" Y="67325" />
				<Coordinate Order="57" X="74218.5" Y="67388.1" />
				<Coordinate Order="58" X="74315.4" Y="67419.7" />
				<Coordinate Order="59" X="74407.7" Y="67406.2" />
				<Coordinate Order="60" X="74493.4" Y="67345.3" />
				<Coordinate Order="61" X="74572.3" Y="67257.4" />
				<Coordinate Order="62" X="74606" Y="67160.5" />
				<Coordinate Order="63" X="74601.5" Y="67065.9" />
				<Coordinate Order="64" X="74561" Y="66975.8" />
				<Coordinate Order="65" X="74628.6" Y="67068.1" />
				<Coordinate Order="66" X="74619.6" Y="67185.3" />
				<Coordinate Order="67" X="74657.9" Y="67275.5" />
				<Coordinate Order="68" X="74754.8" Y="67327.3" />
				<Coordinate Order="69" X="74844.9" Y="67309.3" />
				<Coordinate Order="70" X="74901.3" Y="67225.9" />
				<Coordinate Order="71" X="74905.8" Y="67124.5" />
				<Coordinate Order="72" X="74962.1" Y="67047.9" />
				<Coordinate Order="73" X="75052.2" Y="67059.1" />
				<Coordinate Order="74" X="75144.6" Y="67097.4" />
				<Coordinate Order="75" X="75196.5" Y="67167.3" />
				<Coordinate Order="76" X="75261.8" Y="67243.9" />
				<Coordinate Order="77" X="75363.2" Y="67271" />
				<Coordinate Order="78" X="75455.6" Y="67255.2" />
				<Coordinate Order="79" X="75518.7" Y="67329.6" />
				<Coordinate Order="80" X="75487.2" Y="67417.4" />
				<Coordinate Order="81" X="75455.6" Y="67503.1" />
				<Coordinate Order="82" X="75365.5" Y="67559.4" />
				<Coordinate Order="83" X="75358.7" Y="67681.1" />
				<Coordinate Order="84" X="75442.1" Y="67726.2" />
				<Coordinate Order="85" X="75545.8" Y="67741.9" />
				<Coordinate Order="86" X="75577.3" Y="67843.4" />
				<Coordinate Order="87" X="75545.8" Y="67935.7" />
				<Coordinate Order="88" X="75478.1" Y="68010.1" />
				<Coordinate Order="89" X="75383.5" Y="68021.4" />
				<Coordinate Order="90" X="75306.9" Y="67951.5" />
				<Coordinate Order="91" X="75232.5" Y="67877.1" />
				<Coordinate Order="92" X="75142.4" Y="67901.9" />
				<Coordinate Order="93" X="75068" Y="67958.3" />
				<Coordinate Order="94" X="75007.2" Y="68055.2" />
				<Coordinate Order="95" X="75045.5" Y="68140.8" />
				<Coordinate Order="96" X="75137.9" Y="68170.1" />
				<Coordinate Order="97" X="75230.3" Y="68152.1" />
				<Coordinate Order="98" X="75207.7" Y="68251.2" />
				<Coordinate Order="99" X="75126.6" Y="68303.1" />
				<Coordinate Order="100" X="75140.1" Y="68397.7" />
				<Coordinate Order="101" X="75185.2" Y="68505.9" />
				<Coordinate Order="102" X="75273.1" Y="68544.2" />
				<Coordinate Order="103" X="75338.4" Y="68478.8" />
				<Coordinate Order="104" X="75376.7" Y="68390.9" />
				<Coordinate Order="105" X="75457.9" Y="68327.9" />
				<Coordinate Order="106" X="75550.3" Y="68300.8" />
				<Coordinate Order="107" X="75608.9" Y="68381.9" />
				<Coordinate Order="108" X="75678.7" Y="68467.6" />
				<Coordinate Order="109" X="75714.8" Y="68550.9" />
				<Coordinate Order="110" X="75656.2" Y="68647.8" />
				<Coordinate Order="111" X="75593.1" Y="68738" />
				<Coordinate Order="112" X="75613.4" Y="68832.6" />
				<Coordinate Order="113" X="75780.1" Y="68900.2" />
				<Coordinate Order="114" X="75919.8" Y="68925" />
				<Coordinate Order="115" X="76014.5" Y="68922.8" />
				<Coordinate Order="116" X="76075.3" Y="68992.6" />
				<Coordinate Order="117" X="76131.7" Y="69064.7" />
				<Coordinate Order="118" X="76176.7" Y="69145.9" />
				<Coordinate Order="119" X="76237.6" Y="69224.7" />
				<Coordinate Order="120" X="76323.2" Y="69256.3" />
				<Coordinate Order="121" X="76390.8" Y="69323.9" />
				<Coordinate Order="122" X="76451.7" Y="69391.5" />
				<Coordinate Order="123" X="76422.4" Y="69483.9" />
				<Coordinate Order="124" X="76478.7" Y="69558.3" />
				<Coordinate Order="125" X="76550.8" Y="69501.9" />
				<Coordinate Order="126" X="76575.6" Y="69402.8" />
				<Coordinate Order="127" X="76584.6" Y="69308.1" />
				<Coordinate Order="128" X="76629.7" Y="69206.7" />
				<Coordinate Order="129" X="76695" Y="69121.1" />
				<Coordinate Order="130" X="76758.1" Y="69026.4" />
				<Coordinate Order="131" X="76837" Y="68936.3" />
				<Coordinate Order="132" X="76895.6" Y="68803.3" />
				<Coordinate Order="133" X="76900.1" Y="68659.1" />
				<Coordinate Order="134" X="76904.6" Y="68564.5" />
				<Coordinate Order="135" X="76897.8" Y="68465.3" />
				<Coordinate Order="136" X="76897.8" Y="68368.4" />
				<Coordinate Order="137" X="76924.9" Y="68276" />
				<Coordinate Order="138" X="76924.9" Y="68181.4" />
				<Coordinate Order="139" X="76954.2" Y="68068.7" />
				<Coordinate Order="140" X="76976.7" Y="67971.8" />
				<Coordinate Order="141" X="76979" Y="67872.6" />
				<Coordinate Order="142" X="76994.7" Y="67780.3" />
				<Coordinate Order="143" X="77019.5" Y="67678.8" />
				<Coordinate Order="144" X="77062.3" Y="67559.4" />
				<Coordinate Order="145" X="77091.6" Y="67458" />
				<Coordinate Order="146" X="77092.6" Y="67327.8" />
				<Coordinate Order="147" X="77100.4" Y="67206.6" />
				<Coordinate Order="148" X="77129" Y="67049.8" />
				<Coordinate Order="149" X="77148.2" Y="66839.9" />
				<Coordinate Order="150" X="77170.7" Y="66654" />
				<Coordinate Order="151" X="77176.1" Y="66465.2" />
				<Coordinate Order="152" X="77190.8" Y="66293" />
				<Coordinate Order="153" X="77179.5" Y="66196.1" />
				<Coordinate Order="154" X="77152.5" Y="66103.7" />
				<Coordinate Order="155" X="77143.5" Y="66000" />
				<Coordinate Order="156" X="77102.9" Y="65747.6" />
				<Coordinate Order="157" X="77078.1" Y="65648.5" />
				<Coordinate Order="158" X="77078.1" Y="65538" />
				<Coordinate Order="159" X="77062.3" Y="65445.6" />
				<Coordinate Order="160" X="77057.8" Y="65342" />
				<Coordinate Order="161" X="77060.1" Y="65242.8" />
				<Coordinate Order="162" X="77057.8" Y="65143.7" />
				<Coordinate Order="163" X="77039.8" Y="65031" />
				<Coordinate Order="164" X="77015" Y="64931.8" />
				<Coordinate Order="165" X="76994.7" Y="64839.5" />
				<Coordinate Order="166" X="76985.7" Y="64738.1" />
				<Coordinate Order="167" X="76960.9" Y="64641.1" />
				<Coordinate Order="168" X="76936.1" Y="64546.5" />
				<Coordinate Order="169" X="76904.6" Y="64456.4" />
				<Coordinate Order="170" X="76828" Y="64345.9" />
				<Coordinate Order="171" X="76740.1" Y="64291.9" />
				<Coordinate Order="172" X="76652.2" Y="64260.3" />
				<Coordinate Order="173" X="76557.6" Y="64262.6" />
				<Coordinate Order="174" X="76453.9" Y="64280.6" />
				<Coordinate Order="175" X="76352.5" Y="64312.1" />
				<Coordinate Order="176" X="76262.4" Y="64364" />
				<Coordinate Order="177" X="76242.1" Y="64463.1" />
				<Coordinate Order="178" X="76248.8" Y="64557.8" />
				<Coordinate Order="179" X="76275.9" Y="64656.9" />
				<Coordinate Order="180" X="76307.4" Y="64742.6" />
				<Coordinate Order="181" X="76269.1" Y="64839.5" />
				<Coordinate Order="182" X="76201.5" Y="64900.3" />
				<Coordinate Order="183" X="76179" Y="64994.9" />
				<Coordinate Order="184" X="76206" Y="65103.1" />
				<Coordinate Order="185" X="76289.4" Y="65166.2" />
				<Coordinate Order="186" X="76375" Y="65197.8" />
				<Coordinate Order="187" X="76375" Y="65292.4" />
				<Coordinate Order="188" X="76287.1" Y="65425.4" />
				<Coordinate Order="189" X="76197" Y="65427.6" />
				<Coordinate Order="190" X="76106.9" Y="65459.2" />
				<Coordinate Order="191" X="76003.2" Y="65499.7" />
				<Coordinate Order="192" X="75915.3" Y="65542.5" />
				<Coordinate Order="193" X="75827.4" Y="65565.1" />
				<Coordinate Order="194" X="75757.6" Y="65493" />
				<Coordinate Order="195" X="75692.2" Y="65429.9" />
				<Coordinate Order="196" X="75656.2" Y="65339.7" />
				<Coordinate Order="197" X="75617.9" Y="65240.6" />
				<Coordinate Order="198" X="75572.8" Y="65161.7" />
				<Coordinate Order="199" X="75478.1" Y="65150.4" />
				<Coordinate Order="200" X="75417.3" Y="65231.6" />
				<Coordinate Order="201" X="75417.3" Y="65344.2" />
				<Coordinate Order="202" X="75466.9" Y="65445.6" />
				<Coordinate Order="203" X="75505.2" Y="65535.8" />
				<Coordinate Order="204" X="75568.3" Y="65603.4" />
				<Coordinate Order="205" X="75617.9" Y="65680" />
				<Coordinate Order="206" X="75545.8" Y="65747.6" />
				<Coordinate Order="207" X="75453.4" Y="65754.4" />
				<Coordinate Order="208" X="75349.7" Y="65752.1" />
				<Coordinate Order="209" X="75241.5" Y="65743.1" />
				<Coordinate Order="210" X="75133.4" Y="65736.3" />
				<Coordinate Order="211" X="75036.5" Y="65736.3" />
				<Coordinate Order="212" X="74926" Y="65691.3" />
				<Coordinate Order="213" X="74806.6" Y="65677.8" />
				<Coordinate Order="214" X="74703" Y="65641.7" />
				<Coordinate Order="215" X="74524.9" Y="65664.2" />
			</Coordinates>
		</Annotation>
		<Annotation Name="Annotation 14" Type="Polygon" PartOfGroup="metastases" Color="#F4FA58">
			<Coordinates>
				<Coordinate Order="0" X="76386.3" Y="69684.4" />
				<Coordinate Order="1" X="76287.1" Y="69682.2" />
				<Coordinate Order="2" X="76197" Y="69695.7" />
				<Coordinate Order="3" X="76124.9" Y="69763.3" />
				<Coordinate Order="4" X="76070.8" Y="69842.2" />
				<Coordinate Order="5" X="76059.5" Y="69948.1" />
				<Coordinate Order="6" X="76100.1" Y="70031.5" />
				<Coordinate Order="7" X="76167.7" Y="70096.8" />
				<Coordinate Order="8" X="76278.1" Y="70119.4" />
				<Coordinate Order="9" X="76366" Y="70083.3" />
				<Coordinate Order="10" X="76433.6" Y="70018" />
				<Coordinate Order="11" X="76478.7" Y="69925.6" />
				<Coordinate Order="12" X="76469.7" Y="69817.4" />
				<Coordinate Order="13" X="76431.4" Y="69734" />
			</Coordinates>
		</Annotation>
		<Annotation Name="Annotation 15" Type="Polygon" PartOfGroup="metastases" Color="#F4FA58">
			<Coordinates>
				<Coordinate Order="0" X="75640.4" Y="69589.8" />
				<Coordinate Order="1" X="75525.5" Y="69594.3" />
				<Coordinate Order="2" X="75482.7" Y="69682.2" />
				<Coordinate Order="3" X="75545.8" Y="69767.8" />
				<Coordinate Order="4" X="75647.2" Y="69783.6" />
				<Coordinate Order="5" X="75737.3" Y="69770.1" />
				<Coordinate Order="6" X="75748.6" Y="69661.9" />
			</Coordinates>
		</Annotation>
		<Annotation Name="Annotation 16" Type="Polygon" PartOfGroup="metastases" Color="#F4FA58">
			<Coordinates>
				<Coordinate Order="0" X="74741.3" Y="68674.9" />
				<Coordinate Order="1" X="74648.9" Y="68679.4" />
				<Coordinate Order="2" X="74610.6" Y="68593.8" />
				<Coordinate Order="3" X="74554.2" Y="68517.1" />
				<Coordinate Order="4" X="74468.6" Y="68487.8" />
				<Coordinate Order="5" X="74383" Y="68517.1" />
				<Coordinate Order="6" X="74292.8" Y="68474.3" />
				<Coordinate Order="7" X="74270.3" Y="68375.2" />
				<Coordinate Order="8" X="74313.1" Y="68289.5" />
				<Coordinate Order="9" X="74252.3" Y="68197.1" />
				<Coordinate Order="10" X="74164.4" Y="68163.3" />
				<Coordinate Order="11" X="74067.5" Y="68140.8" />
				<Coordinate Order="12" X="73972.8" Y="68140.8" />
				<Coordinate Order="13" X="73880.4" Y="68185.9" />
				<Coordinate Order="14" X="73860.1" Y="68287.3" />
				<Coordinate Order="15" X="73930" Y="68361.6" />
				<Coordinate Order="16" X="74033.7" Y="68409" />
				<Coordinate Order="17" X="74130.6" Y="68436" />
				<Coordinate Order="18" X="74234.2" Y="68469.8" />
				<Coordinate Order="19" X="74317.6" Y="68535.2" />
				<Coordinate Order="20" X="74376.2" Y="68607.3" />
				<Coordinate Order="21" X="74389.7" Y="68708.7" />
				<Coordinate Order="22" X="74468.6" Y="68783.1" />
				<Coordinate Order="23" X="74547.5" Y="68834.9" />
				<Coordinate Order="24" X="74563.2" Y="68947.6" />
				<Coordinate Order="25" X="74468.6" Y="68925" />
				<Coordinate Order="26" X="74401" Y="68857.4" />
				<Coordinate Order="27" X="74306.3" Y="68805.6" />
				<Coordinate Order="28" X="74216.2" Y="68821.4" />
				<Coordinate Order="29" X="74182.4" Y="68909.3" />
				<Coordinate Order="30" X="74225.2" Y="68992.6" />
				<Coordinate Order="31" X="74301.8" Y="69060.2" />
				<Coordinate Order="32" X="74385.2" Y="69103" />
				<Coordinate Order="33" X="74351.4" Y="69188.7" />
				<Coordinate Order="34" X="74310.8" Y="69103" />
				<Coordinate Order="35" X="74261.3" Y="69179.7" />
				<Coordinate Order="36" X="74358.2" Y="69236" />
				<Coordinate Order="37" X="74468.6" Y="69213.5" />
				<Coordinate Order="38" X="74518.2" Y="69130.1" />
				<Coordinate Order="39" X="74601.5" Y="69215.7" />
				<Coordinate Order="40" X="74612.8" Y="69305.9" />
				<Coordinate Order="41" X="74536.2" Y="69366.7" />
				<Coordinate Order="42" X="74441.5" Y="69402.8" />
				<Coordinate Order="43" X="74353.7" Y="69481.6" />
				<Coordinate Order="44" X="74306.3" Y="69562.8" />
				<Coordinate Order="45" X="74295.1" Y="69686.7" />
				<Coordinate Order="46" X="74328.9" Y="69774.6" />
				<Coordinate Order="47" X="74423.5" Y="69810.6" />
				<Coordinate Order="48" X="74491.1" Y="69729.5" />
				<Coordinate Order="49" X="74529.4" Y="69641.6" />
				<Coordinate Order="50" X="74624.1" Y="69619.1" />
				<Coordinate Order="51" X="74703" Y="69571.8" />
				<Coordinate Order="52" X="74730" Y="69481.6" />
				<Coordinate Order="53" X="74727.7" Y="69375.7" />
				<Coordinate Order="54" X="74727.7" Y="69283.3" />
				<Coordinate Order="55" X="74757" Y="69186.4" />
				<Coordinate Order="56" X="74797.6" Y="69096.3" />
				<Coordinate Order="57" X="74815.6" Y="69001.6" />
				<Coordinate Order="58" X="74849.4" Y="68907" />
				<Coordinate Order="59" X="74885.5" Y="68821.4" />
				<Coordinate Order="60" X="74903.5" Y="68731.2" />
				<Coordinate Order="61" X="74878.7" Y="68643.3" />
			</Coordinates>
		</Annotation>
		<Annotation Name="Annotation 17" Type="Polygon" PartOfGroup="metastases" Color="#F4FA58">
			<Coordinates>
				<Coordinate Order="0" X="74033.7" Y="62658.1" />
				<Coordinate Order="1" X="73934.5" Y="62673.9" />
				<Coordinate Order="2" X="73848.9" Y="62718.9" />
				<Coordinate Order="3" X="73801.6" Y="62809.1" />
				<Coordinate Order="4" X="73797" Y="62899.2" />
				<Coordinate Order="5" X="73842.1" Y="62984.8" />
				<Coordinate Order="6" X="73927.8" Y="63020.9" />
				<Coordinate Order="7" X="74031.4" Y="62980.3" />
				<Coordinate Order="8" X="74099" Y="62908.2" />
				<Coordinate Order="9" X="74139.6" Y="62813.6" />
				<Coordinate Order="10" X="74067.5" Y="62655.8" />
				<Coordinate Order="11" X="74067.5" Y="62655.8" />
			</Coordinates>
		</Annotation>
		<Annotation Name="Annotation 18" Type="Polygon" PartOfGroup="metastases" Color="#F4FA58">
			<Coordinates>
				<Coordinate Order="0" X="74277" Y="62313.3" />
				<Coordinate Order="1" X="74171.1" Y="62333.6" />
				<Coordinate Order="2" X="74096.8" Y="62405.7" />
				<Coordinate Order="3" X="74083.2" Y="62525.1" />
				<Coordinate Order="4" X="74119.3" Y="62626.5" />
				<Coordinate Order="5" X="74186.9" Y="62689.6" />
				<Coordinate Order="6" X="74283.8" Y="62709.9" />
				<Coordinate Order="7" X="74387.5" Y="62624.3" />
				<Coordinate Order="8" X="74414.5" Y="62529.6" />
				<Coordinate Order="9" X="74396.5" Y="62428.2" />
			</Coordinates>
		</Annotation>
		<Annotation Name="Annotation 19" Type="Polygon" PartOfGroup="metastases" Color="#F4FA58">
			<Coordinates>
				<Coordinate Order="0" X="74984.6" Y="62586" />
				<Coordinate Order="1" X="74862.9" Y="62599.5" />
				<Coordinate Order="2" X="74759.3" Y="62640.1" />
				<Coordinate Order="3" X="74705.2" Y="62741.5" />
				<Coordinate Order="4" X="74714.2" Y="62838.4" />
				<Coordinate Order="5" X="74766" Y="62928.5" />
				<Coordinate Order="6" X="74860.7" Y="62939.8" />
				<Coordinate Order="7" X="74973.4" Y="62890.2" />
				<Coordinate Order="8" X="75047.7" Y="62838.4" />
				<Coordinate Order="9" X="75106.3" Y="62759.5" />
				<Coordinate Order="10" X="75117.6" Y="62653.6" />
				<Coordinate Order="11" X="75020.7" Y="62581.5" />
				<Coordinate Order="12" X="75020.7" Y="62581.5" />
			</Coordinates>
		</Annotation>
		<Annotation Name="Annotation 20" Type="Polygon" PartOfGroup="metastases" Color="#F4FA58">
			<Coordinates>
				<Coordinate Order="0" X="74995.9" Y="63099.8" />
				<Coordinate Order="1" X="74899" Y="63104.3" />
				<Coordinate Order="2" X="74788.6" Y="63115.5" />
				<Coordinate Order="3" X="74682.7" Y="63147.1" />
				<Coordinate Order="4" X="74628.6" Y="63228.2" />
				<Coordinate Order="5" X="74673.7" Y="63311.6" />
				<Coordinate Order="6" X="74752.5" Y="63356.7" />
				<Coordinate Order="7" X="74844.9" Y="63352.2" />
				<Coordinate Order="8" X="74950.8" Y="63329.6" />
				<Coordinate Order="9" X="75038.7" Y="63289.1" />
				<Coordinate Order="10" X="75090.5" Y="63196.7" />
			</Coordinates>
		</Annotation>
		<Annotation Name="Annotation 21" Type="Polygon" PartOfGroup="metastases" Color="#F4FA58">
			<Coordinates>
				<Coordinate Order="0" X="75376.7" Y="62944.3" />
				<Coordinate Order="1" X="75279.8" Y="62928.5" />
				<Coordinate Order="2" X="75160.4" Y="62942" />
				<Coordinate Order="3" X="75097.3" Y="63007.4" />
				<Coordinate Order="4" X="75099.6" Y="63117.8" />
				<Coordinate Order="5" X="75167.2" Y="63192.2" />
				<Coordinate Order="6" X="75252.8" Y="63223.7" />
				<Coordinate Order="7" X="75349.7" Y="63201.2" />
				<Coordinate Order="8" X="75412.8" Y="63120.1" />
				<Coordinate Order="9" X="75464.6" Y="63045.7" />
				<Coordinate Order="10" X="75415.1" Y="62964.6" />
				<Coordinate Order="11" X="75406" Y="62951" />
			</Coordinates>
		</Annotation>
		<Annotation Name="Annotation 22" Type="Polygon" PartOfGroup="metastases" Color="#F4FA58">
			<Coordinates>
				<Coordinate Order="0" X="70741.3" Y="60618.7" />
				<Coordinate Order="1" X="70626.4" Y="60654.7" />
				<Coordinate Order="2" X="70572.3" Y="60733.6" />
				<Coordinate Order="3" X="70549.8" Y="60832.8" />
				<Coordinate Order="4" X="70570.1" Y="60922.9" />
				<Coordinate Order="5" X="70639.9" Y="61017.6" />
				<Coordinate Order="6" X="70730.1" Y="61013" />
				<Coordinate Order="7" X="70815.7" Y="60940.9" />
				<Coordinate Order="8" X="70863" Y="60846.3" />
				<Coordinate Order="9" X="70874.3" Y="60735.9" />
			</Coordinates>
		</Annotation>
		<Annotation Name="Annotation 23" Type="Polygon" PartOfGroup="metastases" Color="#F4FA58">
			<Coordinates>
				<Coordinate Order="0" X="70585.8" Y="60300.9" />
				<Coordinate Order="1" X="70491.2" Y="60287.4" />
				<Coordinate Order="2" X="70432.6" Y="60377.6" />
				<Coordinate Order="3" X="70441.6" Y="60472.2" />
				<Coordinate Order="4" X="70498" Y="60564.6" />
				<Coordinate Order="5" X="70603.9" Y="60557.8" />
				<Coordinate Order="6" X="70678.2" Y="60470" />
				<Coordinate Order="7" X="70685" Y="60373.1" />
				<Coordinate Order="8" X="70597.1" Y="60276.2" />
				<Coordinate Order="9" X="70597.1" Y="60276.2" />
			</Coordinates>
		</Annotation>
		<Annotation Name="Annotation 24" Type="Polygon" PartOfGroup="metastases" Color="#F4FA58">
			<Coordinates>
				<Coordinate Order="0" X="70365" Y="61427.7" />
				<Coordinate Order="1" X="70272.6" Y="61425.4" />
				<Coordinate Order="2" X="70202.7" Y="61488.5" />
				<Coordinate Order="3" X="70193.7" Y="61587.7" />
				<Coordinate Order="4" X="70279.4" Y="61662" />
				<Coordinate Order="5" X="70383" Y="61646.3" />
				<Coordinate Order="6" X="70446.1" Y="61549.4" />
			</Coordinates>
		</Annotation>
		<Annotation Name="Annotation 25" Type="Polygon" PartOfGroup="metastases" Color="#F4FA58">
			<Coordinates>
				<Coordinate Order="0" X="70703" Y="61788.2" />
				<Coordinate Order="1" X="70603.9" Y="61824.3" />
				<Coordinate Order="2" X="70570.1" Y="61928" />
				<Coordinate Order="3" X="70601.6" Y="62031.6" />
				<Coordinate Order="4" X="70662.5" Y="62130.8" />
				<Coordinate Order="5" X="70761.6" Y="62178.1" />
				<Coordinate Order="6" X="70847.2" Y="62130.8" />
				<Coordinate Order="7" X="70874.3" Y="62024.9" />
				<Coordinate Order="8" X="70887.8" Y="61934.7" />
				<Coordinate Order="9" X="70863" Y="61842.3" />
			</Coordinates>
		</Annotation>
		<Annotation Name="Annotation 26" Type="Polygon" PartOfGroup="metastases" Color="#F4FA58">
			<Coordinates>
				<Coordinate Order="0" X="65927.9" Y="96656.4" />
				<Coordinate Order="1" X="65808.5" Y="96654.1" />
				<Coordinate Order="2" X="65711.6" Y="96667.6" />
				<Coordinate Order="3" X="65610.1" Y="96694.7" />
				<Coordinate Order="4" X="65526.8" Y="96760" />
				<Coordinate Order="5" X="65468.2" Y="96861.4" />
				<Coordinate Order="6" X="65447.9" Y="96953.8" />
				<Coordinate Order="7" X="65445.6" Y="97062" />
				<Coordinate Order="8" X="65495.2" Y="97156.6" />
				<Coordinate Order="9" X="65632.7" Y="97154.4" />
				<Coordinate Order="10" X="65747.6" Y="97136.4" />
				<Coordinate Order="11" X="65837.8" Y="97091.3" />
				<Coordinate Order="12" X="65932.4" Y="97023.7" />
				<Coordinate Order="13" X="66000" Y="96949.3" />
				<Coordinate Order="14" X="66042.8" Y="96852.4" />
				<Coordinate Order="15" X="66031.5" Y="96762.3" />
				<Coordinate Order="16" X="65988.7" Y="96667.6" />
			</Coordinates>
		</Annotation>
		<Annotation Name="Annotation 27" Type="Polygon" PartOfGroup="metastases" Color="#F4FA58">
			<Coordinates>
				<Coordinate Order="0" X="67615.7" Y="97190.5" />
				<Coordinate Order="1" X="67514.3" Y="97217.5" />
				<Coordinate Order="2" X="67440" Y="97269.3" />
				<Coordinate Order="3" X="67374.6" Y="97332.4" />
				<Coordinate Order="4" X="67334.1" Y="97413.5" />
				<Coordinate Order="5" X="67410.7" Y="97476.6" />
				<Coordinate Order="6" X="67503.1" Y="97433.8" />
				<Coordinate Order="7" X="67581.9" Y="97364" />
				<Coordinate Order="8" X="67649.5" Y="97294.1" />
			</Coordinates>
		</Annotation>
		<Annotation Name="Annotation 28" Type="Polygon" PartOfGroup="metastases" Color="#F4FA58">
			<Coordinates>
				<Coordinate Order="0" X="68068.7" Y="97510.4" />
				<Coordinate Order="1" X="67949.3" Y="97515" />
				<Coordinate Order="2" X="67956" Y="97611.9" />
				<Coordinate Order="3" X="68057.4" Y="97670.4" />
				<Coordinate Order="4" X="68143.1" Y="97704.3" />
				<Coordinate Order="5" X="68242.2" Y="97679.5" />
				<Coordinate Order="6" X="68203.9" Y="97578.1" />
				<Coordinate Order="7" X="68100.3" Y="97539.7" />
			</Coordinates>
		</Annotation>
		<Annotation Name="Annotation 29" Type="Polygon" PartOfGroup="metastases" Color="#F4FA58">
			<Coordinates>
				<Coordinate Order="0" X="68104.8" Y="97765.1" />
				<Coordinate Order="1" X="68005.6" Y="97756.1" />
				<Coordinate Order="2" X="67895.2" Y="97767.3" />
				<Coordinate Order="3" X="67807.3" Y="97810.2" />
				<Coordinate Order="4" X="67773.5" Y="97900.3" />
				<Coordinate Order="5" X="67820.8" Y="97999.5" />
				<Coordinate Order="6" X="67915.5" Y="98013" />
				<Coordinate Order="7" X="68012.4" Y="97970.2" />
				<Coordinate Order="8" X="68104.8" Y="97902.6" />
				<Coordinate Order="9" X="68149.8" Y="97812.4" />
			</Coordinates>
		</Annotation>
		<Annotation Name="Annotation 30" Type="Polygon" PartOfGroup="metastases" Color="#F4FA58">
			<Coordinates>
				<Coordinate Order="0" X="68400" Y="97916.1" />
				<Coordinate Order="1" X="68296.3" Y="97893.5" />
				<Coordinate Order="2" X="68197.1" Y="97904.8" />
				<Coordinate Order="3" X="68125" Y="97972.4" />
				<Coordinate Order="4" X="68129.5" Y="98078.3" />
				<Coordinate Order="5" X="68201.7" Y="98139.2" />
				<Coordinate Order="6" X="68300.8" Y="98152.7" />
				<Coordinate Order="7" X="68415.7" Y="98130.2" />
				<Coordinate Order="8" X="68456.3" Y="98040" />
				<Coordinate Order="9" X="68454" Y="97949.9" />
			</Coordinates>
		</Annotation>
		<Annotation Name="Annotation 31" Type="Polygon" PartOfGroup="metastases" Color="#F4FA58">
			<Coordinates>
				<Coordinate Order="0" X="66953.2" Y="98378" />
				<Coordinate Order="1" X="66842.8" Y="98346.5" />
				<Coordinate Order="2" X="66739.1" Y="98342" />
				<Coordinate Order="3" X="66615.2" Y="98371.3" />
				<Coordinate Order="4" X="66525.1" Y="98438.9" />
				<Coordinate Order="5" X="66448.4" Y="98495.2" />
				<Coordinate Order="6" X="66367.3" Y="98571.8" />
				<Coordinate Order="7" X="66392.1" Y="98666.5" />
				<Coordinate Order="8" X="66498" Y="98698" />
				<Coordinate Order="9" X="66603.9" Y="98698" />
				<Coordinate Order="10" X="66725.6" Y="98657.5" />
				<Coordinate Order="11" X="66849.6" Y="98610.1" />
				<Coordinate Order="12" X="66960" Y="98562.8" />
				<Coordinate Order="13" X="67052.4" Y="98499.7" />
				<Coordinate Order="14" X="67054.6" Y="98405.1" />
				<Coordinate Order="15" X="66980.3" Y="98364.5" />
			</Coordinates>
		</Annotation>
		<Annotation Name="Annotation 32" Type="Polygon" PartOfGroup="metastases" Color="#F4FA58">
			<Coordinates>
				<Coordinate Order="0" X="65607.9" Y="98375.8" />
				<Coordinate Order="1" X="65511" Y="98333" />
				<Coordinate Order="2" X="65414.1" Y="98357.8" />
				<Coordinate Order="3" X="65344.2" Y="98427.6" />
				<Coordinate Order="4" X="65269.9" Y="98511" />
				<Coordinate Order="5" X="65260.9" Y="98607.9" />
				<Coordinate Order="6" X="65357.8" Y="98673.2" />
				<Coordinate Order="7" X="65474.9" Y="98648.5" />
				<Coordinate Order="8" X="65580.9" Y="98569.6" />
				<Coordinate Order="9" X="65655.2" Y="98488.5" />
			</Coordinates>
		</Annotation>
		<Annotation Name="Annotation 33" Type="Polygon" PartOfGroup="metastases" Color="#F4FA58">
			<Coordinates>
				<Coordinate Order="0" X="65369" Y="97798.9" />
				<Coordinate Order="1" X="65274.4" Y="97765.1" />
				<Coordinate Order="2" X="65170.7" Y="97807.9" />
				<Coordinate Order="3" X="65125.6" Y="97886.8" />
				<Coordinate Order="4" X="65118.9" Y="97979.2" />
				<Coordinate Order="5" X="65161.7" Y="98082.8" />
				<Coordinate Order="6" X="65236.1" Y="98148.2" />
				<Coordinate Order="7" X="65364.5" Y="98164" />
				<Coordinate Order="8" X="65465.9" Y="98148.2" />
				<Coordinate Order="9" X="65553.8" Y="98100.9" />
				<Coordinate Order="10" X="65553.8" Y="97999.5" />
				<Coordinate Order="11" X="65479.4" Y="97909.3" />
				<Coordinate Order="12" X="65396.1" Y="97844" />
			</Coordinates>
		</Annotation>
		<Annotation Name="Annotation 34" Type="Polygon" PartOfGroup="metastases" Color="#F4FA58">
			<Coordinates>
				<Coordinate Order="0" X="66063.1" Y="97388.8" />
				<Coordinate Order="1" X="65970.7" Y="97379.8" />
				<Coordinate Order="2" X="65864.8" Y="97404.5" />
				<Coordinate Order="3" X="65815.2" Y="97485.7" />
				<Coordinate Order="4" X="65907.6" Y="97553.3" />
				<Coordinate Order="5" X="66029.3" Y="97566.8" />
				<Coordinate Order="6" X="66117.2" Y="97537.5" />
			</Coordinates>
		</Annotation>
		<Annotation Name="Annotation 35" Type="Polygon" PartOfGroup="metastases" Color="#F4FA58">
			<Coordinates>
				<Coordinate Order="0" X="66531.8" Y="97478.9" />
				<Coordinate Order="1" X="66432.7" Y="97485.7" />
				<Coordinate Order="2" X="66401.1" Y="97582.6" />
				<Coordinate Order="3" X="66500.3" Y="97629.9" />
				<Coordinate Order="4" X="66590.4" Y="97632.1" />
				<Coordinate Order="5" X="66676" Y="97596.1" />
				<Coordinate Order="6" X="66640" Y="97501.4" />
			</Coordinates>
		</Annotation>
		<Annotation Name="Annotation 36" Type="Polygon" PartOfGroup="metastases" Color="#F4FA58">
			<Coordinates>
				<Coordinate Order="0" X="65632.7" Y="97321.2" />
				<Coordinate Order="1" X="65531.3" Y="97348.2" />
				<Coordinate Order="2" X="65560.6" Y="97442.8" />
				<Coordinate Order="3" X="65653" Y="97429.3" />
				<Coordinate Order="4" X="65713.8" Y="97355" />
			</Coordinates>
		</Annotation>
		<Annotation Name="Annotation 37" Type="Polygon" PartOfGroup="metastases" Color="#F4FA58">
			<Coordinates>
				<Coordinate Order="0" X="66243.4" Y="99099.2" />
				<Coordinate Order="1" X="66142" Y="99069.9" />
				<Coordinate Order="2" X="66045.1" Y="99065.4" />
				<Coordinate Order="3" X="65921.1" Y="99105.9" />
				<Coordinate Order="4" X="65880.6" Y="99200.6" />
				<Coordinate Order="5" X="65925.6" Y="99315.5" />
				<Coordinate Order="6" X="66011.3" Y="99353.8" />
				<Coordinate Order="7" X="66133" Y="99367.3" />
				<Coordinate Order="8" X="66227.6" Y="99331.3" />
				<Coordinate Order="9" X="66308.7" Y="99254.6" />
				<Coordinate Order="10" X="66326.8" Y="99153.2" />
			</Coordinates>
		</Annotation>
		<Annotation Name="Annotation 38" Type="Polygon" PartOfGroup="metastases" Color="#F4FA58">
			<Coordinates>
				<Coordinate Order="0" X="67318.3" Y="99434.9" />
				<Coordinate Order="1" X="67183.1" Y="99486.8" />
				<Coordinate Order="2" X="67113.2" Y="99579.1" />
				<Coordinate Order="3" X="67102" Y="99687.3" />
				<Coordinate Order="4" X="67131.3" Y="99791" />
				<Coordinate Order="5" X="67230.4" Y="99804.5" />
				<Coordinate Order="6" X="67340.8" Y="99750.4" />
				<Coordinate Order="7" X="67417.4" Y="99651.3" />
				<Coordinate Order="8" X="67433.2" Y="99556.6" />
				<Coordinate Order="9" X="67410.7" Y="99464.2" />
			</Coordinates>
		</Annotation>
		<Annotation Name="Annotation 39" Type="Polygon" PartOfGroup="metastases" Color="#F4FA58">
			<Coordinates>
				<Coordinate Order="0" X="66932.9" Y="99860.8" />
				<Coordinate Order="1" X="66822.5" Y="99845.1" />
				<Coordinate Order="2" X="66721.1" Y="99822.5" />
				<Coordinate Order="3" X="66626.5" Y="99815.8" />
				<Coordinate Order="4" X="66520.6" Y="99849.6" />
				<Coordinate Order="5" X="66502.5" Y="99957.7" />
				<Coordinate Order="6" X="66588.2" Y="100032" />
				<Coordinate Order="7" X="66669.3" Y="100079" />
				<Coordinate Order="8" X="66761.7" Y="100104" />
				<Coordinate Order="9" X="66851.8" Y="100100" />
				<Coordinate Order="10" X="66946.5" Y="100052" />
				<Coordinate Order="11" X="66993.8" Y="99953.2" />
			</Coordinates>
		</Annotation>
		<Annotation Name="Annotation 40" Type="Polygon" PartOfGroup="metastases" Color="#F4FA58">
			<Coordinates>
				<Coordinate Order="0" X="66998.3" Y="98666.5" />
				<Coordinate Order="1" X="66892.4" Y="98646.2" />
				<Coordinate Order="2" X="66802.2" Y="98684.5" />
				<Coordinate Order="3" X="66833.8" Y="98770.1" />
				<Coordinate Order="4" X="66939.7" Y="98770.1" />
				<Coordinate Order="5" X="67018.6" Y="98716.1" />
			</Coordinates>
		</Annotation>
		<Annotation Name="Annotation 41" Type="Polygon" PartOfGroup="metastases" Color="#F4FA58">
			<Coordinates>
				<Coordinate Order="0" X="69132.7" Y="99096.8" />
				<Coordinate Order="1" X="69121.1" Y="99090.1" />
				<Coordinate Order="2" X="69003.9" Y="99105.9" />
				<Coordinate Order="3" X="68929.5" Y="99171.3" />
				<Coordinate Order="4" X="68938.5" Y="99270.4" />
				<Coordinate Order="5" X="69042.2" Y="99299.7" />
				<Coordinate Order="6" X="69141.4" Y="99283.9" />
				<Coordinate Order="7" X="69195.4" Y="99196.1" />
				<Coordinate Order="8" X="69145.9" Y="99108.2" />
			</Coordinates>
		</Annotation>
		<Annotation Name="Annotation 42" Type="Polygon" PartOfGroup="metastases" Color="#F4FA58">
			<Coordinates>
				<Coordinate Order="0" X="69754.3" Y="99642.2" />
				<Coordinate Order="1" X="69628.1" Y="99635.5" />
				<Coordinate Order="2" X="69526.7" Y="99685.1" />
				<Coordinate Order="3" X="69499.7" Y="99811.3" />
				<Coordinate Order="4" X="69580.8" Y="99910.4" />
				<Coordinate Order="5" X="69689" Y="99935.2" />
				<Coordinate Order="6" X="69794.9" Y="99910.4" />
				<Coordinate Order="7" X="69839.9" Y="99827" />
				<Coordinate Order="8" X="69837.7" Y="99727.9" />
			</Coordinates>
		</Annotation>
		<Annotation Name="Annotation 43" Type="Polygon" PartOfGroup="metastases" Color="#F4FA58">
			<Coordinates>
				<Coordinate Order="0" X="68165.6" Y="99806.7" />
				<Coordinate Order="1" X="68052.9" Y="99824.8" />
				<Coordinate Order="2" X="68039.4" Y="99926.2" />
				<Coordinate Order="3" X="68149.8" Y="99946.5" />
				<Coordinate Order="4" X="68228.7" Y="99887.9" />
			</Coordinates>
		</Annotation>
		<Annotation Name="Annotation 44" Type="Polygon" PartOfGroup="metastases" Color="#F4FA58">
			<Coordinates>
				<Coordinate Order="0" X="68697.4" Y="100440" />
				<Coordinate Order="1" X="68591.5" Y="100399" />
				<Coordinate Order="2" X="68537.4" Y="100494" />
				<Coordinate Order="3" X="68517.1" Y="100582" />
				<Coordinate Order="4" X="68510.4" Y="100672" />
				<Coordinate Order="5" X="68614" Y="100715" />
				<Coordinate Order="6" X="68720" Y="100683" />
				<Coordinate Order="7" X="68785.3" Y="100600" />
				<Coordinate Order="8" X="68787.6" Y="100508" />
			</Coordinates>
		</Annotation>
		<Annotation Name="Annotation 45" Type="Polygon" PartOfGroup="metastases" Color="#F4FA58">
			<Coordinates>
				<Coordinate Order="0" X="68614" Y="100771" />
				<Coordinate Order="1" X="68521.6" Y="100758" />
				<Coordinate Order="2" X="68431.5" Y="100796" />
				<Coordinate Order="3" X="68496.9" Y="100893" />
				<Coordinate Order="4" X="68602.8" Y="100893" />
				<Coordinate Order="5" X="68677.1" Y="100837" />
			</Coordinates>
		</Annotation>
		<Annotation Name="Annotation 46" Type="Polygon" PartOfGroup="metastases" Color="#F4FA58">
			<Coordinates>
				<Coordinate Order="0" X="70286.1" Y="100541" />
				<Coordinate Order="1" X="70196" Y="100568" />
				<Coordinate Order="2" X="70178" Y="100670" />
				<Coordinate Order="3" X="70265.8" Y="100710" />
				<Coordinate Order="4" X="70335.7" Y="100636" />
				<Coordinate Order="5" X="70310.9" Y="100553" />
			</Coordinates>
		</Annotation>
		<Annotation Name="Annotation 47" Type="Polygon" PartOfGroup="metastases" Color="#F4FA58">
			<Coordinates>
				<Coordinate Order="0" X="70324.4" Y="100715" />
				<Coordinate Order="1" X="70243.3" Y="100794" />
				<Coordinate Order="2" X="70196" Y="100879" />
				<Coordinate Order="3" X="70164.4" Y="100976" />
				<Coordinate Order="4" X="70227.5" Y="101046" />
				<Coordinate Order="5" X="70317.7" Y="101030" />
				<Coordinate Order="6" X="70380.8" Y="100956" />
				<Coordinate Order="7" X="70414.6" Y="100857" />
			</Coordinates>
		</Annotation>
		<Annotation Name="Annotation 48" Type="Polygon" PartOfGroup="metastases" Color="#F4FA58">
			<Coordinates>
				<Coordinate Order="0" X="67246.2" Y="100571" />
				<Coordinate Order="1" X="67147" Y="100582" />
				<Coordinate Order="2" X="67092.9" Y="100690" />
				<Coordinate Order="3" X="67097.4" Y="100803" />
				<Coordinate Order="4" X="67171.8" Y="100879" />
				<Coordinate Order="5" X="67271" Y="100855" />
				<Coordinate Order="6" X="67304.8" Y="100740" />
				<Coordinate Order="7" X="67280" Y="100652" />
				<Coordinate Order="8" X="67275.5" Y="100577" />
			</Coordinates>
		</Annotation>
		<Annotation Name="Annotation 49" Type="Polygon" PartOfGroup="metastases" Color="#F4FA58">
			<Coordinates>
				<Coordinate Order="0" X="67178.6" Y="100422" />
				<Coordinate Order="1" X="67083.9" Y="100420" />
				<Coordinate Order="2" X="66966.7" Y="100440" />
				<Coordinate Order="3" X="66874.4" Y="100487" />
				<Coordinate Order="4" X="66811.3" Y="100553" />
				<Coordinate Order="5" X="66881.1" Y="100638" />
				<Coordinate Order="6" X="66978" Y="100623" />
				<Coordinate Order="7" X="67081.7" Y="100586" />
				<Coordinate Order="8" X="67180.8" Y="100530" />
			</Coordinates>
		</Annotation>
		<Annotation Name="Annotation 50" Type="Polygon" PartOfGroup="metastases" Color="#F4FA58">
			<Coordinates>
				<Coordinate Order="0" X="66608.4" Y="100327" />
				<Coordinate Order="1" X="66507" Y="100280" />
				<Coordinate Order="2" X="66423.7" Y="100332" />
				<Coordinate Order="3" X="66437.2" Y="100433" />
				<Coordinate Order="4" X="66538.6" Y="100485" />
				<Coordinate Order="5" X="66631" Y="100499" />
				<Coordinate Order="6" X="66687.3" Y="100402" />
			</Coordinates>
		</Annotation>
		<Annotation Name="Annotation 51" Type="Polygon" PartOfGroup="metastases" Color="#F4FA58">
			<Coordinates>
				<Coordinate Order="0" X="66096.9" Y="100055" />
				<Coordinate Order="1" X="65986.5" Y="100055" />
				<Coordinate Order="2" X="65896.3" Y="100109" />
				<Coordinate Order="3" X="65934.6" Y="100192" />
				<Coordinate Order="4" X="66027" Y="100246" />
				<Coordinate Order="5" X="66135.2" Y="100226" />
				<Coordinate Order="6" X="66196.1" Y="100149" />
			</Coordinates>
		</Annotation>
		<Annotation Name="Annotation 52" Type="Polygon" PartOfGroup="metastases" Color="#F4FA58">
			<Coordinates>
				<Coordinate Order="0" X="66320" Y="100095" />
				<Coordinate Order="1" X="66272.7" Y="100181" />
				<Coordinate Order="2" X="66299.7" Y="100300" />
				<Coordinate Order="3" X="66410.1" Y="100298" />
				<Coordinate Order="4" X="66434.9" Y="100201" />
			</Coordinates>
		</Annotation>
		<Annotation Name="Annotation 53" Type="Polygon" PartOfGroup="metastases" Color="#F4FA58">
			<Coordinates>
				<Coordinate Order="0" X="65335.2" Y="100149" />
				<Coordinate Order="1" X="65213.5" Y="100154" />
				<Coordinate Order="2" X="65116.6" Y="100197" />
				<Coordinate Order="3" X="65082.8" Y="100289" />
				<Coordinate Order="4" X="65164" Y="100348" />
				<Coordinate Order="5" X="65283.4" Y="100332" />
				<Coordinate Order="6" X="65375.8" Y="100298" />
				<Coordinate Order="7" X="65447.9" Y="100228" />
			</Coordinates>
		</Annotation>
		<Annotation Name="Annotation 54" Type="Polygon" PartOfGroup="metastases" Color="#F4FA58">
			<Coordinates>
				<Coordinate Order="0" X="69291.9" Y="112187" />
				<Coordinate Order="1" X="69184.3" Y="112213" />
				<Coordinate Order="2" X="69194.6" Y="112321" />
				<Coordinate Order="3" X="69193.8" Y="112428" />
				<Coordinate Order="4" X="69228.5" Y="112521" />
				<Coordinate Order="5" X="69294" Y="112443" />
				<Coordinate Order="6" X="69308.9" Y="112315" />
			</Coordinates>
		</Annotation>
		<Annotation Name="Annotation 55" Type="Polygon" PartOfGroup="metastases" Color="#F4FA58">
			<Coordinates>
				<Coordinate Order="0" X="69276.2" Y="112668" />
				<Coordinate Order="1" X="69239.4" Y="112666" />
				<Coordinate Order="2" X="69200.9" Y="112679" />
				<Coordinate Order="3" X="69187.7" Y="112717" />
				<Coordinate Order="4" X="69185.1" Y="112755" />
				<Coordinate Order="5" X="69206.1" Y="112792" />
				<Coordinate Order="6" X="69243.8" Y="112803" />
				<Coordinate Order="7" X="69276.2" Y="112789" />
				<Coordinate Order="8" X="69300.7" Y="112762" />
				<Coordinate Order="9" X="69316.5" Y="112731" />
			</Coordinates>
		</Annotation>
		<Annotation Name="Annotation 56" Type="Polygon" PartOfGroup="metastases" Color="#F4FA58">
			<Coordinates>
				<Coordinate Order="0" X="69193" Y="110709" />
				<Coordinate Order="1" X="69153.6" Y="110711" />
				<Coordinate Order="2" X="69124.7" Y="110732" />
				<Coordinate Order="3" X="69122.9" Y="110773" />
				<Coordinate Order="4" X="69153.6" Y="110817" />
				<Coordinate Order="5" X="69181.6" Y="110842" />
				<Coordinate Order="6" X="69233.3" Y="110845" />
				<Coordinate Order="7" X="69255.2" Y="110803" />
				<Coordinate Order="8" X="69246.4" Y="110759" />
			</Coordinates>
		</Annotation>
		<Annotation Name="Annotation 57" Type="Polygon" PartOfGroup="metastases" Color="#F4FA58">
			<Coordinates>
				<Coordinate Order="0" X="70649.4" Y="61403.3" />
				<Coordinate Order="1" X="70601.1" Y="61439.6" />
				<Coordinate Order="2" X="70637.4" Y="61486.6" />
				<Coordinate Order="3" X="70689.7" Y="61465.1" />
			</Coordinates>
		</Annotation>
		<Annotation Name="Annotation 58" Type="Polygon" PartOfGroup="metastases" Color="#F4FA58">
			<Coordinates>
				<Coordinate Order="0" X="70450.6" Y="61416.8" />
				<Coordinate Order="1" X="70400.9" Y="61445" />
				<Coordinate Order="2" X="70445.3" Y="61481.3" />
			</Coordinates>
		</Annotation>
		<Annotation Name="Annotation 59" Type="Polygon" PartOfGroup="metastases" Color="#F4FA58">
			<Coordinates>
				<Coordinate Order="0" X="71225.7" Y="61982.3" />
				<Coordinate Order="1" X="71174.7" Y="62010.5" />
				<Coordinate Order="2" X="71142.4" Y="62060.2" />
				<Coordinate Order="3" X="71143.8" Y="62118" />
				<Coordinate Order="4" X="71150.5" Y="62183.8" />
				<Coordinate Order="5" X="71151.8" Y="62237.5" />
				<Coordinate Order="6" X="71163.9" Y="62289.9" />
				<Coordinate Order="7" X="71213.6" Y="62233.5" />
				<Coordinate Order="8" X="71223" Y="62178.4" />
				<Coordinate Order="9" X="71224.4" Y="62115.3" />
				<Coordinate Order="10" X="71225.7" Y="62050.8" />
			</Coordinates>
		</Annotation>
		<Annotation Name="Annotation 60" Type="Polygon" PartOfGroup="metastases" Color="#F4FA58">
			<Coordinates>
				<Coordinate Order="0" X="70399.6" Y="62054.9" />
				<Coordinate Order="1" X="70335.1" Y="62032" />
				<Coordinate Order="2" X="70281.4" Y="62052.2" />
				<Coordinate Order="3" X="70241.1" Y="62097.8" />
				<Coordinate Order="4" X="70233" Y="62167.7" />
				<Coordinate Order="5" X="70277.3" Y="62220.1" />
				<Coordinate Order="6" X="70336.4" Y="62228.1" />
				<Coordinate Order="7" X="70391.5" Y="62210.7" />
				<Coordinate Order="8" X="70430.5" Y="62169" />
				<Coordinate Order="9" X="70433.2" Y="62097.8" />
				<Coordinate Order="10" X="70418.4" Y="62054.9" />
				<Coordinate Order="11" X="70418.4" Y="62054.9" />
			</Coordinates>
		</Annotation>
		<Annotation Name="Annotation 61" Type="Polygon" PartOfGroup="metastases" Color="#F4FA58">
			<Coordinates>
				<Coordinate Order="0" X="69385.4" Y="106902" />
				<Coordinate Order="1" X="69334.3" Y="106919" />
				<Coordinate Order="2" X="69343.7" Y="106976" />
				<Coordinate Order="3" X="69397.5" Y="107007" />
				<Coordinate Order="4" X="69459.3" Y="106978" />
				<Coordinate Order="5" X="69461.9" Y="106925" />
				<Coordinate Order="6" X="69402.8" Y="106907" />
			</Coordinates>
		</Annotation>
		<Annotation Name="Annotation 62" Type="Polygon" PartOfGroup="metastases" Color="#F4FA58">
			<Coordinates>
				<Coordinate Order="0" X="68338.9" Y="111626" />
				<Coordinate Order="1" X="68283.8" Y="111622" />
				<Coordinate Order="2" X="68227.4" Y="111637" />
				<Coordinate Order="3" X="68201.9" Y="111688" />
				<Coordinate Order="4" X="68239.5" Y="111728" />
				<Coordinate Order="5" X="68301.3" Y="111730" />
				<Coordinate Order="6" X="68357.7" Y="111701" />
			</Coordinates>
		</Annotation>
		<Annotation Name="Annotation 63" Type="Polygon" PartOfGroup="metastases" Color="#F4FA58">
			<Coordinates>
				<Coordinate Order="0" X="67867.4" Y="111766" />
				<Coordinate Order="1" X="67808.3" Y="111775" />
				<Coordinate Order="2" X="67760" Y="111810" />
				<Coordinate Order="3" X="67780.1" Y="111868" />
				<Coordinate Order="4" X="67856.7" Y="111857" />
				<Coordinate Order="5" X="67911.8" Y="111833" />
			</Coordinates>
		</Annotation>
		<Annotation Name="Annotation 68" Type="Polygon" PartOfGroup="metastases" Color="#F4FA58">
			<Coordinates>
				<Coordinate Order="0" X="77376.5" Y="67232.4" />
				<Coordinate Order="1" X="77238.7" Y="67269" />
				<Coordinate Order="2" X="77200" Y="67413.3" />
				<Coordinate Order="3" X="77219.3" Y="67488.6" />
				<Coordinate Order="4" X="77333.4" Y="67536" />
				<Coordinate Order="5" X="77398" Y="67490.8" />
				<Coordinate Order="6" X="77445.4" Y="67415.4" />
				<Coordinate Order="7" X="77469.1" Y="67335.8" />
				<Coordinate Order="8" X="77406.6" Y="67247.5" />
			</Coordinates>
		</Annotation>
		<Annotation Name="Annotation 69" Type="Polygon" PartOfGroup="metastases" Color="#F4FA58">
			<Coordinates>
				<Coordinate Order="0" X="77473.4" Y="66939.6" />
				<Coordinate Order="1" X="77402.3" Y="66989.2" />
				<Coordinate Order="2" X="77415.2" Y="67077.4" />
				<Coordinate Order="3" X="77503.5" Y="67081.7" />
				<Coordinate Order="4" X="77535.8" Y="66999.9" />
			</Coordinates>
		</Annotation>
		<Annotation Name="Annotation 70" Type="Polygon" PartOfGroup="normal" Color="#F4FA58">
			<Coordinates>
				<Coordinate Order="0" X="76373" Y="67066.7" />
				<Coordinate Order="1" X="76302.6" Y="67021.7" />
				<Coordinate Order="2" X="76222.3" Y="67009.9" />
				<Coordinate Order="3" X="76142" Y="67031.5" />
				<Coordinate Order="4" X="76065.7" Y="67062.8" />
				<Coordinate Order="5" X="76012.8" Y="67123.5" />
				<Coordinate Order="6" X="75977.6" Y="67199.8" />
				<Coordinate Order="7" X="75981.5" Y="67278.1" />
				<Coordinate Order="8" X="76012.8" Y="67352.5" />
				<Coordinate Order="9" X="76052" Y="67423" />
				<Coordinate Order="10" X="76097" Y="67493.5" />
				<Coordinate Order="11" X="76147.9" Y="67556.1" />
				<Coordinate Order="12" X="76183.1" Y="67626.6" />
				<Coordinate Order="13" X="76245.8" Y="67675.5" />
				<Coordinate Order="14" X="76326.1" Y="67695.1" />
				<Coordinate Order="15" X="76408.3" Y="67699" />
				<Coordinate Order="16" X="76472.9" Y="67650.1" />
				<Coordinate Order="17" X="76537.5" Y="67603.1" />
				<Coordinate Order="18" X="76570.8" Y="67530.6" />
				<Coordinate Order="19" X="76562.9" Y="67452.3" />
				<Coordinate Order="20" X="76533.6" Y="67372.1" />
				<Coordinate Order="21" X="76500.3" Y="67297.7" />
				<Coordinate Order="22" X="76472.9" Y="67221.3" />
				<Coordinate Order="23" X="76478.7" Y="67143" />
				<Coordinate Order="24" X="76435.7" Y="67076.5" />
			</Coordinates>
		</Annotation>
	</Annotations>
	<AnnotationGroups>
		<Group Name="metastases" PartOfGroup="None" Color="#ff0000">
			<Attributes />
		</Group>
		<Group Name="normal" PartOfGroup="None" Color="#00ff00">
			<Attributes />
		</Group>
	</AnnotationGroups>
</ASAP_Annotations>
