<?xml version="1.0"?>
<ASAP_Annotations>
	<Annotations>
		<Annotation Name="Annotation 0" Type="Polygon" PartOfGroup="metastases" Color="#F4FA58">
			<Coordinates>
				<Coordinate Order="0" X="73531.7" Y="31501" />
				<Coordinate Order="1" X="73473.8" Y="31498.2" />
				<Coordinate Order="2" X="73407.7" Y="31512" />
				<Coordinate Order="3" X="73338.7" Y="31543.7" />
				<Coordinate Order="4" X="73283.6" Y="31585.1" />
				<Coordinate Order="5" X="73224.4" Y="31611.2" />
				<Coordinate Order="6" X="73165.1" Y="31636" />
				<Coordinate Order="7" X="73121" Y="31670.5" />
				<Coordinate Order="8" X="73072.7" Y="31718.7" />
				<Coordinate Order="9" X="73032.8" Y="31762.8" />
				<Coordinate Order="10" X="72985.9" Y="31801.4" />
				<Coordinate Order="11" X="72948.7" Y="31844.2" />
				<Coordinate Order="12" X="72910.1" Y="31899.3" />
				<Coordinate Order="13" X="72878.4" Y="31951.7" />
				<Coordinate Order="14" X="72837.1" Y="31994.4" />
				<Coordinate Order="15" X="72802.6" Y="32042.6" />
				<Coordinate Order="16" X="72793" Y="32097.8" />
				<Coordinate Order="17" X="72806.7" Y="32157" />
				<Coordinate Order="18" X="72859.1" Y="32174.9" />
				<Coordinate Order="19" X="72919.8" Y="32174.9" />
				<Coordinate Order="20" X="72977.6" Y="32155.6" />
				<Coordinate Order="21" X="73028.6" Y="32117.1" />
				<Coordinate Order="22" X="73085.1" Y="32089.5" />
				<Coordinate Order="23" X="73130.6" Y="32057.8" />
				<Coordinate Order="24" X="73177.5" Y="32010.9" />
				<Coordinate Order="25" X="73235.4" Y="31966.8" />
				<Coordinate Order="26" X="73286.4" Y="31940.6" />
				<Coordinate Order="27" X="73330.5" Y="31902" />
				<Coordinate Order="28" X="73380.1" Y="31863.5" />
				<Coordinate Order="29" X="73421.4" Y="31819.4" />
				<Coordinate Order="30" X="73454.5" Y="31767" />
				<Coordinate Order="31" X="73435.2" Y="31823.5" />
				<Coordinate Order="32" X="73410.4" Y="31881.4" />
				<Coordinate Order="33" X="73417.3" Y="31940.6" />
				<Coordinate Order="34" X="73457.3" Y="31984.7" />
				<Coordinate Order="35" X="73522" Y="31994.4" />
				<Coordinate Order="36" X="73581.3" Y="31993" />
				<Coordinate Order="37" X="73637.8" Y="31969.6" />
				<Coordinate Order="38" X="73694.3" Y="31943.4" />
				<Coordinate Order="39" X="73755" Y="31917.2" />
				<Coordinate Order="40" X="73810.1" Y="31897.9" />
				<Coordinate Order="41" X="73859.7" Y="31867.6" />
				<Coordinate Order="42" X="73924.5" Y="31851.1" />
				<Coordinate Order="43" X="73982.4" Y="31846.9" />
				<Coordinate Order="44" X="74034.8" Y="31827.6" />
				<Coordinate Order="45" X="74091.3" Y="31804.2" />
				<Coordinate Order="46" X="74127.1" Y="31753.2" />
				<Coordinate Order="47" X="74135.4" Y="31698.1" />
				<Coordinate Order="48" X="74114.7" Y="31636" />
				<Coordinate Order="49" X="74058.2" Y="31623.6" />
				<Coordinate Order="50" X="73996.2" Y="31620.9" />
				<Coordinate Order="51" X="73927.3" Y="31619.5" />
				<Coordinate Order="52" X="73870.7" Y="31616.8" />
				<Coordinate Order="53" X="73825.3" Y="31575.4" />
				<Coordinate Order="54" X="73764.6" Y="31586.4" />
				<Coordinate Order="55" X="73734.3" Y="31636" />
				<Coordinate Order="56" X="73687.4" Y="31669.1" />
				<Coordinate Order="57" X="73629.5" Y="31676" />
				<Coordinate Order="58" X="73596.5" Y="31630.5" />
				<Coordinate Order="59" X="73600.6" Y="31572.7" />
				<Coordinate Order="60" X="73563.4" Y="31529.9" />
			</Coordinates>
		</Annotation>
		<Annotation Name="Annotation 1" Type="Polygon" PartOfGroup="metastases" Color="#F4FA58">
			<Coordinates>
				<Coordinate Order="0" X="73345.6" Y="32154.3" />
				<Coordinate Order="1" X="73287.8" Y="32144.6" />
				<Coordinate Order="2" X="73229.9" Y="32151.5" />
				<Coordinate Order="3" X="73170.6" Y="32170.8" />
				<Coordinate Order="4" X="73112.7" Y="32197" />
				<Coordinate Order="5" X="73057.6" Y="32213.5" />
				<Coordinate Order="6" X="72998.3" Y="32260.4" />
				<Coordinate Order="7" X="72963.9" Y="32305.9" />
				<Coordinate Order="8" X="72919.8" Y="32341.7" />
				<Coordinate Order="9" X="72885.3" Y="32391.3" />
				<Coordinate Order="10" X="72844" Y="32436.8" />
				<Coordinate Order="11" X="72804" Y="32478.2" />
				<Coordinate Order="12" X="72746.1" Y="32493.3" />
				<Coordinate Order="13" X="72758.5" Y="32428.5" />
				<Coordinate Order="14" X="72769.5" Y="32367.9" />
				<Coordinate Order="15" X="72726.8" Y="32325.2" />
				<Coordinate Order="16" X="72670.3" Y="32329.3" />
				<Coordinate Order="17" X="72609.7" Y="32359.6" />
				<Coordinate Order="18" X="72551.8" Y="32412" />
				<Coordinate Order="19" X="72514.6" Y="32463" />
				<Coordinate Order="20" X="72473.2" Y="32519.5" />
				<Coordinate Order="21" X="72434.6" Y="32570.5" />
				<Coordinate Order="22" X="72420.8" Y="32624.2" />
				<Coordinate Order="23" X="72416.7" Y="32679.4" />
				<Coordinate Order="24" X="72470.5" Y="32705.6" />
				<Coordinate Order="25" X="72540.7" Y="32704.2" />
				<Coordinate Order="26" X="72584.8" Y="32742.8" />
				<Coordinate Order="27" X="72576.6" Y="32803.4" />
				<Coordinate Order="28" X="72549" Y="32853" />
				<Coordinate Order="29" X="72583.5" Y="32898.5" />
				<Coordinate Order="30" X="72645.5" Y="32898.5" />
				<Coordinate Order="31" X="72708.9" Y="32890.2" />
				<Coordinate Order="32" X="72777.8" Y="32853" />
				<Coordinate Order="33" X="72842.6" Y="32835.1" />
				<Coordinate Order="34" X="72896.3" Y="32818.6" />
				<Coordinate Order="35" X="72952.8" Y="32817.2" />
				<Coordinate Order="36" X="73017.6" Y="32807.6" />
				<Coordinate Order="37" X="73079.6" Y="32795.1" />
				<Coordinate Order="38" X="73141.7" Y="32786.9" />
				<Coordinate Order="39" X="73202.3" Y="32775.9" />
				<Coordinate Order="40" X="73261.6" Y="32763.4" />
				<Coordinate Order="41" X="73318.1" Y="32742.8" />
				<Coordinate Order="42" X="73369.1" Y="32704.2" />
				<Coordinate Order="43" X="73410.4" Y="32662.8" />
				<Coordinate Order="44" X="73442.1" Y="32613.2" />
				<Coordinate Order="45" X="73450.4" Y="32554" />
				<Coordinate Order="46" X="73432.5" Y="32500.2" />
				<Coordinate Order="47" X="73455.9" Y="32445.1" />
				<Coordinate Order="48" X="73493.1" Y="32399.6" />
				<Coordinate Order="49" X="73513.8" Y="32334.8" />
				<Coordinate Order="50" X="73497.2" Y="32267.3" />
				<Coordinate Order="51" X="73465.5" Y="32216.3" />
				<Coordinate Order="52" X="73415.9" Y="32177.7" />
			</Coordinates>
		</Annotation>
	</Annotations>
	<AnnotationGroups>
		<Group Name="metastases" PartOfGroup="None" Color="#ff0000">
			<Attributes />
		</Group>
	</AnnotationGroups>
</ASAP_Annotations>
