<?xml version="1.0"?>
<ASAP_Annotations>
	<Annotations>
		<Annotation Name="Annotation 0" Type="Polygon" PartOfGroup="metastases" Color="#F4FA58">
			<Coordinates>
				<Coordinate Order="0" X="73937.7" Y="26322.7" />
				<Coordinate Order="1" X="73962.1" Y="26301.4" />
				<Coordinate Order="2" X="73987.9" Y="26295.4" />
				<Coordinate Order="3" X="74048.8" Y="26284.7" />
				<Coordinate Order="4" X="74109.7" Y="26287.7" />
				<Coordinate Order="5" X="74153.8" Y="26301.4" />
				<Coordinate Order="6" X="74141.6" Y="26339.5" />
				<Coordinate Order="7" X="74113.8" Y="26353.8" />
				<Coordinate Order="8" X="74099" Y="26395.8" />
				<Coordinate Order="9" X="74070.2" Y="26415.8" />
				<Coordinate Order="10" X="74035.1" Y="26415.6" />
				<Coordinate Order="11" X="74001.6" Y="26439.9" />
				<Coordinate Order="12" X="73957.5" Y="26491.6" />
				<Coordinate Order="13" X="73928.6" Y="26538.8" />
				<Coordinate Order="14" X="73870.8" Y="26564.7" />
				<Coordinate Order="15" X="73834.3" Y="26573.8" />
				<Coordinate Order="16" X="73794.7" Y="26564.7" />
				<Coordinate Order="17" X="73782.4" Y="26544.5" />
				<Coordinate Order="18" X="73779.4" Y="26503.8" />
				<Coordinate Order="19" X="73808.4" Y="26447.5" />
				<Coordinate Order="20" X="73826.6" Y="26401.9" />
				<Coordinate Order="21" X="73830.5" Y="26348.6" />
				<Coordinate Order="22" X="73860.1" Y="26338" />
				<Coordinate Order="23" X="73904.2" Y="26328.8" />
			</Coordinates>
		</Annotation>
	</Annotations>
	<AnnotationGroups>
		<Group Name="metastases" PartOfGroup="None" Color="#ff0000">
			<Attributes />
		</Group>
	</AnnotationGroups>
</ASAP_Annotations>
