<?xml version="1.0"?>
<ASAP_Annotations>
	<Annotations>
		<Annotation Name="Annotation 0" Type="Polygon" PartOfGroup="metastases" Color="#F4FA58">
			<Coordinates>
				<Coordinate Order="0" X="96255.9" Y="73858.9" />
				<Coordinate Order="1" X="96230.1" Y="73848.8" />
				<Coordinate Order="2" X="96200.3" Y="73857.6" />
				<Coordinate Order="3" X="96196.9" Y="73887.4" />
				<Coordinate Order="4" X="96207.1" Y="73913.2" />
				<Coordinate Order="5" X="96220.7" Y="73938.9" />
				<Coordinate Order="6" X="96236.9" Y="73961.3" />
				<Coordinate Order="7" X="96253.9" Y="73983.6" />
				<Coordinate Order="8" X="96266.1" Y="74008" />
				<Coordinate Order="9" X="96293.9" Y="74010.7" />
				<Coordinate Order="10" X="96313.5" Y="74052.7" />
				<Coordinate Order="11" X="96340.6" Y="74043.9" />
				<Coordinate Order="12" X="96339.3" Y="74010.7" />
				<Coordinate Order="13" X="96369.1" Y="73976.1" />
				<Coordinate Order="14" X="96329.8" Y="73920.6" />
				<Coordinate Order="15" X="96312.1" Y="73898.9" />
				<Coordinate Order="16" X="96290.5" Y="73880.6" />
			</Coordinates>
		</Annotation>
		<Annotation Name="Annotation 1" Type="Polygon" PartOfGroup="metastases" Color="#F4FA58">
			<Coordinates>
				<Coordinate Order="0" X="96336.5" Y="74068.3" />
				<Coordinate Order="1" X="96308.1" Y="74060.9" />
				<Coordinate Order="2" X="96278.9" Y="74057.5" />
				<Coordinate Order="3" X="96251.2" Y="74060.9" />
				<Coordinate Order="4" X="96240.3" Y="74087.3" />
				<Coordinate Order="5" X="96255.9" Y="74112.4" />
				<Coordinate Order="6" X="96255.9" Y="74141.5" />
				<Coordinate Order="7" X="96255.2" Y="74168.6" />
				<Coordinate Order="8" X="96268.8" Y="74192.3" />
				<Coordinate Order="9" X="96276.2" Y="74219.5" />
				<Coordinate Order="10" X="96275.6" Y="74247.9" />
				<Coordinate Order="11" X="96291.1" Y="74275" />
				<Coordinate Order="12" X="96318.3" Y="74285.9" />
				<Coordinate Order="13" X="96327.7" Y="74258.8" />
				<Coordinate Order="14" X="96323.7" Y="74231.6" />
				<Coordinate Order="15" X="96327.7" Y="74204.5" />
				<Coordinate Order="16" X="96346" Y="74184.2" />
				<Coordinate Order="17" X="96348.7" Y="74157.1" />
				<Coordinate Order="18" X="96356.2" Y="74129.3" />
				<Coordinate Order="19" X="96377.9" Y="74109.7" />
				<Coordinate Order="20" X="96381.9" Y="74080.5" />
				<Coordinate Order="21" X="96358.9" Y="74065.6" />
			</Coordinates>
		</Annotation>
	</Annotations>
	<AnnotationGroups>
		<Group Name="metastases" PartOfGroup="None" Color="#ff0000">
			<Attributes />
		</Group>
	</AnnotationGroups>
</ASAP_Annotations>
