<?xml version="1.0"?>
<ASAP_Annotations>
	<Annotations>
		<Annotation Name="Annotation 1" Type="Polygon" PartOfGroup="metastases" Color="#F4FA58">
			<Coordinates>
				<Coordinate Order="0" X="22730.7" Y="63814.9" />
				<Coordinate Order="1" X="22672.6" Y="63792" />
				<Coordinate Order="2" X="22606.9" Y="63802.7" />
				<Coordinate Order="3" X="22585.5" Y="63871.4" />
				<Coordinate Order="4" X="22569.8" Y="63940.8" />
				<Coordinate Order="5" X="22518.3" Y="63982.8" />
				<Coordinate Order="6" X="22491.2" Y="64027.6" />
				<Coordinate Order="7" X="22400.4" Y="64054.2" />
				<Coordinate Order="8" X="22402.2" Y="64112.8" />
				<Coordinate Order="9" X="22402.2" Y="64175.5" />
				<Coordinate Order="10" X="22376.2" Y="64235" />
				<Coordinate Order="11" X="22335.8" Y="64283.3" />
				<Coordinate Order="12" X="22302.8" Y="64337.7" />
				<Coordinate Order="13" X="22264.4" Y="64394.2" />
				<Coordinate Order="14" X="22196" Y="64410.7" />
				<Coordinate Order="15" X="22127.2" Y="64410.7" />
				<Coordinate Order="16" X="22063" Y="64418.4" />
				<Coordinate Order="17" X="22003.5" Y="64441.3" />
				<Coordinate Order="18" X="21939.3" Y="64471.9" />
				<Coordinate Order="19" X="21881.2" Y="64516.2" />
				<Coordinate Order="20" X="21843" Y="64574.2" />
				<Coordinate Order="21" X="21801.8" Y="64624.6" />
				<Coordinate Order="22" X="21769.7" Y="64681.2" />
				<Coordinate Order="23" X="21726.9" Y="64737.7" />
				<Coordinate Order="24" X="21679.6" Y="64806.4" />
				<Coordinate Order="25" X="21650.5" Y="64869.1" />
				<Coordinate Order="26" X="21624.6" Y="64928.7" />
				<Coordinate Order="27" X="21589.4" Y="64991.3" />
				<Coordinate Order="28" X="21590.9" Y="65055.5" />
				<Coordinate Order="29" X="21610.8" Y="65118.1" />
				<Coordinate Order="30" X="21661.2" Y="65163.9" />
				<Coordinate Order="31" X="21693.3" Y="65226.6" />
				<Coordinate Order="32" X="21694.8" Y="65289.2" />
				<Coordinate Order="33" X="21699.4" Y="65351.9" />
				<Coordinate Order="34" X="21772.8" Y="65356.5" />
				<Coordinate Order="35" X="21843" Y="65344.2" />
				<Coordinate Order="36" X="21905.7" Y="65356.5" />
				<Coordinate Order="37" X="21968.3" Y="65397.7" />
				<Coordinate Order="38" X="22023.3" Y="65428.3" />
				<Coordinate Order="39" X="22132.4" Y="65383.1" />
				<Coordinate Order="40" X="22170" Y="65518.7" />
				<Coordinate Order="41" X="22155.4" Y="65587.7" />
				<Coordinate Order="42" X="22221.9" Y="65604" />
				<Coordinate Order="43" X="22263.2" Y="65556.6" />
				<Coordinate Order="44" X="22270.2" Y="65469.3" />
				<Coordinate Order="45" X="22238.7" Y="65382.6" />
				<Coordinate Order="46" X="22320.7" Y="65339.8" />
				<Coordinate Order="47" X="22364.2" Y="65294" />
				<Coordinate Order="48" X="22401" Y="65254.6" />
				<Coordinate Order="49" X="22464.4" Y="65198" />
				<Coordinate Order="50" X="22499.9" Y="65140.1" />
				<Coordinate Order="51" X="22556.7" Y="65156.3" />
				<Coordinate Order="52" X="22560.2" Y="65121.4" />
				<Coordinate Order="53" X="22527.9" Y="65097.6" />
				<Coordinate Order="54" X="22536.5" Y="65011.5" />
				<Coordinate Order="55" X="22552.7" Y="64932.1" />
				<Coordinate Order="56" X="22596.5" Y="64830.5" />
				<Coordinate Order="57" X="22629.2" Y="64749.9" />
				<Coordinate Order="58" X="22680.7" Y="64650.8" />
				<Coordinate Order="59" X="22705.9" Y="64567.1" />
				<Coordinate Order="60" X="22733" Y="64498.5" />
				<Coordinate Order="61" X="22758.5" Y="64375.9" />
				<Coordinate Order="62" X="22788.9" Y="64313.7" />
				<Coordinate Order="63" X="22832.6" Y="64306.1" />
				<Coordinate Order="64" X="22867.1" Y="64326.8" />
				<Coordinate Order="65" X="22899.9" Y="64339.2" />
				<Coordinate Order="66" X="22909.6" Y="64319.5" />
				<Coordinate Order="67" X="22875.1" Y="64286.1" />
				<Coordinate Order="68" X="22872.1" Y="64226.2" />
				<Coordinate Order="69" X="22895.4" Y="64158.3" />
				<Coordinate Order="70" X="22877.4" Y="64085.3" />
				<Coordinate Order="71" X="22878.9" Y="64024.2" />
				<Coordinate Order="72" X="22898.7" Y="63964.6" />
				<Coordinate Order="73" X="22901.8" Y="63898.9" />
				<Coordinate Order="74" X="22888.1" Y="63839.3" />
				<Coordinate Order="75" X="22823.9" Y="63819.5" />
				<Coordinate Order="76" X="22762.8" Y="63811.8" />
			</Coordinates>
		</Annotation>
		<Annotation Name="Annotation 2" Type="Polygon" PartOfGroup="metastases" Color="#F4FA58">
			<Coordinates>
				<Coordinate Order="0" X="29731.1" Y="155803" />
				<Coordinate Order="1" X="29674.6" Y="155772" />
				<Coordinate Order="2" X="29611.9" Y="155777" />
				<Coordinate Order="3" X="29563" Y="155822" />
				<Coordinate Order="4" X="29514.1" Y="155876" />
				<Coordinate Order="5" X="29463.7" Y="155920" />
				<Coordinate Order="6" X="29407.2" Y="155955" />
				<Coordinate Order="7" X="29365.9" Y="156012" />
				<Coordinate Order="8" X="29315.5" Y="156059" />
				<Coordinate Order="9" X="29293.8" Y="156116" />
				<Coordinate Order="10" X="29238.5" Y="156168" />
				<Coordinate Order="11" X="29210.1" Y="156247" />
				<Coordinate Order="12" X="29106.6" Y="156300" />
				<Coordinate Order="13" X="29048.4" Y="156367" />
				<Coordinate Order="14" X="28967.9" Y="156387" />
				<Coordinate Order="15" X="28895.9" Y="156419" />
				<Coordinate Order="16" X="28922.1" Y="156568" />
				<Coordinate Order="17" X="28859.1" Y="156609" />
				<Coordinate Order="18" X="28796.2" Y="156643" />
				<Coordinate Order="19" X="28750.7" Y="156588" />
				<Coordinate Order="20" X="28737.2" Y="156524" />
				<Coordinate Order="21" X="28738" Y="156453" />
				<Coordinate Order="22" X="28678.4" Y="156478" />
				<Coordinate Order="23" X="28626.5" Y="156511" />
				<Coordinate Order="24" X="28568.4" Y="156562" />
				<Coordinate Order="25" X="28531.8" Y="156615" />
				<Coordinate Order="26" X="28470.7" Y="156658" />
				<Coordinate Order="27" X="28418.7" Y="156693" />
				<Coordinate Order="28" X="28383.6" Y="156747" />
				<Coordinate Order="29" X="28382" Y="156815" />
				<Coordinate Order="30" X="28435.5" Y="156870" />
				<Coordinate Order="31" X="28461.5" Y="156929" />
				<Coordinate Order="32" X="28482.9" Y="156996" />
				<Coordinate Order="33" X="28493.6" Y="157057" />
				<Coordinate Order="34" X="28528.7" Y="157109" />
				<Coordinate Order="35" X="28580.7" Y="157145" />
				<Coordinate Order="36" X="28632.6" Y="157188" />
				<Coordinate Order="37" X="28690.7" Y="157231" />
				<Coordinate Order="38" X="28751.8" Y="157265" />
				<Coordinate Order="39" X="28831.2" Y="157240" />
				<Coordinate Order="40" X="28926" Y="157203" />
				<Coordinate Order="41" X="28990.1" Y="157205" />
				<Coordinate Order="42" X="29048.2" Y="157173" />
				<Coordinate Order="43" X="29124.6" Y="157130" />
				<Coordinate Order="44" X="29176.5" Y="157097" />
				<Coordinate Order="45" X="29233" Y="157068" />
				<Coordinate Order="46" X="29315.8" Y="157033" />
				<Coordinate Order="47" X="29313.6" Y="156936" />
				<Coordinate Order="48" X="29367.1" Y="156908" />
				<Coordinate Order="49" X="29406.8" Y="156853" />
				<Coordinate Order="50" X="29434.3" Y="156803" />
				<Coordinate Order="51" X="29486.6" Y="156843" />
				<Coordinate Order="52" X="29517.2" Y="156773" />
				<Coordinate Order="53" X="29532.2" Y="156699" />
				<Coordinate Order="54" X="29543.2" Y="156645" />
				<Coordinate Order="55" X="29563" Y="156590" />
				<Coordinate Order="56" X="29545.8" Y="156556" />
				<Coordinate Order="57" X="29616.4" Y="156536" />
				<Coordinate Order="58" X="29614.4" Y="156452" />
				<Coordinate Order="59" X="29645.4" Y="156420" />
				<Coordinate Order="60" X="29688.3" Y="156394" />
				<Coordinate Order="61" X="29672.7" Y="156338" />
				<Coordinate Order="62" X="29723.5" Y="156270" />
				<Coordinate Order="63" X="29734.1" Y="156195" />
				<Coordinate Order="64" X="29740.3" Y="156134" />
				<Coordinate Order="65" X="29741.8" Y="156058" />
				<Coordinate Order="66" X="29744.8" Y="155997" />
				<Coordinate Order="67" X="29758.6" Y="155932" />
				<Coordinate Order="68" X="29757.1" Y="155865" />
			</Coordinates>
		</Annotation>
	</Annotations>
	<AnnotationGroups>
		<Group Name="metastases" PartOfGroup="None" Color="#ff0000">
			<Attributes />
		</Group>
	</AnnotationGroups>
</ASAP_Annotations>
