<?xml version="1.0"?>
<ASAP_Annotations>
	<Annotations>
		<Annotation Name="Annotation 0" Type="Polygon" PartOfGroup="metastases" Color="#F4FA58">
			<Coordinates>
				<Coordinate Order="0" X="41728.3" Y="24198.1" />
				<Coordinate Order="1" X="41842.5" Y="24190" />
				<Coordinate Order="2" X="41945.8" Y="24225.3" />
				<Coordinate Order="3" X="42040.9" Y="24287.8" />
				<Coordinate Order="4" X="42127.9" Y="24363.9" />
				<Coordinate Order="5" X="42212.1" Y="24434.6" />
				<Coordinate Order="6" X="42244.8" Y="24540.6" />
				<Coordinate Order="7" X="42261.1" Y="24652.1" />
				<Coordinate Order="8" X="42266.5" Y="24771.7" />
				<Coordinate Order="9" X="42261.1" Y="24894" />
				<Coordinate Order="10" X="42255.6" Y="25002.7" />
				<Coordinate Order="11" X="42165.9" Y="25073.4" />
				<Coordinate Order="12" X="42065.4" Y="25122.3" />
				<Coordinate Order="13" X="41970.2" Y="25152.2" />
				<Coordinate Order="14" X="42081.7" Y="25174" />
				<Coordinate Order="15" X="42187.7" Y="25198.4" />
				<Coordinate Order="16" X="42288.3" Y="25244.7" />
				<Coordinate Order="17" X="42310" Y="25356.1" />
				<Coordinate Order="18" X="42315.4" Y="25464.8" />
				<Coordinate Order="19" X="42342.6" Y="25570.8" />
				<Coordinate Order="20" X="42388.8" Y="25674.1" />
				<Coordinate Order="21" X="42394.3" Y="25717.6" />
				<Coordinate Order="22" X="42402.4" Y="25831.8" />
				<Coordinate Order="23" X="42388.8" Y="25940.5" />
				<Coordinate Order="24" X="42353.5" Y="26043.8" />
				<Coordinate Order="25" X="42331.7" Y="26155.3" />
				<Coordinate Order="26" X="42398.9" Y="26201.1" />
				<Coordinate Order="27" X="42447.8" Y="26210.4" />
				<Coordinate Order="28" X="42465.3" Y="26243.1" />
				<Coordinate Order="29" X="42453.7" Y="26268.7" />
				<Coordinate Order="30" X="42425.7" Y="26276.9" />
				<Coordinate Order="31" X="42375.5" Y="26271.1" />
				<Coordinate Order="32" X="42333.6" Y="26292" />
				<Coordinate Order="33" X="42312.6" Y="26335.2" />
				<Coordinate Order="34" X="42304.4" Y="26381.8" />
				<Coordinate Order="35" X="42298.6" Y="26429.6" />
				<Coordinate Order="36" X="42300.9" Y="26477.4" />
				<Coordinate Order="37" X="42292.8" Y="26525.2" />
				<Coordinate Order="38" X="42282.3" Y="26570.7" />
				<Coordinate Order="39" X="42267.1" Y="26615" />
				<Coordinate Order="40" X="42236.8" Y="26653.5" />
				<Coordinate Order="41" X="42196" Y="26678" />
				<Coordinate Order="42" X="42152.9" Y="26702.4" />
				<Coordinate Order="43" X="42105.1" Y="26719.9" />
				<Coordinate Order="44" X="42058.4" Y="26728.1" />
				<Coordinate Order="45" X="41977.4" Y="26815.9" />
				<Coordinate Order="46" X="41935.6" Y="26887.6" />
				<Coordinate Order="47" X="41891.8" Y="26959.3" />
				<Coordinate Order="48" X="41840" Y="27027" />
				<Coordinate Order="49" X="41786.3" Y="27092.8" />
				<Coordinate Order="50" X="41738.5" Y="27160.5" />
				<Coordinate Order="51" X="41698.6" Y="27232.2" />
				<Coordinate Order="52" X="41642.9" Y="27289.9" />
				<Coordinate Order="53" X="41565.2" Y="27309.8" />
				<Coordinate Order="54" X="41485.5" Y="27317.8" />
				<Coordinate Order="55" X="41429.8" Y="27260.1" />
				<Coordinate Order="56" X="41346.1" Y="27262" />
				<Coordinate Order="57" X="41276.4" Y="27303.9" />
				<Coordinate Order="58" X="41210.7" Y="27353.7" />
				<Coordinate Order="59" X="41133" Y="27377.6" />
				<Coordinate Order="60" X="41059.4" Y="27343.7" />
				<Coordinate Order="61" X="41077.3" Y="27264" />
				<Coordinate Order="62" X="41087.2" Y="27184.4" />
				<Coordinate Order="63" X="41051.4" Y="27112.7" />
				<Coordinate Order="64" X="40983.7" Y="27068.9" />
				<Coordinate Order="65" X="40921.9" Y="27120.6" />
				<Coordinate Order="66" X="40896.1" Y="27198.3" />
				<Coordinate Order="67" X="40874.1" Y="27276" />
				<Coordinate Order="68" X="40836.3" Y="27317.8" />
				<Coordinate Order="69" X="40782.5" Y="27379.5" />
				<Coordinate Order="70" X="40718.8" Y="27431.3" />
				<Coordinate Order="71" X="40637.2" Y="27429.3" />
				<Coordinate Order="72" X="40597.3" Y="27351.7" />
				<Coordinate Order="73" X="40583.4" Y="27270" />
				<Coordinate Order="74" X="40581.4" Y="27190.3" />
				<Coordinate Order="75" X="40589.4" Y="27108.7" />
				<Coordinate Order="76" X="40603.3" Y="27027" />
				<Coordinate Order="77" X="40621.2" Y="26947.4" />
				<Coordinate Order="78" X="40599.3" Y="26861.7" />
				<Coordinate Order="79" X="40621.2" Y="26784.1" />
				<Coordinate Order="80" X="40647.1" Y="26706.4" />
				<Coordinate Order="81" X="40686.9" Y="26632.7" />
				<Coordinate Order="82" X="40712.8" Y="26557" />
				<Coordinate Order="83" X="40736.7" Y="26479.4" />
				<Coordinate Order="84" X="40734.7" Y="26435.6" />
				<Coordinate Order="85" X="40748.7" Y="26353.9" />
				<Coordinate Order="86" X="40774.6" Y="26276.2" />
				<Coordinate Order="87" X="40828.3" Y="26216.5" />
				<Coordinate Order="88" X="40822.4" Y="26136.8" />
				<Coordinate Order="89" X="40814.4" Y="26057.2" />
				<Coordinate Order="90" X="40846.3" Y="25981.5" />
				<Coordinate Order="91" X="40882.1" Y="25905.8" />
				<Coordinate Order="92" X="40923.9" Y="25836.1" />
				<Coordinate Order="93" X="40977.7" Y="25774.4" />
				<Coordinate Order="94" X="41007.6" Y="25698.7" />
				<Coordinate Order="95" X="41023.5" Y="25617" />
				<Coordinate Order="96" X="41021.5" Y="25537.4" />
				<Coordinate Order="97" X="41033.5" Y="25483.6" />
				<Coordinate Order="98" X="41039.4" Y="25402" />
				<Coordinate Order="99" X="41057.4" Y="25318.3" />
				<Coordinate Order="100" X="41073.3" Y="25238.6" />
				<Coordinate Order="101" X="41113.1" Y="25168.9" />
				<Coordinate Order="102" X="41154.9" Y="25099.2" />
				<Coordinate Order="103" X="41194.8" Y="25025.6" />
				<Coordinate Order="104" X="41226.6" Y="24947.9" />
				<Coordinate Order="105" X="41258.5" Y="24870.2" />
				<Coordinate Order="106" X="41290.4" Y="24792.5" />
				<Coordinate Order="107" X="41328.2" Y="24718.9" />
				<Coordinate Order="108" X="41356.1" Y="24657.1" />
				<Coordinate Order="109" X="41380" Y="24577.5" />
				<Coordinate Order="110" X="41415.8" Y="24503.8" />
				<Coordinate Order="111" X="41455.7" Y="24432.1" />
				<Coordinate Order="112" X="41499.5" Y="24360.4" />
				<Coordinate Order="113" X="41543.3" Y="24290.7" />
				<Coordinate Order="114" X="41593.1" Y="24227" />
				<Coordinate Order="115" X="41664.8" Y="24191.1" />
			</Coordinates>
		</Annotation>
		<Annotation Name="Annotation 1" Type="Polygon" PartOfGroup="metastases" Color="#F4FA58">
			<Coordinates>
				<Coordinate Order="0" X="43271.6" Y="21886.4" />
				<Coordinate Order="1" X="43204.9" Y="21955.4" />
				<Coordinate Order="2" X="43138.3" Y="22022.1" />
				<Coordinate Order="3" X="43062.4" Y="22086.5" />
				<Coordinate Order="4" X="43002.6" Y="22157.7" />
				<Coordinate Order="5" X="42942.8" Y="22229" />
				<Coordinate Order="6" X="42908.3" Y="22318.7" />
				<Coordinate Order="7" X="42867" Y="22401.5" />
				<Coordinate Order="8" X="42848.6" Y="22498" />
				<Coordinate Order="9" X="42839.4" Y="22590" />
				<Coordinate Order="10" X="42832.5" Y="22682" />
				<Coordinate Order="11" X="42850.9" Y="22776.2" />
				<Coordinate Order="12" X="42896.8" Y="22859" />
				<Coordinate Order="13" X="42929" Y="22946.4" />
				<Coordinate Order="14" X="42995.7" Y="23017.7" />
				<Coordinate Order="15" X="43078.5" Y="23059" />
				<Coordinate Order="16" X="43179.6" Y="23079.7" />
				<Coordinate Order="17" X="43271.6" Y="23093.5" />
				<Coordinate Order="18" X="43359" Y="23125.7" />
				<Coordinate Order="19" X="43453.3" Y="23144.1" />
				<Coordinate Order="20" X="43540.6" Y="23114.2" />
				<Coordinate Order="21" X="43621.1" Y="23068.2" />
				<Coordinate Order="22" X="43699.3" Y="23017.7" />
				<Coordinate Order="23" X="43772.9" Y="22955.6" />
				<Coordinate Order="24" X="43830.3" Y="22882" />
				<Coordinate Order="25" X="43883.2" Y="22806.1" />
				<Coordinate Order="26" X="43936.1" Y="22725.6" />
				<Coordinate Order="27" X="43966" Y="22631.4" />
				<Coordinate Order="28" X="43982.1" Y="22539.4" />
				<Coordinate Order="29" X="43986.7" Y="22447.4" />
				<Coordinate Order="30" X="43975.2" Y="22355.5" />
				<Coordinate Order="31" X="43947.6" Y="22265.8" />
				<Coordinate Order="32" X="43906.2" Y="22180.7" />
				<Coordinate Order="33" X="43864.8" Y="22095.7" />
				<Coordinate Order="34" X="43839.5" Y="22006" />
				<Coordinate Order="35" X="43788.9" Y="21925.5" />
				<Coordinate Order="36" X="43701.6" Y="21888.7" />
				<Coordinate Order="37" X="43637.2" Y="21822" />
				<Coordinate Order="38" X="43607.3" Y="21734.7" />
				<Coordinate Order="39" X="43515.3" Y="21737" />
				<Coordinate Order="40" X="43425.7" Y="21762.3" />
				<Coordinate Order="41" X="43340.6" Y="21799.1" />
			</Coordinates>
		</Annotation>
	</Annotations>
	<AnnotationGroups>
		<Group Name="metastases" PartOfGroup="None" Color="#ff0000">
			<Attributes />
		</Group>
	</AnnotationGroups>
</ASAP_Annotations>
